"rab.all","rab.win.RAG1-/-","rab.win.Y","diff.btw","diff.win","effect","overlap","we.ep","we.eBH","wi.ep","wi.eBH","Pathway"
7.1289891015954,9.145914833371,6.12181248252503,-3.06658413816078,1.28899834980192,-2.23339061274817,0.000182733348482992,6.98499621354549e-06,0.00153305202329762,0,0,"PWY.7315.dTDP.N.acetylthomosamine.biosynthesis"
5.66495052105061,7.31272276129821,4.72204302053489,-2.44437996149193,0.865874828187992,-2.51908015990563,0.0416682881263656,1.31729315653046e-05,0.00184357080959856,0.000693125808015511,0.00420885270171961,"PWY.6608.guanosine.nucleotides.degradation.III"
6.65406702198376,8.4101515704539,6.38528402625317,-2.10677221270381,0.832137506935894,-2.57477798455244,0.000182733348482992,1.40410050532089e-05,0.00211662367641599,0,0,"RHAMCAT.PWY.L.rhamnose.degradation.I"
9.31949978786032,10.4217647548134,8.76309713316369,-1.61077006753377,0.638843021962145,-2.51557489367538,0.000182733348482992,7.6388504116778e-05,0.00726140168652101,0,0,"PWY.6527.stachyose.degradation"
9.90394081657242,11.0206680998001,9.43200595990304,-1.99051184401269,1.18605367341543,-1.48315911795034,0.0233795562677935,0.000265030268353101,0.0151966401803572,0.000337093972204265,0.00283168010941804,"PWY.7400.L.arginine.biosynthesis.IV..archaebacteria."
10.4305865856802,11.7391117171089,9.95872862456052,-2.34851691938454,1.52835128203472,-1.38680826557232,0.018232966961315,0.000273791086381503,0.0153127151498455,0.000209579023917258,0.00235314808947576,"PWY.7111.pyruvate.fermentation.to.isobutanol..engineered."
9.90407118295321,11.0218837363785,9.44291708086644,-1.58193554196006,0.900733457174367,-1.71736219625491,0.0311710127324759,0.000335915022528782,0.0162238660504913,0.000328256302521007,0.00279618560676361,"ARGSYN.PWY.L.arginine.biosynthesis.I..via.L.ornithine."
9.86849339543926,10.9800899944764,9.33522547776704,-1.58186260115256,0.924402535062,-1.64133724980276,0.0311710127324759,0.000350130688239149,0.0162767317375985,0.000407795329670328,0.00310415946742736,"ARGSYNBSUB.PWY.L.arginine.biosynthesis.II..acetyl.cycle."
10.1422881719106,11.1348930155773,9.64115981618549,-1.4411963656887,0.90437417080167,-1.53602305430089,0.0468764327510706,0.000449618966071036,0.0172492533748928,0.000819378232062053,0.00464977823246041,"PWY0.1296.purine.ribonucleosides.degradation"
8.53593105267341,10.0044799229356,8.27779967307969,-1.64429101540214,0.815396026236006,-1.96635944573811,0.0259766584300423,0.00045587376535519,0.0177022896029104,0.00025881746929541,0.00243989401638085,"CALVIN.PWY.Calvin.Benson.Bassham.cycle"
10.4309205577999,11.7374906116953,9.96398827154388,-1.93250754289084,1.14319323774986,-1.74467981567654,0.0181856087953272,0.00057501114073205,0.0206047607224442,0.000208316499676793,0.00234816175636443,"ILEUSYN.PWY.L.isoleucine.biosynthesis.I..from.threonine."
8.80424917344012,10.455086576461,8.33459881517776,-2.56507365942796,1.40882519681227,-1.72550893664019,0.0155888488206456,0.000808862970142802,0.0241736785733672,0.000164128151260504,0.00210051667852285,"RIBOSYN2.PWY.flavin.biosynthesis.I..bacteria.and.plants."
6.91843287584723,8.58080896706189,6.50173258243537,-2.14532143577562,1.08117632333274,-1.9541067912216,0.00263029476749377,0.000893433137432486,0.024257253796177,1.64128151260504e-05,0.000310485017736544,"PWY.5188.tetrapyrrole.biosynthesis.I..from.glutamate."
10.4293747398736,11.7416432622306,10.0042280798791,-1.74891301115372,1.04308655519065,-1.69933437864601,0.0181856087953272,0.000933500427764779,0.0253660089418314,0.000208316499676793,0.00234816175636443,"VALSYN.PWY.L.valine.biosynthesis"
10.4669558180886,11.5494601504386,10.1025178345033,-1.47268969950813,1.00295601304717,-1.47829774816551,0.0493519992944814,0.00112583136722216,0.0265900214273351,0.000561823287007109,0.00366584994941534,"PWY.6609.adenine.and.adenosine.salvage.III"
8.28901306943333,9.49409705314116,7.87570875795692,-1.6305014972141,1.00561503470024,-1.55773164172984,0.0442723549030549,0.00125696320784732,0.027400345753031,0.00074867687459599,0.00435061173686137,"PWY.3001.superpathway.of.L.isoleucine.biosynthesis.I"
8.9377388931717,9.82448593903442,8.40681223205531,-1.41265729152579,0.819857291609997,-1.69891619642454,0.0285738151237379,0.00143428823718009,0.0283171607264979,0.000347194166127988,0.0028545830183913,"PWY.724.superpathway.of.L.lysine..L.threonine.and.L.methionine.biosynthesis.II"
9.66489148054772,10.9566803833445,9.24918400334254,-1.78349769367828,1.10235728849336,-1.6079811578495,0.018232966961315,0.00141100162509564,0.0284534662780987,0.000344669117647058,0.00285873851541057,"ARO.PWY.chorismate.biosynthesis.I"
4.05341310163457,7.76130099558487,1.83120111416102,-6.69257429170566,7.84626049798434,-1.14573166221509,0.05468871691169,0.00159834754211942,0.0299255413500751,0.00112995919521654,0.00596372776141092,"PWY.5913.TCA.cycle.VI..obligate.autotrophs."
9.6022592067679,10.5875415002466,9.14093698071349,-1.56453947275768,1.14996578121873,-1.43419650688156,0.0545466685010903,0.00162763214498492,0.0299476341919759,0.000903967356173235,0.00496368497924786,"COMPLETE.ARO.PWY.superpathway.of.aromatic.amino.acid.biosynthesis"
9.39280928950117,10.396045011825,9.00857561269239,-1.3330315588221,0.690191823732548,-1.62827043856403,0.05194933050976,0.00182772083495865,0.0305291852103025,0.000830740950226241,0.00471015284925893,"PWY.5103.L.isoleucine.biosynthesis.III"
10.2973584857618,11.22678495869,9.98147491566672,-1.26155462971744,0.927624466378595,-1.47197201486821,0.05468871691169,0.00209480497799437,0.032215822151275,0.00109839608920491,0.00565610505107439,"PWY.6122.5.aminoimidazole.ribonucleotide.biosynthesis.II"
10.2965509772077,11.224490209271,9.98286241545769,-1.30836483085575,0.909011719012028,-1.52291445604897,0.0598969375311833,0.00210859120355249,0.0323824058174002,0.00108577084680025,0.00563304201810059,"PWY.6277.superpathway.of.5.aminoimidazole.ribonucleotide.biosynthesis"
5.36335498644632,8.16823596571945,4.52456041077058,-5.25781733183401,6.67985306553815,-1.27033217991125,0.00262346301250594,0.00230514513150656,0.0352467464044401,6.31262120232706e-06,0.000136754056954949,"PWY.6936.seleno.amino.acid.biosynthesis"
10.0833396422765,11.0126496787705,9.83668468792789,-1.22529674242698,0.930426126533159,-1.40117228200332,0.0729175592348962,0.00297355221976057,0.0365878747507205,0.00198090053329023,0.00909005345060722,"PWY.6121.5.aminoimidazole.ribonucleotide.biosynthesis.I"
4.92013060251277,6.40999444244201,4.57551343421919,-1.56750664289541,1.13019718621859,-1.35856524995339,0.0911465306331466,0.00289660089678741,0.0369389991882912,0.00345047874919197,0.0149569059490844,"PWY.6606.guanosine.nucleotides.degradation.II"
9.72257484833809,11.1288373413527,9.3768271132211,-1.89594747094627,1.17568810141427,-1.60711622548064,0.0363654956572069,0.00274488060937652,0.0378940642278399,0.000395170087265674,0.00307361530486195,"PWY.6163.chorismate.biosynthesis.from.3.dehydroquinate"
9.3425772479203,10.3210239502858,9.0023843792452,-1.38439688771302,0.89728408120598,-1.47978801173898,0.0467546759842985,0.0032745256659927,0.0381368681701089,0.000675450468648996,0.00408127531484671,"PWY.7199.pyrimidine.deoxyribonucleosides.salvage"
9.58807378173127,10.8317930194649,9.21643104006605,-1.58263941472646,1.08832174642014,-1.46171767590601,0.0493519992944814,0.0035129350962074,0.0391031554889108,0.000810540562378795,0.00460976344540543,"PWY.5667.CDP.diacylglycerol.biosynthesis.I"
9.58810504219724,10.8305391383836,9.2188874763844,-1.53263924709926,1.05934881736553,-1.51781508388734,0.0597413612770927,0.00348682785706445,0.039118486638977,0.000801702892695537,0.00456119756548913,"PWY0.1319.CDP.diacylglycerol.biosynthesis.II"
8.87287182833441,9.75011515304612,8.46214794935659,-1.41235310269192,0.911689697333035,-1.50815124696851,0.0493519992944814,0.00371213873649361,0.0395643077252011,0.000652725032320618,0.00404246041746728,"PWY.7220.adenosine.deoxyribonucleotides.de.novo.biosynthesis.II"
8.87114996786178,9.75041741759812,8.46254137527086,-1.41500473920184,0.937747592072138,-1.51407917108659,0.0416682881263656,0.00370227198375998,0.0395689764632348,0.000638837265675499,0.00397313724281156,"PWY.7222.guanosine.deoxyribonucleotides.de.novo.biosynthesis.II"
3.9969010686684,-6.35423700433119,4.58926816710165,10.9378567137255,3.26035290312363,2.94930873110019,0.0597413612770927,0.000838699172448646,0.039842442233909,0.00209705276341306,0.0810444693289388,"PWY.6859.all.trans.farnesol.biosynthesis"
9.28959990076459,10.3154154867356,8.9043083531184,-1.29253116450704,0.833834599737967,-1.56540067075217,0.0312521870493364,0.00417629659123494,0.040346769679557,0.000549198044602454,0.00362600698885188,"PWY.6126.superpathway.of.adenosine.nucleotides.de.novo.biosynthesis.II"
8.7758376988144,11.1129410323419,7.49721364098474,-4.73818076383446,11.1944613544402,-1.12174353673055,0.00262346301250594,0.00352563935645505,0.0418404705733662,1.38877666451195e-05,0.000260628796301092,"PWY.5695.urate.biosynthesis.inosine.5..phosphate.degradation"
8.83027392541622,9.40539799952889,8.39562280734363,-1.075790871631,0.985186709470074,-0.939931384357203,0.145833735030563,0.00497261231664129,0.0426080865718067,0.00909522462831283,0.0357285479420488,"PWY.5100.pyruvate.fermentation.to.acetate.and.lactate.II"
6.74284408861839,9.10525091394985,6.34397847405329,-3.46991524861772,7.72339221322564,-1.35137989844804,0.000182733348482992,0.00402678409135383,0.0428551250588598,0,0,"THISYNARA.PWY.superpathway.of.thiamin.diphosphate.biosynthesis.III..eukaryotes."
8.20971743375718,9.04145299446358,7.51749111842059,-1.34062176766025,0.997518447312503,-1.42659250077158,0.0649360719662667,0.00517955693487688,0.0433211473575484,0.00117793511635423,0.00601369013582326,"THRESYN.PWY.superpathway.of.L.threonine.biosynthesis"
5.29891614674978,7.46832897181589,3.19175357942352,-5.17664532958425,7.90492310902891,-1.03975911294369,0.0805202768395157,0.00447400436968519,0.0440259301452287,0.00200993859082094,0.00929166001222669,"METSYN.PWY.L.homoserine.and.L.methionine.biosynthesis"
9.39956695145393,10.9266802467335,9.10605789805604,-1.7628375993845,1.06903074855615,-1.6419611729906,0.0285738151237379,0.00531042888287268,0.0443697665730266,0.000249979799612152,0.0024208169727464,"GLYCOLYSIS.glycolysis.I..from.glucose.6.phosphate."
6.33400038355108,8.37230671238674,5.78886489184108,-2.86423901668175,10.3066995787356,-1.20944672356049,0.00263029476749377,0.00533904078949549,0.0452766859756485,2.1462912087912e-05,0.000353731649989872,"PWY.7237.myo...chiro..and.scillo.inositol.degradation"
9.46786056353887,10.5218123331154,9.13710736461225,-1.25569679844249,0.871308555518643,-1.52525759931997,0.0520846150204668,0.00646917427074892,0.0455004919850708,0.000661562702003876,0.00402524120058102,"PWY.7229.superpathway.of.adenosine.nucleotides.de.novo.biosynthesis.I"
8.74601566701734,10.6601087394637,8.19463754276702,-4.00717434441068,12.911762373117,-1.04302665671735,0.018232966961315,0.00560511058714395,0.0455403159370906,0.00025881746929541,0.0023542284415737,"PANTOSYN.PWY.pantothenate.and.coenzyme.A.biosynthesis.I"
4.16806952883648,-6.25360911893192,4.47968433745817,11.0266894171991,2.78612383869131,4.00602263850575,0.000182733348482992,0.000558666120838765,0.0456839893736074,0.000161603102779573,0.0111164598050759,"GLUDEG.I.PWY.GABA.shunt"
6.85449755164263,8.70199899777336,6.09252775807283,-3.41508866494146,5.77775844246089,-1.09979599045321,0.0181856087953272,0.00562000757624618,0.0457430802324283,0.000169178248222365,0.00190099431985898,"PWY.4981.L.proline.biosynthesis.II..from.arginine."
9.1116502543346,10.7400551509869,8.4012421766328,-4.26848181186363,7.93091439966484,-1.10114627136574,0.0156294445919083,0.00585388524708703,0.0457866355315391,0.00010731456043956,0.00140390165783515,"COA.PWY.coenzyme.A.biosynthesis.I"
6.96674523773494,8.62129426396211,6.50212450331626,-3.40180393030395,7.32763478610919,-1.14575350134565,0.00262346301250594,0.00583275070758415,0.0458201771616858,3.78757272139624e-06,8.7543306447247e-05,"PWY.6897.thiamin.salvage.II"
9.55194830007035,11.329827230604,9.04641702937407,-4.14240262474411,13.3986097688693,-1.03247992349881,0.0312521870493364,0.00608654755878291,0.0458683097834757,0.000369919602456366,0.00293580591169355,"PWY.6700.queuosine.biosynthesis"
9.13565807048543,10.7636435505325,8.39950663363302,-3.86893735363904,13.0011487997585,-1.03567726088771,0.0208366500231257,0.00599591302169506,0.04593784418403,0.000150240384615384,0.00177953389629716,"PWY.4242.pantothenate.and.coenzyme.A.biosynthesis.III"
9.794584759836,10.9855400607203,9.49094337783196,-1.43705814851102,0.991488799383426,-1.5026526468573,0.0259766584300423,0.00677114753118098,0.0460431322535498,0.000376232223658693,0.00298220940841633,"PWY.5097.L.lysine.biosynthesis.VI"
6.82727643677283,8.41024135378663,6.41593214415214,-2.85878110177481,10.2975280838596,-1.06170994602142,0.000182733348482992,0.00628132730899975,0.0461723233091682,3.78757272139624e-06,8.7543306447247e-05,"PWY.7357.thiamin.formation.from.pyrithiamine.and.oxythiamine..yeast."
9.01849416882044,10.7606120266364,8.56718239158314,-3.55831397548178,8.92682125010193,-1.09066261898802,0.00262346301250594,0.00627432240309334,0.0461768071052396,4.92384453781511e-05,0.000824250600090876,"PWY66.400.glycolysis.VI..metazoan."
9.80215128890775,10.7627788150144,9.55621388130427,-1.23122728865754,0.909212699262727,-1.34592973575614,0.0598969375311833,0.00715024877479264,0.0462487998251857,0.00196827529088558,0.0090954292597323,"PWY.6385.peptidoglycan.biosynthesis.III..mycobacteria."
8.76720742435979,10.1681698400421,8.34703005485057,-2.17286630724363,6.01536925153871,-1.15488841152953,0.000182733348482992,0.00724059785959488,0.0465836932124137,3.78757272139624e-06,7.68112096237093e-05,"PWY.6317.galactose.degradation.I..Leloir.pathway."
8.76826001533061,10.1691515030337,8.34831070132199,-2.36481617169534,8.90288582963571,-1.13483655211758,0.000182733348482992,0.00745653289438093,0.0466595517722156,6.31262120232706e-06,0.000136754056954949,"PWY66.422.D.galactose.degradation.V..Leloir.pathway."
7.54195979883182,9.00039086745387,7.00628488982758,-2.02653197071394,11.793675874083,-1.19763399236251,0.000182733348482992,0.00723158951212627,0.0466654903755322,0,0,"PWY.5104.L.isoleucine.biosynthesis.IV"
10.0327795575168,11.5297784634738,9.62116393962773,-3.02460419003368,13.1649958512378,-1.06383949539826,0.0129923448235376,0.00740778042607878,0.0467177101442728,0.000140140190691661,0.00194146146804812,"PWY.5686.UMP.biosynthesis"
7.40973815921037,8.61422479892904,6.81453676676033,-2.52834580966393,9.40839574419632,-1.07944181171081,0.000182733348482992,0.00733050925576436,0.0467782997108261,1.89378636069812e-05,0.000352435431213666,"THISYN.PWY.superpathway.of.thiamin.diphosphate.biosynthesis.I"
8.97726372887908,10.3482639428802,8.32761691750374,-3.04617751059627,6.00892938761913,-0.948221696984253,0.0701307965877613,0.00747446212429436,0.0468301685514602,0.00151881666127989,0.00731809254942868,"PYRIDNUCSYN.PWY.NAD.biosynthesis.I..from.aspartate."
8.98522449843447,10.5958450555032,8.64137506093022,-3.2294688804485,7.51631062274387,-0.953679688112825,0.0441573619737525,0.00744536086080392,0.0470030540120119,0.000669137847446669,0.0040528570420495,"X1CMET2.PWY.N10.formyl.tetrahydrofolate.biosynthesis"
10.3145122784186,11.5933144899711,9.8278647194639,-1.52573364988857,1.06242602832217,-1.4576929367789,0.0208366500231257,0.00768652114089956,0.0470480179617826,0.000279017857142856,0.00258819641772535,"TRNA.CHARGING.PWY.tRNA.charging"
9.81736438817703,11.2278222237824,9.31251683213199,-3.49608349067886,14.3362792431818,-0.987376001606176,0.0338561797570474,0.00784319005493816,0.0470917110087351,0.000491121929541045,0.00339276996866044,"PWY.3841.folate.transformations.II"
9.7734766546841,10.928088353103,9.13099529890717,-3.17190094977598,11.44167224795,-0.958853427634472,0.0363654956572069,0.00813952330040395,0.0472322030392283,0.000513847365869423,0.00350359867255335,"COA.PWY.1.coenzyme.A.biosynthesis.II..mammalian."
9.35724419281924,10.7928731661225,8.58420927514757,-1.91400034911948,1.50421815317862,-1.37737323148697,0.0181856087953272,0.00801704658458744,0.0473506789676671,0.000212104072398189,0.00212371275948664,"PANTO.PWY.phosphopantothenate.biosynthesis.I"
10.0168180041846,11.4045038492621,9.61258280180518,-2.68931238824907,9.84152354165522,-1.0569597761051,0.0233795562677935,0.00801808493417853,0.0473773536261768,0.000222204266321913,0.00239695793245741,"PWY.1042.glycolysis.IV..plant.cytosol."
7.03013117526292,8.33402026169646,6.75599934564156,-2.92202960812961,7.21548940186386,-0.965739144354776,0.0625010548564701,0.00804639928148147,0.047533863713617,0.0017157704427925,0.00811727227681717,"PWY.6168.flavin.biosynthesis.III..fungi."
4.68346545293303,6.4909340352768,3.45167641750198,-3.13169291271747,1.94234068205845,-1.62287554455142,0.0155888488206456,0.00691243658263068,0.0475830687467221,0.000169178248222365,0.00211709370326028,"PWY.6143.CMP.pseudaminate.biosynthesis"
8.01899594135226,9.58703176595508,7.43878194096625,-2.22634839190198,1.92352535672026,-1.24416070078107,0.0701307965877613,0.00883391075567711,0.0481491201836254,0.00111859647705236,0.00582714962818498,"HISDEG.PWY.L.histidine.degradation.I"
7.03685779296207,7.71083208549777,6.78637404735091,-0.926658649928783,0.872997800243246,-0.96648890750318,0.142857552795131,0.00784053101785862,0.0483805983012963,0.0109258847769877,0.042120456477239,"SER.GLYSYN.PWY.superpathway.of.L.serine.and.glycine.biosynthesis.I"
7.02104535678889,8.3456984524282,6.53016138043882,-2.0807790483352,5.76054194468437,-1.06501950829244,0.0363654956572069,0.00869185583181042,0.0485072229779169,0.000367394553975435,0.00296510620782629,"NONOXIPENT.PWY.pentose.phosphate.pathway..non.oxidative.branch."
9.95416886052376,10.8781426449133,9.66791663366754,-1.21421668880512,0.89062241232711,-1.33751238131715,0.05194933050976,0.0085696928986485,0.0485105442789393,0.00135090093729799,0.0066765998951853,"PEPTIDOGLYCANSYN.PWY.peptidoglycan.biosynthesis.I..meso.diaminopimelate.containing."
4.33780112561336,6.51570248808733,2.19241951947839,-4.5512307903416,4.88751059839888,-0.877734039362846,0.0703134286582997,0.00815659760911498,0.0487457313292513,0.00207180227860374,0.00951954740532019,"HOMOSER.METSYN.PWY.L.methionine.biosynthesis.I"
10.1762533874782,11.2974502504243,9.72747779532013,-2.42954642055318,8.79787130962642,-1.02747459816845,0.0364601972712247,0.00936409004724809,0.0490071967838299,0.000492384453781511,0.00341111761566018,"PWY.7219.adenosine.ribonucleotides.de.novo.biosynthesis"
10.2464444392054,11.3254330779478,9.62298934954028,-2.30058155233619,5.8354193007868,-1.03219215907183,0.0364601972712247,0.0094215400626996,0.049135400701979,0.000540360374919197,0.00358458366406099,"PWY.6737.starch.degradation.V"
5.42211666218119,7.57119429154445,3.38734709514985,-4.52096324780213,4.91371136983452,-0.83941183902984,0.0781258275588373,0.00885152561664662,0.04915417393151,0.00200110092113768,0.00926335793110093,"PWY.5347.superpathway.of.L.methionine.biosynthesis..transsulfuration."
10.2840069442167,11.4163332500686,9.85190916510562,-2.91060954795314,9.14249729846327,-0.94199981251031,0.0597413612770927,0.00953345786858533,0.0493111329142465,0.00117288501939237,0.0060405967462506,"DTDPRHAMSYN.PWY.dTDP.L.rhamnose.biosynthesis.I"
9.51458548995889,10.6287441521612,8.8934888270057,-1.87928662752606,8.23285044172883,-1.00794780084801,0.0442723549030549,0.00957879203540523,0.049320332261269,0.000497434550743373,0.00345307755001699,"BRANCHED.CHAIN.AA.SYN.PWY.superpathway.of.branched.amino.acid.biosynthesis"
9.9222104011444,10.8870217987217,9.71354341364202,-1.20258534352069,0.872258415087085,-1.33361671145307,0.0729175592348962,0.00945880344234286,0.0496961244731465,0.00188747373949579,0.00880620778719054,"PWY.6387.UDP.N.acetylmuramoyl.pentapeptide.biosynthesis.I..meso.diaminopimelate.containing."
9.78052440705112,10.9011045152945,9.48999585863741,-1.3575588455094,0.972561599322402,-1.33792544887333,0.0571440123446177,0.0097422676100592,0.0498139088849492,0.000696913380736908,0.00416679632881552,"PWY.2942.L.lysine.biosynthesis.III"
9.91479209250639,10.8692021634629,9.45579345679967,-1.48278481633667,1.09726803776743,-1.32574123016285,0.0494805199229322,0.00968215143284453,0.0499054462823329,0.00125999919198448,0.00630539977062009,"PWY.7221.guanosine.ribonucleotides.de.novo.biosynthesis"
9.60387107178954,10.6078502754444,8.59705529445199,-2.20623732848911,13.116306951503,-0.987482239028853,0.0623387146624258,0.0100143549367682,0.0500915787120852,0.000968356092436971,0.00522353515557356,"GLUTORN.PWY.L.ornithine.biosynthesis"
8.92382271922299,10.1966092500871,8.51058045595862,-1.73065033143633,1.30236244915272,-1.27886562612232,0.0312521870493364,0.00993886168061875,0.0502580188294641,0.00058076115061409,0.003701573682472,"PWY.5973.cis.vaccenate.biosynthesis"
5.30511252897901,7.50624606456859,2.90961474967512,-4.6122822330148,5.2112642015688,-0.907483566702335,0.0781258275588373,0.0095675883057766,0.0506814018592196,0.00205412693923723,0.00948228577148208,"MET.SAM.PWY.superpathway.of.S.adenosyl.L.methionine.biosynthesis"
8.7083471624782,9.99804935749207,8.33408488251554,-1.71812627631806,1.28097506915748,-1.37092532644964,0.0390642346341238,0.0105869467419087,0.0512466408275383,0.00067418794440853,0.00405368097580706,"PWY.7663.gondoate.biosynthesis..anaerobic."
9.80851466176625,10.7092489089553,9.58346398598945,-1.12522027507255,0.875052390118901,-1.29564318160212,0.0883124069763219,0.0111306571857981,0.0534050428557113,0.00345174127343244,0.01483679568703,"PWY.6386.UDP.N.acetylmuramoyl.pentapeptide.biosynthesis.II..lysine.containing."
6.88111070153889,8.52990289693741,6.11655666456022,-2.28260610671433,2.06453834634591,-1.3299098779971,0.0623387146624258,0.0116577313295206,0.0536624912943765,0.00132943802521008,0.00659737091922012,"PWY.5154.L.arginine.biosynthesis.III..via.N.acetyl.L.citrulline."
9.95661299997265,10.7564701734249,9.66192019061085,-1.8011882324094,14.8896857810838,-0.86350073470982,0.103896701863991,0.0119611578592854,0.0549357719141619,0.00411709154815771,0.0173889735119058,"PWY.6151.S.adenosyl.L.methionine.cycle.I"
8.72674896008769,9.07603801224412,7.85849140023572,-1.11447502489504,1.20114061970255,-0.866320082816266,0.207792457284853,0.0118598890687639,0.0552968884251692,0.0473105708629605,0.148882155732906,"GLYCOGENSYNTH.PWY.glycogen.biosynthesis.I..from.ADP.D.Glucose."
6.58299350038224,7.44008288829083,6.01289625511243,-1.78722329362918,10.3398727063371,-0.861168533868557,0.111979717958384,0.0121476376622508,0.0555832644545394,0.00660300177763411,0.0266918588900999,"PWY.6892.thiazole.biosynthesis.I..E..coli."
9.22454777744164,10.6992025010583,9.00763125980082,-1.73537688292334,1.2170126612019,-1.26685204565869,0.0416682881263656,0.0137379922035037,0.0595983008794949,0.000975931237879764,0.0052551332614767,"PWY.5484.glycolysis.II..from.fructose.6.phosphate."
5.45402932573721,7.07610341658093,3.6402513255083,-3.12276414432944,2.53618011574947,-1.11608351991692,0.0442723549030549,0.0128868939888798,0.0597942846809803,0.000720901341305751,0.00431287748237258,"SALVADEHYPOX.PWY.adenosine.nucleotides.degradation.II"
5.59376859711213,7.11987629298539,4.96463425798043,-2.47381835084789,1.86438852121507,-1.42028481382161,0.00522169971273136,0.012347708055892,0.0614914887859382,5.05009696186165e-05,0.000873376890719034,"METH.ACETATE.PWY.methanogenesis.from.acetate"
6.34356331139446,8.08636215651703,6.12227193321175,-1.94627700081251,1.45813899564198,-1.34686501244934,0.0833341039492913,0.0144916492840501,0.0620200578502483,0.00288486788946347,0.0127652413664004,"PWY.7383.anaerobic.energy.metabolism..invertebrates..cytosol."
8.06881170236219,9.06402291263911,7.92601232461968,-2.84600354642595,10.4467779501787,-0.783382070694523,0.221354395078458,0.0147234290949173,0.0631325936433224,0.0812964608920491,0.234441495549136,"DENOVOPURINE2.PWY.superpathway.of.purine.nucleotides.de.novo.biosynthesis.II"
7.60232942462665,8.53766275542808,7.41760134960555,-2.51034086997956,7.20664969247088,-0.75200130729415,0.244156039010669,0.0152927646757882,0.064895716660762,0.0759925965578539,0.222259306280746,"PWY.7187.pyrimidine.deoxyribonucleotides.de.novo.biosynthesis.II"
5.48202989938872,-6.19707861175568,5.81907026864169,11.6486073867313,4.5659693730234,2.03942959338679,0.104167265963194,0.000957698878706997,0.0655849281791586,0.0113627181641888,0.302846486460703,"P124.PWY.Bifidobacterium.shunt"
7.90914843011407,8.50145254035048,7.4706054580258,-1.16242150057202,11.1304981900337,-0.578274302760072,0.270130033999975,0.0174863730279143,0.0718780781564243,0.0890925480769231,0.250733405652992,"TRPSYN.PWY.L.tryptophan.biosynthesis"
9.23420097010447,10.4912610282416,8.80689505722522,-1.51156314512867,1.15729875052314,-1.28635898693125,0.0675334327364458,0.0178909329399956,0.0732004674385375,0.00131428773432449,0.00654458253883821,"GLUCONEO.PWY.gluconeogenesis.I"
5.21990779629446,6.91413530604979,4.67501041799354,-2.26733597263121,2.00140929158271,-1.10925083923327,0.143229577422349,0.0213061905938109,0.0847992130308674,0.0109372474951519,0.0424632270895735,"FERMENTATION.PWY.mixed.acid.fermentation"
9.4974512934781,10.8685981958915,9.29726539970228,-1.59020012311831,1.1983426581703,-1.11709290865773,0.0885423869820153,0.0217624091469737,0.0863956914421503,0.00236344537815125,0.0105985902109491,"ANAGLYCOLYSIS.PWY.glycolysis.III..from.glucose."
3.07204205374856,-6.26575503422469,3.88483179980882,10.3675085531749,4.4730895123904,1.9023095177383,0.111688861780099,0.00188256688496298,0.089953405493764,0.0113223173884939,0.285665554931313,"PWY.5910.superpathway.of.geranylgeranyldiphosphate.biosynthesis.I..via.mevalonate."
7.79901467677325,9.32608720449636,7.56472665889165,-2.09911622176794,1.84780224028601,-1.08565928826244,0.101563116912807,0.026594191599204,0.102860710507664,0.00499328337104071,0.0208260632683231,"ASPASN.PWY.superpathway.of.L.aspartate.and.L.asparagine.biosynthesis"
5.27360161277287,5.438994527136,5.27360161277287,-2.69127021496846,5.02401131465825,-0.445554933640608,0.32467543706256,0.0331228746709618,0.125626636832477,0.203915340174531,0.481562614579561,"TCA.TCA.cycle.I..prokaryotic."
1.3051805064498,-6.07245249159173,3.48540258169843,8.56250596155339,4.55373060578766,1.54963386981861,0.11428624984597,0.0061886814650089,0.149110798169027,0.0107907946832579,0.288409097871097,"GOLPDLCAT.PWY.superpathway.of.glycerol.degradation.to.1.3.propanediol"
-4.84430778509546,4.61004024633425,-6.50771221085914,-8.9052330606014,9.5074679402244,-0.923914553960404,0.140625420138787,0.052582251709643,0.17530202530971,0.0194719113606981,0.0643319533859212,"PWY0.1061.superpathway.of.L.alanine.biosynthesis"
8.175346058126,9.28327540683953,7.84900473687028,-1.25263772114146,1.75001081875672,-0.805360550752364,0.142857552795131,0.0489615341224953,0.178577430816606,0.0129421359890109,0.0493550779766411,"PWY.6703.preQ0.biosynthesis"
4.01658348780232,-5.18940517062359,5.10529512691255,10.1978431723849,3.66029175543756,2.32802572931945,0.000182733348482992,0.00383054403570651,0.18891723807187,0.000161603102779573,0.0111164598050759,"DAPLYSINESYN.PWY.L.lysine.biosynthesis.I"
-4.84801508786172,4.06378925426554,-6.62251781922095,-8.41750867780405,9.03923243585266,-0.870917911232473,0.142857552795131,0.0604984514312485,0.196780556311046,0.0232152957336781,0.0740168996352164,"PWY.7115.C4.photosynthetic.carbon.assimilation.cycle..NAD.ME.type"
3.68337924543687,-5.26089202914374,3.90313772171888,9.13925790298684,4.35829686623197,1.88652102311288,0.00520813704002552,0.00526978695322093,0.224272492189463,0.000231041936005171,0.0132414925104657,"PWY.5022.4.aminobutanoate.degradation.V"
9.3279411274678,10.3121935930049,9.17797851723444,-1.0243654795451,1.3234954193916,-0.746405637032824,0.187500289813153,0.0660422130982488,0.231191905729852,0.04006620677117,0.129666359853971,"PWY.6123.inosine.5..phosphate.biosynthesis.I"
-6.19365444147749,0.192459082190215,-7.2825311701634,-6.61008963462691,6.795995399128,-0.870270718655938,0.200521097265964,0.0842330854676813,0.235706634095622,0.072992838962508,0.181060269914803,"HEMESYN2.PWY.heme.biosynthesis.II..anaerobic."
4.71020060985899,-5.36562427390784,5.17546512280583,10.5955804231168,4.16359547622784,1.89662805374095,0.0651051761104595,0.00681887195463549,0.25158103966819,0.00223214285714286,0.0883856215399184,"PWY.5030.L.histidine.degradation.III"
-4.74915610980643,1.28085516258212,-6.54685599072466,-6.19359392978775,7.45009311348364,-0.74786396264615,0.226562720464445,0.0860631431770999,0.255720251336235,0.0799809106334841,0.215601414936205,"PWY.5675.nitrate.reduction.V..assimilatory."
9.25853816119271,10.1585425655438,9.11747213657552,-0.911548459118007,1.30990632245621,-0.721057584484829,0.207792457284853,0.0789255086264632,0.267563282488999,0.0484354799612152,0.152553439644396,"PWY.6124.inosine.5..phosphate.biosynthesis.II"
5.27741263835676,6.5607208744711,4.87890190226602,-2.06412591593241,11.7130382373331,-0.644138969244991,0.122396329994005,0.0957590455757001,0.298241984733533,0.0096292723820297,0.0370107355859355,"GLUCUROCAT.PWY.superpathway.of..beta..D.glucuronide.and.D.glucuronate.degradation"
4.58469467920854,5.3812157342537,1.78741065685363,-1.48931294832456,10.0682899762124,-0.367120240721819,0.233766442674173,0.101005676447158,0.309905171034892,0.0698693539915966,0.202799949495251,"PWY.5177.glutaryl.CoA.degradation"
5.07818383203507,-4.28649975262028,5.93350339850142,10.0177778575345,5.76907599755932,1.49525056270473,0.000182733348482992,0.012989444160249,0.319079467007526,0.000161603102779573,0.0111164598050759,"PWY.6147.6.hydroxymethyl.dihydropterin.diphosphate.biosynthesis.I"
-3.53027403692284,4.942885695831,-6.00121433219302,-4.19551918131895,10.1944446554958,-0.701509656718058,0.192708612403045,0.114105356533066,0.332087762366746,0.0517672814318035,0.149316989974172,"SO4ASSIM.PWY.sulfate.reduction.I..assimilatory."
-3.5762460585257,4.76980760107429,-6.12880086697083,-3.70836394272871,9.72465658015409,-0.605695847326947,0.181818482440859,0.114490100116371,0.332873564718095,0.0325958508403361,0.102182230030459,"ARGORNPROST.PWY.arginine..ornithine.and.proline.interconversion"
-6.92380810853169,-4.31353028267939,-7.79175245235143,-4.31378418669553,6.77435438967957,-0.673722302337939,0.228571644929289,0.119837305514469,0.33890711231278,0.124371262928248,0.271472588059465,"PWY.5138.unsaturated..even.numbered.fatty.acid..beta..oxidation"
-3.36316525009226,4.21527260693188,-5.79897411434595,-3.67734830385116,9.66555833837351,-0.603944415417768,0.197402865843457,0.125894770379907,0.363592966880059,0.058903068438914,0.168658887741503,"ARG.POLYAMINE.SYN.superpathway.of.arginine.and.polyamine.biosynthesis"
4.24203759493453,0.462634115414952,4.9889965842959,4.44266082111559,5.05647189328636,1.22883605807771,0.00262346301250594,0.0269364868395199,0.369408495180729,0.000268917663219134,0.0148926632952861,"PWY.4041..gamma..glutamyl.cycle"
7.07539569369645,1.69023732242513,7.716030998649,6.56004948266095,7.95233328082081,1.25939397905774,0.000182733348482992,0.0258432678933126,0.371299650903933,0.000161603102779573,0.0111164598050759,"PWY.7234.inosine.5..phosphate.biosynthesis.III"
-4.29176333115393,-6.2899030343612,1.65104321467706,6.64364244826592,6.65437490852658,0.887810983807494,0.221354395078458,0.0416096835255392,0.371420742459648,0.0978532037815126,0.82346026619247,"GLUCARDEG.PWY.D.glucarate.degradation.I"
6.4183288833109,7.37283934706834,6.30875325143923,-1.04257539312896,1.44192022841906,-0.646304022022573,0.27083349728541,0.12166050307828,0.38128511455404,0.131893382352941,0.341336663444963,"PWY.6545.pyrimidine.deoxyribonucleotides.de.novo.biosynthesis.III"
-4.22549489905514,-6.12515259750406,1.66335219768423,6.27818591730535,6.97953884052866,0.773786540225351,0.223958557729824,0.0507766392572958,0.386177419851185,0.110896341709761,0.83368155167565,"GALACTARDEG.PWY.D.galactarate.degradation.I"
-5.83705951593023,1.95480703600787,-6.99613346207372,-5.03712291337968,9.81563325157071,-0.618227917325107,0.213541907655308,0.160859653476307,0.408687198213334,0.0993240445216548,0.227061854389201,"PWY.5723.Rubisco.shunt"
8.73690492436476,9.1927545935184,8.4440131167047,-0.528954263732366,0.6806662903792,-0.691386259622251,0.252604351804582,0.135575472544902,0.409968615661581,0.107242596557854,0.287200905939923,"HISTSYN.PWY.L.histidine.biosynthesis"
-4.08217768266597,-5.87940039166818,1.64063128088004,6.40365226011669,6.67555420943675,0.841721271500092,0.23958353528829,0.0544595422634411,0.418002295698425,0.115060146654816,0.865271785824118,"GLUCARGALACTSUPER.PWY.superpathway.of.D.glucarate.and.D.galactarate.degradation"
7.75156939984729,8.58745032633823,7.58240664493414,-1.28118791334704,2.18789155290679,-0.541260947488796,0.288311833315818,0.141722341076967,0.429691271277576,0.137863859486102,0.354699079821327,"PWY0.166.superpathway.of.pyrimidine.deoxyribonucleotides.de.novo.biosynthesis..E..coli."
4.55861095623191,4.73268999535348,4.3996834419827,-0.780152484473578,10.7604127277012,-0.172658182705053,0.384415653066572,0.155065616385713,0.444054131076645,0.500616111829347,0.912346227548964,"PWY.1269.CMP.3.deoxy.D.manno.octulosonate.biosynthesis.I"
-3.24776011042685,3.00501180239417,-5.96971103093835,-4.06414167740173,9.56436086448932,-0.46405885507133,0.342857240886826,0.167164087076347,0.451175315216538,0.270021109405301,0.570902164917053,"PWY0.862..5Z..dodec.5.enoate.biosynthesis"
-3.28987718812219,2.69113908383965,-5.98349301598954,-3.52039123057285,9.40225465563528,-0.428713010333219,0.3567709215136,0.167207561155952,0.451254993310187,0.266552955316742,0.575071425084889,"FASYN.INITIAL.PWY.superpathway.of.fatty.acid.biosynthesis.initiation..E..coli."
-5.28436204808941,-6.11974238658959,-4.5016727289951,5.52867466016267,13.0818085156501,0.6443563621415,0.32467543706256,0.0640031943311167,0.452442864311168,0.37847320418552,0.979088437066004,"PWY.3841.folate.transformations.II..plants."
-5.43354845634399,-6.18507251137326,-4.65741214646995,6.18989760850381,12.7083558031541,0.64047897666544,0.322078036609419,0.0636768449143614,0.452473060199181,0.352150836296057,0.96654152359056,"BRANCHED.CHAIN.AA.SYN.PWY.superpathway.of.branched.chain.amino.acid.biosynthesis"
-5.46258013803797,-6.33340575953282,-4.4780948897967,4.63020141016031,9.17322742144174,0.577134205729842,0.325520945610412,0.0663072397766801,0.453752736219083,0.386889190772463,0.950825758448035,"PWY.7791.UMP.biosynthesis.III"
-5.35334798977851,-6.05124261945069,-4.40352995019767,5.67840796298759,13.0771218261986,0.607408896304018,0.332467638567009,0.0637694945941866,0.456849886637165,0.382671097285068,0.97290272741477,"PWY.6151.S.adenosyl.L.methionine.salvage.I"
-5.41491811257145,-6.03736792064599,-4.71985991317268,4.36939574072281,13.6347960366218,0.603894006405333,0.346354262552145,0.0656454523116167,0.457012836098205,0.397262089932127,0.965055793508381,"DTDPRHAMSYN.PWY.dTDP..beta..L.rhamnose.biosynthesis"
6.05883832499342,7.01858931003518,5.4027045731316,-1.47932340568655,11.1900839905393,-0.34842667713182,0.150649734391232,0.160894521220251,0.459517549849735,0.0178268422753716,0.0641678987865327,"HEXITOLDEGSUPER.PWY.superpathway.of.hexitol.degradation..bacteria."
-6.56447421139395,-4.13429164040107,-7.30785470502243,-3.38544086008653,7.72065929187698,-0.494410261500355,0.234375209139199,0.185362810300113,0.45985086741458,0.15739005938914,0.343846873858835,"PWY.6876.isopropanol.biosynthesis"
-3.18620986771178,2.64153721620365,-5.90538665199069,-5.08324022147257,9.09489414570822,-0.541263577389809,0.325520945610412,0.166975456938505,0.461100280043866,0.273744293390433,0.587174284202918,"PWY.7388.octanoyl..acyl.carrier.protein..biosynthesis..mitochondria..yeast."
-6.41064036783044,-4.02225989369052,-7.28079684513031,-3.29908484622205,7.52221148512878,-0.473609071097571,0.244156039010669,0.19052932326616,0.461458091120232,0.158499818196509,0.331202984839615,"POLYAMINSYN3.PWY.superpathway.of.polyamine.biosynthesis.II"
-5.12095255151954,-6.29472822324001,4.84885609262218,8.98457496680232,10.1773975774345,0.719178581559752,0.31168843505769,0.0667331729122548,0.462812753468086,0.297609789107951,0.955780399707973,"PWY.7456.mannan.degradation"
-4.88588608455539,-6.12460543167869,3.27692888233449,7.66057456706091,9.04182873009619,0.728612846052289,0.299479301707933,0.0751934909080431,0.463143292566431,0.244428480526826,0.942031344464842,"FOLSYN.PWY.superpathway.of.tetrahydrofolate.biosynthesis.and.salvage"
-5.50530914257518,-6.37874496047433,-4.66011325820597,4.54541484539266,13.8435546669195,0.589260124976945,0.340259840275115,0.0673473883520976,0.464665229607421,0.377417733920491,0.971608942164729,"PWY.7790.UMP.biosynthesis.II"
2.01482187573138,5.32687090617096,-4.5006538563681,-3.72101096829782,9.88998880647481,-0.456657465341075,0.216146070037909,0.179932908378628,0.465768363651763,0.0607147907239819,0.1748709074651,"PWY0.1298.superpathway.of.pyrimidine.deoxyribonucleosides.degradation"
-3.13089690837921,3.32932893105443,-6.06304159502577,-2.64439791613906,9.84541657552067,-0.306794185401245,0.355844244237074,0.170931883206989,0.465909127418422,0.27178233072075,0.582805964383738,"PWYG.321.mycolate.biosynthesis"
-4.96582202348072,-6.19194456229659,2.5321638515299,7.59105216793119,8.29379709439901,0.75298373125924,0.285714433293383,0.0727199624017053,0.466906076363916,0.224625787815126,0.93354241198677,"PWY0.1297.superpathway.of.purine.deoxyribonucleosides.degradation"
-5.38376397431829,-6.11694332991258,-4.46427854440994,5.5332752109707,12.9115093835965,0.70868675804124,0.333333439296801,0.0696934277421419,0.467589523211027,0.380177611910149,0.959702449396121,"PWY.5686.UMP.biosynthesis.I"
-5.37880541319725,-6.00925690391876,-4.54254613697174,6.17386462673243,13.2269213282876,0.668512313772641,0.337662439684174,0.0733531273055333,0.47342498062415,0.385481476244344,0.955144825016205,"PWY.5695.inosine.5..phosphate.degradation"
-5.21562376842421,-6.32524158662172,4.14248342907599,8.59088173459499,10.0393131660644,0.687231023612882,0.298701433764329,0.0748153323841901,0.478304517240701,0.29191075468649,0.968789397296933,"ARGININE.SYN4.PWY.L.ornithine.de.novo..biosynthesis"
-5.46132731803413,-6.11965837328355,-4.57011032794049,3.52902895557003,13.0754117004986,0.444625479953837,0.369791745605842,0.0781222800622309,0.480311679194216,0.402540703781513,0.971802276963026,"PWY.7851.coenzyme.A.biosynthesis.II..eukaryotic."
-5.43099702392283,-6.05468821419991,-4.52734549446745,4.19181126057059,12.3165005786523,0.620728054155266,0.35937508629901,0.0732659850337645,0.480822998276133,0.382509494182288,0.975125969398557,"COA.PWY.1.superpathway.of.coenzyme.A.biosynthesis.III..mammals."
-5.39292854894168,-6.15666550953591,-4.66080624943172,4.83922184357848,13.1369541871081,0.614368095638322,0.342857240886826,0.0755420395403985,0.481705334172741,0.394771129605688,0.96879488313755,"PANTOSYN.PWY.superpathway.of.coenzyme.A.biosynthesis.I..bacteria."
-5.50415268987645,-6.16879520761868,-4.71652386478437,3.98716296046734,13.8774537696516,0.497590506732893,0.361039045703321,0.0757362591103868,0.482563200952183,0.397496919440853,0.980128311966814,"PWY.7953.UDP.N.acetylmuramoyl.pentapeptide.biosynthesis.III..meso.diaminopimelate.containing."
-5.32823642852609,-5.97529408253806,-4.59378239623596,5.86528473514129,12.6348067121613,0.629793228910021,0.350649442840829,0.0747301100237859,0.484259557451828,0.41078119949903,0.982903019781354,"P41.PWY.pyruvate.fermentation.to.acetate.and..S..lactate.I"
-5.37263790277868,-6.18255634761035,-4.50327188096951,4.89868968024283,9.69445147757141,0.685651881393642,0.354166756745689,0.0779793292539116,0.484299988762655,0.403079801632191,0.979342677699203,"PWY.7560.methylerythritol.phosphate.pathway.II"
5.88328094667616,1.40488775477295,6.26096589511044,5.16359456847934,6.93396965148615,0.85168390475267,0.190104451039259,0.0691796278001522,0.484633032099308,0.0399260665804783,0.728114969242766,"PWY4FS.8.phosphatidylglycerol.biosynthesis.II..non.plastidic."
-5.49972039555717,-6.23627121510115,-4.60204085161662,3.92834141306766,12.2225226582746,0.53362640202322,0.361039045703321,0.0756906118850115,0.484742585110051,0.409705528846154,0.982321737072186,"PWY.7238.sucrose.biosynthesis.II"
-5.39451912896328,-6.09047347107667,-4.69897230656507,4.07026224860308,10.2723684294238,0.576039371918977,0.35937508629901,0.0772934993042118,0.485019401073046,0.408517493535876,0.976215879633933,"PWY.6270.isoprene.biosynthesis.I"
-5.49959844679628,-6.23018838966582,-4.60108500099697,5.40608268205761,13.00611071055,0.669309720862443,0.325520945610412,0.0786973902648609,0.487171038901009,0.392538986748546,0.96526203055616,"PWY.6700.queuosine.biosynthesis.I..de.novo."
5.87666480165193,1.6380587032386,6.26723841839398,5.17405101304757,8.20780754078184,0.828138017623793,0.187013276350434,0.0713792155387151,0.487311782932375,0.0387481314641241,0.718906637615292,"PWY4FS.7.phosphatidylglycerol.biosynthesis.I..plastidic."
-5.53491696029928,-6.13882724246471,-4.61499381903659,4.7266795847748,11.8552672082345,0.564799555721262,0.350649442840829,0.0821498146835302,0.487608191995411,0.400324973739496,0.97671325331623,"PWY.5981.CDP.diacylglycerol.biosynthesis.III"
-6.4851087417361,-4.36730321094494,-7.32731923012253,-3.70102567915901,8.89956062197799,-0.468484085948924,0.218182050390928,0.192088987585512,0.487677269416862,0.167649331367162,0.348095458439374,"COBALSYN.PWY.adenosylcobalamin.salvage.from.cobinamide.I"
-5.54531264176437,-6.29258347177906,-4.57435271309073,4.23596471523641,10.3183039153432,0.589531953824973,0.355844244237074,0.0794511914325505,0.488686716312011,0.421530330882353,0.946472640873729,"PWY.6317.D.galactose.degradation.I..Leloir.pathway."
-5.61171466972277,-6.20654611404963,-4.71249157147813,5.17643666173154,11.6782896577167,0.621645993504356,0.332467638567009,0.0786834163394287,0.491363717332536,0.41268003595669,0.980499483431022,"COA.PWY.coenzyme.A.biosynthesis.I..prokaryotic."
-5.51141427792699,-6.27720611040784,-4.50242422345972,5.11594932098897,11.4231050460825,0.624750395700915,0.348052042170242,0.0804778007144363,0.492186449051065,0.346036431399483,0.953021678705527,"PWY.8187.L.arginine.degradation.XIII..reductive.Stickland.reaction."
-4.92381386135709,-5.89917843592623,2.70042199154378,6.73461707045572,8.27422480710602,0.671748031170469,0.328125110148802,0.0893991457930706,0.492863817738157,0.275102769473174,0.956828603239399,"PWY.6612.superpathway.of.tetrahydrofolate.biosynthesis"
-6.918480906855,-5.20984303272454,-7.60422299375033,-2.86565467259719,5.99138277903634,-0.467471584893746,0.260416842416525,0.219461079594564,0.49626936615921,0.215424511150614,0.386283632796721,"NAD.BIOSYNTHESIS.II.NAD.salvage.pathway.II"
-5.37701366145585,-6.0509613776693,-4.40702936353041,5.10347891671424,11.1629085117335,0.606059152828441,0.341145933187038,0.083271298937131,0.49669591566916,0.412438893826761,0.970873869209514,"PWY.5941.glycogen.degradation.II"
-5.4385107562256,-6.16072742521064,-4.60661285503668,5.59945886003496,12.0366044969413,0.662978405494702,0.332467638567009,0.0831716467063839,0.498100101941287,0.41034562863607,0.976310707407573,"PWY.7977.L.methionine.biosynthesis.IV"
-5.42304633325697,-5.97864497632885,-4.68615280103318,4.42127592633178,9.64759465881667,0.602867167499384,0.358441644961698,0.0818696247601964,0.499444111486387,0.447827448287007,0.981715958445601,"PYRIDNUCSYN.PWY.NAD.de.novo.biosynthesis.I..from.aspartate."
-5.42867079453713,-6.15617699039189,-4.703499342105,5.22579731230558,12.7924708654203,0.630135003148697,0.338541768535368,0.0819073775740424,0.499640372996599,0.412090437136393,0.989404377365184,"PWY.1042.glycolysis.IV"
-5.40749066493421,-6.16772403292086,-4.59468076893278,3.59630808960624,11.9378398627834,0.604011650079288,0.36363644646146,0.0873018579836947,0.502720350729596,0.406866111829347,0.964562590477342,"NONMEVIPP.PWY.methylerythritol.phosphate.pathway.I"
2.19543851591103,3.93452411402134,-5.39714601243158,-2.36975287873343,10.0068928228546,-0.400975635536531,0.249350837565588,0.188100047449386,0.50305666501925,0.0768397503232062,0.21417802308202,"PWY.6305.putrescine.biosynthesis.IV"
-5.41380762118674,-6.10163092576743,-4.58376185161412,3.0692004021891,11.2431819884598,0.324549837412782,0.36363644646146,0.089130918749389,0.503190012425836,0.417781896412411,0.974039355589541,"PWY.5121.superpathway.of.geranylgeranyl.diphosphate.biosynthesis.II..via.MEP."
-5.44441394244834,-6.19389666303092,-4.81158133222837,4.32504694693967,10.2330303736328,0.626970783297555,0.351562591995791,0.0819854414445656,0.504545500183061,0.374183146816419,0.991408737790051,"PWY.8004.Entner.Doudoroff.pathway.I"
-5.4714552566644,-6.1388378492633,-4.74038340067783,7.07730375354468,11.2121876311972,0.679975126571263,0.316883235779889,0.0922033970812622,0.505125732521868,0.383249333387201,0.968290723163341,"GLYCOCAT.PWY.glycogen.degradation.I"
-5.40938630659743,-6.08823306309494,-4.6860383040228,3.66726999576364,12.3084897494469,0.524495362198315,0.350649442840829,0.0874751469055964,0.505211981891457,0.416823640513898,0.982940093968362,"X1CMET2.PWY.folate.transformations.III..E..coli."
-5.42760452180699,-6.03146694592638,-4.54013388821794,7.10263890495459,11.2795045674095,0.699960955343294,0.332467638567009,0.0917878804806964,0.508084489825404,0.402616455235941,0.968693510813594,"PWY.6936.seleno.amino.acid.biosynthesis..plants."
-5.45673618857117,-6.19262240270577,-4.785804590052,6.94941114924508,11.5064403977749,0.66109263346323,0.322916781096678,0.0909239033440078,0.511317913257441,0.398493051066581,0.965020507127864,"PWY.6823.molybdopterin.biosynthesis"
-5.39138292857801,-6.07315997910589,-4.57915922297608,4.24675426084764,10.4031951419502,0.502986534371445,0.367187580755307,0.0904770070703653,0.51155868245024,0.435074690934066,0.967441544232557,"PWY66.429.fatty.acid.biosynthesis.initiation..mitochondria."
-5.50754562357873,-6.2654483499981,-4.56566609619922,5.26652535340395,9.96894837052282,0.580095371390135,0.316883235779889,0.0888805624989166,0.512039057609617,0.359136382918552,0.957900414750119,"THISYNARA.PWY.superpathway.of.thiamine.diphosphate.biosynthesis.III..eukaryotes."
-4.97925942067223,-5.89435414058677,3.70424610465175,7.79427995296931,9.53631948447807,0.638982538338408,0.317708452146056,0.0916666192016103,0.514179280323978,0.344869859001293,0.98647209892301,"PWY.5941.glycogen.degradation.II..eukaryotic."
4.39005173194208,6.44912672274974,2.7484384003837,-2.60472550822349,9.88046194089303,-0.43342516581522,0.174026292765358,0.187297846348491,0.516758308762119,0.0169317125888816,0.0621834920123685,"PWY.6595.superpathway.of.guanosine.nucleotides.degradation..plants."
-5.55426233228041,-6.19142254416912,-4.51910685112039,4.60310791894335,10.0385912045498,0.586907003828901,0.343750097859492,0.0959205726432176,0.521663267924585,0.384259352779573,0.96777161505207,"PWY.6897.thiamine.diphosphate.salvage.II"
-5.3460380348567,-5.9669879363196,-4.56984754290371,5.89762919000124,12.8975564585395,0.604502822362183,0.3567709215136,0.0963008535511822,0.52201573130506,0.415557328700711,0.977714230813982,"GLUTORN.PWY.L.ornithine.biosynthesis.I"
-5.31849636018192,0.698666128309251,-6.49979721517193,-3.15790801069199,7.85948484648405,-0.435879109122491,0.298701433764329,0.209596470158985,0.522612259646583,0.190849476809955,0.418098444280378,"PWY.6803.phosphatidylcholine.acyl.editing"
-5.47800523520534,-6.13344662337164,-4.63202456275525,3.66523574313896,10.7566580078392,0.504803881088229,0.361039045703321,0.0997097980750752,0.530587489500814,0.403278017937944,0.959145829580712,"NONOXIPENT.PWY.pentose.phosphate.pathway..non.oxidative.branch..I"
-5.32777100720882,-6.306744395914,-4.38127619608351,5.94052241385071,9.81596323194221,0.607397329192551,0.3350650391146,0.101732147993036,0.533253593158725,0.374920460972851,0.965717449391363,"PWY.922.mevalonate.pathway.I..eukaryotes.and.bacteria."
-5.36471235242882,-6.12809380504196,-4.61433996909696,7.30711270757354,10.6101900492575,0.617574292987844,0.338541768535368,0.101755698975832,0.533976565297962,0.374558116515837,0.983575386119922,"PWY.I9.L.cysteine.biosynthesis.VI..from.L.methionine."
-5.44090569320877,-6.12636299602478,-4.68175235263055,6.22004812173172,9.96232983527195,0.649891312754085,0.320312616608314,0.0998913031560629,0.53526970203377,0.386735162815126,0.96237971973289,"PWY.1861.formaldehyde.assimilation.II..assimilatory.RuMP.Cycle."
-5.5095116312977,-6.19376332188693,-4.70139335857143,6.06191011994285,10.8276197365456,0.606719285864034,0.329870238042035,0.0998163421385302,0.537418183017477,0.404655431884292,0.981527581803027,"PWY.7357.thiamine.phosphate.formation.from.pyrithiamine.and.oxythiamine..yeast."
-5.46768687437052,-6.06222477612755,-4.73833284459471,3.31395711860543,9.16317899536954,0.46174056186246,0.369791745605842,0.106187589824264,0.546017591115851,0.39442393543956,0.977137710656084,"PWY.7237.myo...chiro..and.scyllo.inositol.degradation"
-5.40978235649072,-5.93804525008774,-4.6238923529247,5.15213125990906,10.5574762612584,0.57764968061858,0.350649442840829,0.105010360964545,0.546980816770155,0.420819529734971,0.962541095143862,"PWY.7392.taxadiene.biosynthesis..engineered."
7.50101270076055,6.41092752964408,7.92375482448065,1.8944005210468,2.45644985585074,1.09299733377918,0.00263029476749377,0.0969589365716053,0.549065253894336,0.000188116111829347,0.0118216697736787,"ANAEROFRUCAT.PWY.homolactic.fermentation"
-5.39749230495359,-5.95657368318772,-4.86567053513012,4.61853978931159,11.1802798833203,0.574032351505098,0.361979251101421,0.112607184158139,0.54908028718186,0.459927480607628,0.973034665570615,"PWY.8178.pentose.phosphate.pathway..non.oxidative.branch..II"
-5.48094706958365,-6.22303868431093,-4.50371581289563,5.4214916401196,10.0613717210989,0.579734180809306,0.342857240886826,0.112355836663981,0.558437646064227,0.391069408532644,0.972046273549052,"PWY66.409.superpathway.of.purine.nucleotide.salvage"
-5.37930020817803,-6.12878336906851,-4.3857776398322,4.41279952912855,10.1992121574452,0.48775202852553,0.354166756745689,0.118533699855696,0.564590828873818,0.409384847689076,0.967603518092252,"PWY.6292.superpathway.of.L.cysteine.biosynthesis..mammalian."
-6.56764184517209,-4.48403611780594,-7.2753803229245,-3.42541725376912,9.35798619204418,-0.404205312392973,0.286458480936742,0.241929621681099,0.565411101227431,0.229920814479638,0.424738571574565,"FUC.RHAMCAT.PWY.superpathway.of.fucose.and.rhamnose.degradation"
-5.16892655792151,-5.84707476104194,-4.52829292713247,5.35701927901687,10.790086779224,0.54423096995394,0.354166756745689,0.117729911202976,0.56553562762593,0.444185065853264,0.978797579798667,"PWY.7456..beta...1.4..mannan.degradation"
-5.40542930866782,-5.94480080489052,-4.60520625607724,4.50991923843049,9.11097282432451,0.538614211237477,0.348958427264429,0.124735342128866,0.570084637267122,0.422042915723982,0.969622869073235,"PWY.5913.partial.TCA.cycle..obligate.autotrophs."
-5.52924472505772,-6.29758501126071,-4.55319636617294,6.01210089521382,9.43761812541959,0.602882648984651,0.330729274711156,0.134578359032271,0.570570710318098,0.395274876777634,0.955669197728399,"PWY.7282.4.amino.2.methyl.5.diphosphomethylpyrimidine.biosynthesis.II"
5.24135796437133,4.12673599234771,5.76298075980663,2.00629794188223,3.48434608880996,0.562756511239383,0.210389855415166,0.108283502628592,0.571414622821657,0.0686207175177763,0.904720551194763,"PWY0.1586.peptidoglycan.maturation..meso.diaminopimelate.containing."
-5.39595746935158,-6.05680316729336,-4.56009468780228,6.08264655071898,9.53292562589783,0.595486664274639,0.348052042170242,0.125886903870794,0.571916141376534,0.414788451438268,0.970840148613511,"GLUCUROCAT.PWY.superpathway.of..beta..D.glucuronosides.degradation"
-5.5097073811995,2.2903933665679,-6.81034748109884,-3.97412970331758,11.5505817536425,-0.399262778877487,0.257812678825051,0.223257389285015,0.572680512439398,0.127395008484163,0.309375589171657,"PWY.7282.4.amino.2.methyl.5.phosphomethylpyrimidine.biosynthesis..yeast."
1.84738183770501,-5.17810387258326,2.69380394562771,7.16492616201176,8.36440262846251,0.732254985118095,0.265625169753521,0.117610254000774,0.58044486068224,0.155132666047188,0.954626644446696,"PWY0.1479.tRNA.processing"
-5.40162626927538,-6.1103005288474,-4.56453907641891,4.84349599191482,8.96123460952087,0.546661551164125,0.342857240886826,0.132002227872316,0.586529794756268,0.397453993616677,0.969499195241448,"PWY.1269.CMP.3.deoxy.D.manno.octulosonate.biosynthesis"
-5.54993560244937,-6.17117355874352,-4.73008887162497,4.03953037651095,8.91799375473225,0.501726944337085,0.350649442840829,0.128881071683445,0.589574982880097,0.38593219739819,0.974729851258765,"PPGPPMET.PWY.ppGpp.metabolism"
-5.40899262586565,-6.1254938075604,-4.61489614414232,4.34407320657499,8.28329056638167,0.562974358319475,0.343750097859492,0.1367161694331,0.591369018384377,0.386674561651584,0.95815140850907,"PWY.702.L.methionine.biosynthesis.II"
-5.48366275232843,-6.21081552238225,-4.52031120683239,4.87278022075876,8.64968125814156,0.513711499518311,0.348958427264429,0.134408472208549,0.591650417500407,0.414111738445378,0.977108428773999,"HEME.BIOSYNTHESIS.II.heme.b.biosynthesis.I..aerobic."
-5.55397063158177,-6.18758057364526,-4.72468450707347,4.63460919259006,9.20751460450711,0.521923775193243,0.351562591995791,0.13882247811156,0.592372439742111,0.401215053329024,0.975532308521304,"GLYCOLYSIS.E.D.superpathway.of.glycolysis.and.the.Entner.Doudoroff.pathway"
-5.44350455303139,-6.25260050431864,-4.64231820694318,3.92688267393208,9.95057185913837,0.498593109458453,0.355844244237074,0.138496772847058,0.595504146037445,0.424761130413704,0.944914077295135,"PWY.6969.TCA.cycle.V..2.oxoglutarate.synthase."
-5.37833300005083,-6.12222960596385,-4.54855524956547,4.83817968634062,9.10637047745497,0.539735909371228,0.340259840275115,0.141020896423312,0.595918038245645,0.384596446751778,0.974471677126103,"PWY.6293.superpathway.of.L.cysteine.biosynthesis..fungi."
-5.35893192654308,-5.8859352029776,-4.67257570777041,5.79325222022869,9.45768200205741,0.554559955458374,0.361979251101421,0.153392013998767,0.597328576050659,0.415497990061409,0.968240571384335,"PWY.7356.thiamine.diphosphate.salvage.IV..yeast."
4.91124963792912,2.47990703823667,4.91124963792912,3.07326415076734,8.78463680907516,0.588214201289518,0.27864598892312,0.124343958239737,0.600890594554742,0.167261736425339,1,"GLCMANNANAUT.PWY.superpathway.of.N.acetylglucosamine..N.acetylmannosamine.and.N.acetylneuraminate.degradation"
5.2772164640681,2.05955008791823,5.37839176612035,3.62859175419202,8.49111508224012,0.540015383133049,0.307291794573584,0.12551496494819,0.602162404278347,0.191913784744667,0.992437870641574,"PHOSLIPSYN.PWY.superpathway.of.phospholipid.biosynthesis.I..bacteria."
-4.48494350798655,1.50225082025053,-5.80118374763826,-2.95838431557784,8.57161996362839,-0.406636389770441,0.268229333495862,0.250782956280227,0.605214709028505,0.14759792138009,0.351471108271578,"KETOGLUCONMET.PWY.ketogluconate.metabolism"
5.64788788112332,4.91056362382331,5.93431734958995,1.45800767099955,5.4478266824007,0.44655430869669,0.205195059258336,0.129360952302093,0.607760677099938,0.0501209498222366,0.789490422520103,"PENTOSE.P.PWY.pentose.phosphate.pathway"
7.83384700272772,6.39456255556221,8.34832450179346,1.91213696996602,1.90843008008772,0.936917223506276,0.0805202768395157,0.13193829035904,0.613771988336261,0.00433929581447964,0.146663844334298,"PWY.2941.L.lysine.biosynthesis.II"
1.46084806287014,3.06986243190389,-4.92103240533158,-1.92213608718509,9.13122942806676,-0.217077404275962,0.358441644961698,0.248712762281466,0.614159794665453,0.319273442550097,0.671237556028171,"PWY.6282.palmitoleate.biosynthesis.I..from..5Z..dodec.5.enoate."
-5.51806739855021,-6.35167794496793,-4.53640125548238,4.55599552833118,8.51180150050164,0.51339541831732,0.353246843529948,0.165091094521606,0.616792119717361,0.391727183661926,0.9571372862451,"PWY.5136.fatty.acid..beta..oxidation.II..plant.peroxisome."
-5.48600094059407,-6.09043717639439,-4.63247032562037,3.91106167142985,8.20314491197408,0.482531154416275,0.36363644646146,0.173839484668964,0.621603600027226,0.409530037976729,0.97046624562588,"HEMESYN2.PWY.heme.b.biosynthesis.II..oxygen.independent."
6.20390857401972,5.91498392232493,6.82589538079533,1.42179490702731,3.20102901074205,0.458632984645078,0.265625169753521,0.141555376261542,0.630191659237744,0.118302308904331,0.990165417885497,"COLANSYN.PWY.colanic.acid.building.blocks.biosynthesis"
6.557361414522,5.91347702680685,6.79785883260605,1.27772421958323,2.71317862093316,0.596822078153802,0.205195059258336,0.141651806345678,0.631373168483731,0.0653924430349063,0.862452434821858,"PWY.6901.superpathway.of.glucose.and.xylose.degradation"
1.88233132042748,3.45200368175702,-4.87867605198928,-2.30041126331774,9.69397470972429,-0.287705946235411,0.361979251101421,0.245863082609746,0.632571394449448,0.31949943438914,0.665715775480361,"FASYN.ELONG.PWY.fatty.acid.elongation....saturated"
-5.5969998903761,-6.28308648805901,-4.83938836942246,2.74168680035334,8.24292963638023,0.408933585476199,0.3688312480254,0.165414477370915,0.633570259552188,0.416453720911442,0.979028854089017,"ARGININE.SYN4.PWY.L.ornithine.biosynthesis.II"
-5.43034890917204,-6.04916759288082,-4.75401264366009,4.52284351757876,8.46521512625878,0.480102865095879,0.348052042170242,0.173985157951239,0.64354352435634,0.414465245232708,0.975886288782831,"PWY.5130.2.oxobutanoate.degradation.I"
1.43131918737162,2.87763191279376,-4.88412568014727,-1.81881573870112,9.36402180476311,-0.222111542414078,0.35937508629901,0.276029107722948,0.646958547605617,0.36960270887201,0.71530322267372,"PWY.5989.stearate.biosynthesis.II..bacteria.and.plants."
-5.29898161039382,-5.99872837923802,-4.4141509742871,3.36193774490236,8.33657165507913,0.415056512812054,0.376623450483696,0.180118502228044,0.6482481095746,0.431244192388494,0.96082874210645,"PWY0.1261.anhydromuropeptides.recycling.I"
-5.51915581271051,-6.1289820610332,-4.51613095422159,4.28538004456994,8.23168045887707,0.537113472080434,0.355844244237074,0.184362836249282,0.649302477482756,0.405396533613445,0.981785588077076,"PWY.8073.lipid.IVA.biosynthesis..P..putida."
-5.35484555258007,-5.90404945337685,-4.53843798986287,4.09851110247563,8.44271440322063,0.503469300203996,0.348958427264429,0.185727968058685,0.653848408029573,0.429456458063995,0.978149365718076,"NAGLIPASYN.PWY.lipid.IVA.biosynthesis..E..coli."
5.07126539036864,6.1672999476953,-5.34091495651381,-1.55548976448483,12.2791937249466,-0.284853845497587,0.242187698465259,0.266294496782813,0.656390033668515,0.0879954145119586,0.24140206669856,"PWY0.1261.anhydromuropeptides.recycling"
-5.42755027472889,-6.13378565029611,-4.56034685209657,3.82121159656276,8.35296125106357,0.499833233202395,0.361039045703321,0.198542496745068,0.660678387256161,0.418849991919845,0.961394942960498,"PWY.801.homocysteine.and.cysteine.interconversion"
-5.40452610007246,-6.03786735306385,-4.42894055199516,4.7719573772029,8.02540076603409,0.54733820727012,0.335937603905084,0.201863310785766,0.662334215702339,0.396286158694247,0.976948113042578,"PWY.7761.NAD.salvage.pathway.II..PNC.IV.cycle."
4.56361698707117,3.95077077889334,4.67913470003907,0.87272672872394,2.76878259968899,0.331730704874071,0.249350837565588,0.157199829596939,0.664132978389218,0.124337174773756,0.979556840874159,"PWY.5505.L.glutamate.and.L.glutamine.biosynthesis"
-5.41910216137996,-6.17773247807147,-4.56217942391623,4.30984320230269,7.62356659578239,0.498713564201746,0.3567709215136,0.194863804400251,0.672373775604278,0.378614606900453,0.952586521934608,"PWY.6902.chitin.degradation.II..Vibrio."
-5.67743665524956,-6.01361361811423,-5.14010383165414,3.80711635125763,8.91676227008222,0.487902353429613,0.381818252192457,0.177598019860809,0.674357442531325,0.522173713235294,0.985222348307538,"HEME.BIOSYNTHESIS.II.heme.biosynthesis.I..aerobic."
-3.16347651235591,-5.32482898227666,3.63928279081159,7.31402119846998,9.64096935731923,0.628325058508261,0.364583415920345,0.164536507096307,0.67530047677485,0.374459639625081,0.994756285830865,"PWY.6630.superpathway.of.L.tyrosine.biosynthesis"
-6.26022320214798,-4.10183636132912,-7.04831436786661,-3.0998117482292,8.84667992552596,-0.391486791212744,0.312500123302907,0.315372693803648,0.677210996480146,0.231658047834518,0.451934691953613,"PWY.1861.formaldehyde.assimilation.II..RuMP.Cycle."
-5.49920344254992,-6.30945773940408,-4.67376468260144,3.87373232703597,7.17832217569173,0.471211768574874,0.340259840275115,0.222985090942686,0.68303046437999,0.377209417420814,0.96917683641126,"P185.PWY.formaldehyde.assimilation.III..dihydroxyacetone.cycle."
1.70887932039152,3.2341101746449,-4.86392096489394,-1.62689788784752,9.83094151557963,-0.184749162530661,0.375000075351832,0.292022622062371,0.692510377645952,0.366629464285714,0.718646281038218,"PWY.7664.oleate.biosynthesis.IV..anaerobic."
-5.35833441759659,-5.92958000953173,-4.4261225066652,4.44066822521151,7.5122554440937,0.477751481582244,0.345454641518724,0.23882333669488,0.698175148913756,0.405266493616677,0.984381402824227,"PWY0.1477.ethanolamine.utilization"
-6.68287903292834,-5.11139334689932,-7.3559468130369,-2.25012659959281,7.24812394070565,-0.329080795467232,0.327272837540329,0.356797095879168,0.700859682021454,0.275574953539108,0.493300984636998,"PWY.4702.phytate.degradation.I"
5.62639010260742,5.33201511362471,5.70541301085914,0.508197769184302,2.1543034532381,0.208562845119438,0.31168843505769,0.177551465344474,0.709114449615791,0.207812752504848,0.977468421824481,"PWY.7323.superpathway.of.GDP.mannose.derived.O.antigen.building.blocks.biosynthesis"
-6.7975322738788,-5.29677620613088,-7.44170012562972,-2.10102230350324,5.94643705027182,-0.339529235869699,0.302083465964847,0.398207153219292,0.709315922750927,0.336123091063348,0.552717969770029,"PWY.7046.4.coumarate.degradation..anaerobic."
-6.31760023131272,-4.27518469939278,-7.03773645263196,-2.43476427531094,8.03858216600693,-0.315207108018768,0.328125110148802,0.352939133857771,0.710813671885364,0.314368535875889,0.558065264897802,"PWY.7013.L.1.2.propanediol.degradation"
-6.80122971640927,-5.39443712850903,-7.38284712125563,-2.07722274940718,6.88966357051326,-0.317547788902452,0.340259840275115,0.40149972976677,0.729909406360496,0.336518261150614,0.561200398913086,"PWY.7616.methanol.oxidation.to.carbon.dioxide"
-6.26340921144278,-4.40602341899602,-7.00878044184993,-2.42402876103629,9.30659705125654,-0.295379770880654,0.306493634449153,0.356344587952683,0.730108017917773,0.279519079266322,0.513009490062416,"GLYCOCAT.PWY.glycogen.degradation.I..bacterial."
-5.87363301671929,-6.33162081697569,-5.56551330782952,1.6219226868251,8.59592080010434,0.212631508550702,0.407792261457162,0.256411748286213,0.745950493319431,0.55400826195863,0.975893993227299,"PWY.6470.peptidoglycan.biosynthesis.V...beta..lactam.resistance."
3.54477038621559,5.64778268481174,3.32607488594481,-2.28927757327736,4.58381945349389,-0.387242508142675,0.187500289813153,0.330202871716775,0.747512679331809,0.0327700791855203,0.110871746931005,"PWY.241.C4.photosynthetic.carbon.assimilation.cycle..NADP.ME.type"
1.78988171095237,3.26440881239833,1.59638361685938,-1.56893813669749,9.40751481462435,-0.187358393237731,0.307291794573584,0.36279301309049,0.752758164715498,0.198451135261797,0.461385414994829,"POLYAMSYN.PWY.superpathway.of.polyamine.biosynthesis.I"
2.12942812673908,-4.38728790040006,3.45028102030898,4.79134178087999,10.189669967777,0.469649081284759,0.306493634449153,0.212098830654223,0.760881447684683,0.274063712023271,0.995558114251682,"PWY.7328.superpathway.of.UDP.glucose.derived.O.antigen.building.blocks.biosynthesis"
3.39860439744387,3.51811359936403,-5.23386509082526,-1.35965455189366,11.2980040819301,-0.173272339964349,0.375000075351832,0.333525553948898,0.762414664362184,0.394359546703297,0.751539369934146,"GLYCOLYSIS.E.D.superpathway.of.glycolysis.and.Entner.Doudoroff"
3.71703137447746,5.63056032896011,3.39260548381989,-2.21061391388532,4.49277929181534,-0.374531249336915,0.192708612403045,0.352081719597834,0.776871343845821,0.0351714002908855,0.117154489614428,"PWY.7117.C4.photosynthetic.carbon.assimilation.cycle..PEPCK.type"
-6.33703658588797,-4.49518178525372,-7.11276412348778,-2.34203979073125,10.922672515329,-0.262774427385579,0.299479301707933,0.365292369803699,0.786455347504757,0.262986324337427,0.515783942513114,"PWY.6629.superpathway.of.L.tryptophan.biosynthesis"
-5.81554545534049,-6.23759329523526,-5.56506613823713,1.81966367867043,7.78325875511875,0.235557030400193,0.411458384991597,0.301164538353805,0.786912359554119,0.604576145361991,0.978766145280227,"PWY.7883.anhydromuropeptides.recycling.II"
-5.93750249750851,-6.11027982676029,-5.83646071322103,2.26581982435961,8.0749127593886,0.310584780306747,0.389610454852299,0.291450075556006,0.788342771292786,0.624498777876535,0.988692086733111,"COBALSYN.PWY.superpathway.of.adenosylcobalamin.salvage.from.cobinamide.I"
-6.0209096515937,-6.16330122823871,-5.94804975796904,1.50222351938582,8.48893914711855,0.187824273191285,0.43116887061371,0.301036114462541,0.793365658405512,0.671906563106012,0.998035242264728,"PWY.4321.L.glutamate.degradation.IV"
-5.81715131851787,-6.04051725426019,-5.63229024635466,1.671903479701,7.7550960436206,0.221089616726818,0.400000058563216,0.317516162029928,0.793940616143449,0.601475385827408,0.987304920270798,"PWY1ZNC.1.assimilatory.sulfate.reduction.IV"
-5.73409636218027,-3.97543349173719,-6.54483754937899,-2.54353113570032,9.10596264572491,-0.275680463575571,0.317708452146056,0.395071785917125,0.801407799800522,0.280046814398836,0.560780776215635,"PWY.4984.urea.cycle"
-7.01185675752395,-6.12982975590139,-7.45896956653184,-1.2944134382181,4.99737532437134,-0.256016844356862,0.369791745605842,0.565503604003955,0.80483460287922,0.439511201115061,0.658393719047809,"PWY.5088.L.glutamate.degradation.VIII..to.propanoate."
-5.82528761701081,-6.16315235697567,-5.60117033539689,2.03396173222334,7.10009944395628,0.296437232089328,0.390625064918509,0.352021091179941,0.805020215439457,0.579688005009696,0.980361691736606,"PWY4LZ.257.superpathway.of.fermentation..Chlamydomonas.reinhardtii."
-7.0360226787239,-6.02660592671993,-7.54205375018718,-1.32083466549846,4.91381098362735,-0.221718918365935,0.390625064918509,0.544462413279611,0.808834703467065,0.475414865465417,0.693312785580452,"GALACTITOLCAT.PWY.galactitol.degradation"
-6.80386931928905,-6.10856831184848,-7.12939180743406,-1.06718035256327,4.84111449962165,-0.191833091108781,0.412987063434108,0.604267724557905,0.817957699774959,0.543444721638655,0.725430437883426,"PWY.7003.glycerol.degradation.to.butanol"
-5.97349834173768,-6.28769851383521,-5.70669723254469,2.20253472613988,6.8786744714158,0.322722575755243,0.393229229889995,0.393898924511575,0.820774656996737,0.600740596719457,0.991131013306212,"PWY.6305.superpathway.of.putrescine.biosynthesis"
-6.86922176496577,-6.12681838965318,-7.24488026156459,-0.867768735567092,4.82422574175555,-0.171666594106335,0.398437559867012,0.587908283465432,0.82088716628366,0.519672652714932,0.733998281441292,"PWY.6583.pyruvate.fermentation.to.butanol.I"
-6.99082517698818,-6.15369100803321,-7.54268092063562,-0.946093451359007,5.21992949330849,-0.163274476726069,0.403645889887022,0.58678151224407,0.822245194516441,0.507099173804137,0.707194078576998,"PWY66.367.ketogenesis"
7.16088257497669,7.95705815025978,7.12773761008638,-0.974599293220711,2.30224650581446,-0.394703457361093,0.353246843529948,0.322344231778618,0.824755613513492,0.317896028603749,0.681150838309092,"PWY.7184.pyrimidine.deoxyribonucleotides.de.novo.biosynthesis.I"
-6.06491725987821,-6.06292934044989,-6.06766980315782,1.27021268885936,8.42840509354,0.135610223916633,0.42337666749082,0.361833218749356,0.828604858172301,0.664418531835811,0.987417248550061,"PWY.7209.superpathway.of.pyrimidine.ribonucleosides.degradation"
-6.86339408683761,-6.11535432335992,-7.28159513226509,-0.968786809169965,5.13390586764875,-0.167604260477052,0.410389662441088,0.587500222845156,0.838268324911178,0.492705134938591,0.713115576518539,"PWY66.391.fatty.acid..beta..oxidation.VI..mammalian.peroxisome."
-6.84830121372299,-6.10764767153767,-7.31454161807366,-1.2362905477191,4.99447406128594,-0.215533747184535,0.402597459517892,0.590342225555041,0.840965301729152,0.507100436328378,0.723183026376443,"ORNARGDEG.PWY.superpathway.of.L.arginine.and.L.ornithine.degradation"
-6.37822988859531,-5.25021218280174,-7.067148766733,-1.78416164857193,7.56590312111159,-0.252483748628936,0.371428648830288,0.563840634495323,0.846914072233834,0.438494869101487,0.671012054547033,"PWY.2723.trehalose.degradation.V"
-7.03519200436774,-6.17107747919546,-7.37399227611,-1.04317862192135,4.86266337395449,-0.158327294047084,0.387013053953315,0.627332488580654,0.848098798967077,0.507499393988365,0.710956309761262,"PWY.7210.pyrimidine.deoxyribonucleotides.biosynthesis.from.CTP"
-2.87393002078123,1.5994797485964,-4.37684853242732,-2.3820780862218,9.49872417590839,-0.273307681893336,0.315104287710659,0.459656570795237,0.848623121739204,0.258867970265029,0.548265180842912,"PWY.7316.dTDP.N.acetylviosamine.biosynthesis"
-5.81116225895358,-5.91239206859117,-5.71693386234,1.59465972873353,7.25310390461188,0.238214120173321,0.434895870760785,0.417557500783047,0.84896894982566,0.608237465659341,0.987198779179444,"SO4ASSIM.PWY.assimilatory.sulfate.reduction.I"
-5.96389089208528,-5.99048484897597,-5.92781473469798,1.36242920697223,7.25399463295239,0.182480786031905,0.425974068524625,0.35172243229737,0.849570437662507,0.693517190530058,0.990357708633789,"PWY.922.mevalonate.pathway.I"
-6.87142594625863,-6.07338724170456,-7.30681919547632,-1.23607981644258,5.21746125822787,-0.208451026233554,0.387013053953315,0.638495183775102,0.853101164233377,0.529767796541694,0.728705328518339,"PWY0.862..5Z..dodecenoate.biosynthesis.I"
-6.90505557624783,-6.08328975518832,-7.32370242313441,-1.09071078351439,5.14513715807626,-0.185545382152788,0.400000058563216,0.640729363885023,0.853452265643897,0.493900745394312,0.710690661502352,"PWY.5860.superpathway.of.demethylmenaquinol.6.biosynthesis.I"
4.29302626726027,4.07751459537594,4.45919984020754,2.26875988567795,7.24676825712998,0.26536272526421,0.294270973293744,0.253386342223635,0.854951221881378,0.212499242485456,1,"PWY.5384.sucrose.degradation.IV..sucrose.phosphorylase."
-6.89911167694342,-5.9753034695754,-7.23414339938238,-0.954204779738548,5.04503967422675,-0.183864965424621,0.407792261457162,0.675581597020594,0.855404298681866,0.555979062297996,0.733851343545783,"PWY.5497.purine.nucleobases.degradation.II..anaerobic."
-6.89004274997877,-5.9628127679929,-7.39801534705811,-1.19634931196651,4.91339025751922,-0.217861087513563,0.389610454852299,0.614106983345634,0.855914753987714,0.48003570418552,0.69397644921398,"PWY.5863.superpathway.of.phylloquinol.biosynthesis"
-6.91863883567555,-6.16407135895171,-7.27396013065542,-1.14292694743173,5.24883827567278,-0.185757150311449,0.393229229889995,0.605536011723834,0.858399248136427,0.496552046299289,0.716259530517305,"PWY.5656.mannosylglycerate.biosynthesis.I"
6.85946830494295,6.96168379321606,6.76446734285156,-0.123072476522244,2.59853431382125,-0.0179817390837572,0.471354182908856,0.243699598711295,0.867939558731375,0.770460467840983,0.996646536983899,"PWY66.399.gluconeogenesis.III"
-6.86368649157223,-6.01186336482357,-7.31240721091867,-1.28699312294674,5.15134552343448,-0.230350921521688,0.361039045703321,0.618539503846012,0.868440342350919,0.497723668794441,0.712175285937576,"P161.PWY.acetylene.degradation"
-6.96378917292435,-6.03546636692183,-7.36427846430268,-0.973167572290564,4.84600643610872,-0.162673235549797,0.407792261457162,0.631833750794897,0.869392215368466,0.516401452407886,0.718594142537171,"ARGDEG.PWY.superpathway.of.L.arginine..putrescine..and.4.aminobutanoate.degradation"
-6.96672855064046,-6.1553279503292,-7.37306895363555,-1.2872145174433,5.30215217533786,-0.202363434177584,0.385416735011439,0.665893922042122,0.869773091752018,0.508528351244344,0.70368539333059,"PWY.5837.1.4.dihydroxy.2.naphthoate.biosynthesis.I"
-4.75653361437593,-5.51292430227855,2.158795519896,3.44627790536395,9.94259048076542,0.433116985405363,0.343750097859492,0.321904048678959,0.871666459146146,0.411561439479638,0.999138335622711,"FAO.PWY.fatty.acid..beta..oxidation.I"
-6.30576144792659,-6.26256450897914,-6.33688805749844,0.6854904235097,7.77269904356408,0.082988585445072,0.459740282522272,0.451268626730704,0.872680640250767,0.717368798480931,0.983715994501592,"P441.PWY.superpathway.of.N.acetylneuraminate.degradation"
-6.97765016436961,-6.19396718547516,-7.3524663752874,-0.946492372960393,5.21116957174213,-0.17648851298906,0.410389662441088,0.661244627785496,0.872908008554818,0.529940762362637,0.720655396157918,"PWY.7211.superpathway.of.pyrimidine.deoxyribonucleotides.de.novo.biosynthesis"
-6.84606624486134,-6.20274334106029,-7.19293068502925,-0.842051183155863,5.01151450825022,-0.138638178944839,0.419270880177702,0.667995529252713,0.873563663535333,0.569055025856496,0.768530951723598,"PWY.6863.pyruvate.fermentation.to.hexanol..engineered."
-5.67362342670054,-4.25524511033263,-6.42365409652432,-1.60295228612602,8.68098481638655,-0.197351770250099,0.3567709215136,0.484444475735673,0.875290572036613,0.352415966386555,0.642423942987224,"PWY.6588.pyruvate.fermentation.to.acetone"
-6.99771829217781,-6.14291335317539,-7.42226885832471,-0.954087491772762,4.91111254488042,-0.145262844846221,0.406250054912278,0.668972709499421,0.876509539756745,0.495449862637363,0.694152549164781,"PWY.5918.superpathay.of.heme.biosynthesis.from.glutamate"
-6.91739481135921,-6.01924197374399,-7.40638951582156,-1.45119660473047,4.77547405007984,-0.249131601741772,0.379220851331365,0.627464345665609,0.877023268584944,0.47257544844861,0.689742149307275,"PWY66.389.phytol.degradation"
-7.01891774172533,-6.03086950967623,-7.59085350773194,-1.52251198303581,4.97544197873948,-0.24358618714114,0.366233847235641,0.647683187319256,0.880599471785113,0.4456369687298,0.689296756568097,"PWY.5899.superpathway.of.menaquinol.13.biosynthesis"
-6.97131809753755,-6.26989211395995,-7.38968926332101,-1.00876644948521,5.0590118957252,-0.152313206014743,0.414062550045003,0.698896648975161,0.884161065428272,0.561531643907563,0.771552139753625,"METHGLYUT.PWY.superpathway.of.methylglyoxal.degradation"
-6.82922503065914,-6.16155864696996,-7.23980065639547,-0.9638080857869,5.32706493349864,-0.15421883883614,0.414062550045003,0.640326845501802,0.88752106088553,0.489615738122172,0.710179524745809,"PWY.6895.superpathway.of.thiamine.diphosphate.biosynthesis.II"
-4.44421170346556,-5.24688666195866,1.99420062526486,1.3183795617575,10.0388452848288,0.148288310662907,0.395833394872951,0.358390606370323,0.888114917792875,0.472203003797673,0.998904624950942,"PWY.5136.fatty.acid..beta..oxidation.II..peroxisome."
-7.06364407981208,-6.34846278124749,-7.52154778888087,-1.09357363622426,4.77175511170491,-0.16409393512823,0.402597459517892,0.691908971556255,0.889643267460419,0.520214275614092,0.725766519145273,"PWY.5862.superpathway.of.demethylmenaquinol.9.biosynthesis"
-6.32340035511042,-6.18164072827872,-6.4115487884536,0.15590223884606,7.4027508681567,0.0268836131162771,0.488311694886532,0.487436315148098,0.890691623368456,0.763972355769231,0.958494132238046,"PWY.5265.peptidoglycan.biosynthesis.II..staphylococci."
-7.03030081876551,-6.04254066465806,-7.53115414369252,-1.22950778049065,5.27658334215812,-0.185697285825514,0.407792261457162,0.665404751623153,0.895562197153605,0.498327155381383,0.707165023083927,"PWY.5838.superpathway.of.menaquinol.8.biosynthesis.I"
-6.87513845441447,-6.0484388629047,-7.38362734434785,-1.58419209397927,5.21260305936903,-0.237125810687747,0.371428648830288,0.671565014301894,0.897025619706459,0.472064126131222,0.695324181815931,"PWY.5898.superpathway.of.menaquinol.12.biosynthesis"
-6.39535176567317,-6.22966597421271,-6.46304124806359,0.585378074306533,7.03680353295657,0.0917606248248689,0.445312531280238,0.491459940828447,0.898517631652301,0.761174602052359,0.978875934477941,"PWY.7332.superpathway.of.UDP.N.acetylglucosamine.derived.O.antigen.building.blocks.biosynthesis"
-6.88198902559451,-5.93567777765789,-7.3491629109043,-0.983505660840447,5.00242609004382,-0.149111215541343,0.403645889887022,0.689120049163326,0.898894139195867,0.478129292582418,0.694799765045115,"PWY.5897.superpathway.of.menaquinol.11.biosynthesis"
-6.99536323268191,-6.31417829770369,-7.35318777036333,-0.758349223704147,4.91317683587699,-0.133619779590492,0.421875045256368,0.688773252813747,0.899043503693746,0.553525977698772,0.762225213829565,"PWY.7385.1.3.propanediol.biosynthesis..engineered."
-6.96302288858532,-6.13650104580134,-7.36016244592621,-0.967465336911295,4.88318898394266,-0.162236766924392,0.403645889887022,0.689727285920702,0.901097495806214,0.526816014867485,0.744055008223889,"PWY.5791.1.4.dihydroxy.2.naphthoate.biosynthesis.II..plants."
-7.01697054240762,-6.34659290009206,-7.32359210301742,-0.895839193073879,4.89709055703122,-0.147198966358207,0.418181865446157,0.702139717508783,0.902593341221086,0.577128868374273,0.772899883848804,"PWY.7992.superpathway.of.menaquinol.8.biosynthesis.III"
2.19483433951174,4.123089687826,2.03631803016647,-2.28190938768514,9.56829193105888,-0.270458758472656,0.268229333495862,0.473866812562723,0.903544787620103,0.112993394473174,0.298704169958501,"PWY.6749.CMP.legionaminate.biosynthesis.I"
-6.93026155037173,-6.04068284777769,-7.33877221399529,-1.20496309983393,5.09410396539796,-0.221900346242469,0.380208405154813,0.663406565613596,0.903854003183581,0.514613718083387,0.714233715353227,"PWY.5845.superpathway.of.menaquinol.9.biosynthesis"
-7.08083584199272,-6.40157656049126,-7.48240891466346,-1.01625779396424,5.3345217927202,-0.151703850818677,0.398437559867012,0.682050424166364,0.903883687544053,0.539320054945055,0.753366499842154,"PWY.5896.superpathway.of.menaquinol.10.biosynthesis"
-7.05846668179566,-6.33762432807803,-7.40755243575495,-1.21363202405887,5.091694657809,-0.195590610584155,0.390625064918509,0.68564560705169,0.904129870544419,0.50767614738203,0.706208311046869,"PWY.5840.superpathway.of.menaquinol.7.biosynthesis"
-6.32395750061726,-6.14627776290008,-6.40938231473038,0.286473900301703,7.19903588111986,0.0472042563709798,0.473958348090526,0.539137723237252,0.904279670596869,0.748467295572075,0.965125485021238,"RUMP.PWY.formaldehyde.oxidation.I"
3.62865210939982,-3.81498171174,3.93237704018691,1.89543092436093,9.8552519959963,0.291410080988231,0.380208405154813,0.325420493038614,0.906401839045544,0.489560187055591,1,"PWY.6628.superpathway.of.L.phenylalanine.biosynthesis"
-6.82628305087266,-5.84488426233088,-7.23180640897638,-1.23873206573718,4.98948584946526,-0.212432902488809,0.390625064918509,0.674859804899712,0.908376837014001,0.483928066418875,0.718771795227783,"PWY.5861.superpathway.of.demethylmenaquinol.8.biosynthesis"
-6.54541063625639,-5.55764538138926,-7.02935308264613,-1.60218053474857,7.94940314638362,-0.198071550710066,0.381818252192457,0.603662139820528,0.911303687601776,0.458622030542986,0.70990689285515,"PWY.6531.mannitol.cycle"
-6.25920994751138,-6.18180407277212,-6.33088606020317,0.652110315930409,6.4386057190473,0.101913156170649,0.462337683632515,0.541713447119737,0.914321072447004,0.734325761554622,0.95863111821802,"ALLANTOINDEG.PWY.superpathway.of.allantoin.degradation.in.yeast"
-7.00255420274634,-6.24365338939026,-7.37805102807158,-1.04105065929298,4.78928638584201,-0.167903178553519,0.397402657618966,0.727995746513446,0.915618068536829,0.530886393018746,0.731794103538974,"PWY.5850.superpathway.of.menaquinol.6.biosynthesis.I"
-4.42606239447719,-5.37087775901449,0.754404242259707,2.33172671259522,8.43626737170314,0.274458246623208,0.387013053953315,0.433853123581714,0.915710584627314,0.559333589204913,0.993311681173369,"PWY.5083.NAD.NADH.phosphorylation.and.dephosphorylation"
-6.99592010539221,-6.03996704748681,-7.42446997661674,-1.44556431658511,5.1243799177465,-0.219269863330324,0.376623450483696,0.693043719284451,0.916977408562119,0.472665087669683,0.699502371781476,"PWY.6263.superpathway.of.menaquinol.8.biosynthesis.II"
-6.55603057740827,-5.43422831868271,-7.13381870341035,-1.55386458651529,8.5115518968873,-0.204235078560965,0.375000075351832,0.594687697911409,0.918418025151668,0.435913007029735,0.708950284769652,"PWY66.398.TCA.cycle.III..animals."
-6.32625474580583,-6.11074544874877,-6.43131774487306,0.391325910558831,6.9125149725015,0.0593007116764947,0.46875001772985,0.56160291045103,0.918544389450922,0.748333468002586,0.97134208188363,"P161.PWY.acetylene.degradation..anaerobic."
-6.32825022047996,-6.14016787928856,-6.4590191991139,0.295358113329696,7.01653467660573,0.0462953752487717,0.483116892619525,0.522695737270743,0.920120202010205,0.797208306399483,0.964101955756848,"GLYCOLYSIS.TCA.GLYOX.BYPASS.superpathway.of.glycolysis..pyruvate.dehydrogenase..TCA..and.glyoxylate.bypass"
-6.30205160360619,-6.09585050831438,-6.398162519405,0.548151841338743,6.37692971851772,0.0617304910931767,0.466145852553757,0.540338450024535,0.926581057050432,0.748901603910795,0.973117941290504,"PWY.6607.guanosine.nucleotides.degradation.I"
-3.69852716025752,1.43290006847738,-5.027409312713,-1.12386931897916,10.2984561922866,-0.116892169870369,0.388020899958863,0.575351991660021,0.928843015903553,0.432010544602456,0.753616211941015,"PWY.821.superpathway.of.sulfur.amino.acid.biosynthesis..Saccharomyces.cerevisiae."
-6.97680782296416,-6.09672482540031,-7.41325408339945,-1.41564647274931,4.7664649803305,-0.229777727994967,0.367187580755307,0.699682620670582,0.92956385487979,0.499055631868132,0.711361483044095,"PWY.6969.TCA.cycle.V..2.oxoglutarate.erredoxin.oxidoreductase."
-6.46654626806168,-6.25758492315193,-6.66243745682276,0.382153713465686,7.66771147886787,0.0577194546461282,0.471354182908856,0.572851742454974,0.931322333903205,0.801835457740789,0.96197721172516,"TEICHOICACID.PWY.teichoic.acid..poly.glycerol..biosynthesis"
-6.92479908757999,-6.27570933924743,-7.40861621309154,-0.897128917079046,4.6883905471372,-0.150322509777068,0.406250054912278,0.721836300530394,0.933343729441792,0.50520917501616,0.71431821186818,"PWY.6471.peptidoglycan.biosynthesis.IV..Enterococcus.faecium."
-6.43400885430459,-6.20845490231807,-6.58096608316568,0.238125111707037,7.04484884149725,0.0405482148113152,0.483116892619525,0.571178093323592,0.936153475886559,0.76991000727214,0.965611738643982,"TCA.GLYOX.BYPASS.superpathway.of.glyoxylate.bypass.and.TCA"
-6.20904387350871,-6.1614745267278,-6.238595982834,0.651893158123941,6.90747657623378,0.0719865084027528,0.467532485863235,0.596843790010562,0.936955061054762,0.773392049127343,0.963751836485467,"PWY.7688.dTDP..alpha..D.ravidosamine.and.dTDP.4.acetyl..alpha..D.ravidosamine.biosynthesis"
-6.2793861880573,-5.93256395555664,-6.4481078106715,0.334982796576885,7.11006858553662,0.0479305465843492,0.473958348090526,0.622508020523809,0.947108417963658,0.801348123383969,0.953817537815309,"PWY.8131.5..deoxyadenosine.degradation.II"
5.98455493960736,5.90988892769073,6.4722710619825,0.704338726884254,1.39652669984696,0.199935492311902,0.337662439684174,0.282812671858654,0.950054121322941,0.261151876616031,1,"PWY.5659.GDP.mannose.biosynthesis"
-6.77588466567596,-6.14148182482374,-7.09654727519242,-0.825355035745402,6.69165563091482,-0.108995552037541,0.441558474869782,0.721910883596292,0.951861484333054,0.629142342032967,0.822988438538075,"P4.PWY.superpathway.of.L.lysine..L.threonine.and.L.methionine.biosynthesis.I"
-6.67147842105087,-6.114431961681,-7.02274812350369,-0.579263941758779,5.80824691694339,-0.0781773694310177,0.445312531280238,0.77126685790219,0.953043499853077,0.6855999010181,0.862555799809753,"CRNFORCAT.PWY.creatinine.degradation.I"
5.10410597919416,5.97728783174348,4.49689903261577,-1.27031949153903,6.70235502741845,-0.19093166387457,0.277922233459087,0.531621511360627,0.954015602759596,0.137103819893342,0.353246801745735,"PWY.6353.purine.nucleotides.degradation.II..aerobic."
-6.64684718682371,-5.93873693108252,-6.89616056862707,-0.544459444995069,5.90832518433064,-0.0950850472970115,0.457142881415775,0.748264742985701,0.961006068010135,0.690459356819651,0.86634359269507,"METSYN.PWY.superpathway.of.L.homoserine.and.L.methionine.biosynthesis"
-6.57844578328319,-6.05744842104191,-6.84783278063248,-0.293586271488074,5.71780896517581,-0.0410238529511254,0.475324689231185,0.7781016316273,0.9631495895317,0.674023816257272,0.844256719969145,"PWY.5189.tetrapyrrole.biosynthesis.II..from.glycine."
-6.65265209304041,-6.11625865644941,-6.88309364498672,-0.327730621246612,6.38572402786413,-0.0550225965661561,0.466145852553757,0.753567625607835,0.9645148816731,0.678518402553329,0.868083031446152,"PWY.5173.superpathway.of.acetyl.CoA.biosynthesis"
-6.6833680224232,-6.17198021237525,-6.98547165701576,-0.571077954949047,6.05321614496196,-0.0795425678743299,0.449350678121296,0.769318458285439,0.965156965199277,0.655476072640595,0.870987787765633,"P23.PWY.reductive.TCA.cycle.I"
-6.59937234375341,-6.10022910397083,-6.8156137524245,-0.236869640859493,5.7497475146743,-0.035085823468798,0.477922090358689,0.696554395785288,0.965558745999475,0.705597022462831,0.895243733143897,"P122.PWY.heterolactic.fermentation"
-6.61251914587134,-6.14519598852367,-6.8920299630516,-0.369386257549731,5.94740410077017,-0.078226356248826,0.466145852553757,0.787491610071034,0.967006387682926,0.68402805833872,0.883924299092582,"PWY.7371.1.4.dihydroxy.6.naphthoate.biosynthesis.II"
3.10898394935335,5.69730035450733,2.97956961291398,-2.50353113716987,9.72238551270455,-0.237125967837295,0.302083465964847,0.598751727166443,0.96767547951268,0.192618273270847,0.456629859246489,"SULFATE.CYS.PWY.superpathway.of.sulfate.assimilation.and.cysteine.biosynthesis"
-6.71952103989498,-6.18860082860469,-7.0614532361726,-0.355871688057488,5.71178478570005,-0.0666881826767511,0.453125026725783,0.743595528154564,0.967735329615651,0.6967227395766,0.872306654149276,"PWY.6891.thiazole.biosynthesis.II..Bacillus."
-6.6959317526913,-6.00350129458022,-7.01180079527363,-0.453575136308424,6.2963938122534,-0.0756608650636522,0.446753277032334,0.717789285591433,0.971042476884733,0.625854728910795,0.824187186612944,"PWY.6895.superpathway.of.thiamin.diphosphate.biosynthesis.II"
-6.09680232691566,-5.26460132660445,-6.63575053878138,-1.22194439160058,8.92472316657216,-0.129989398303129,0.415584464435902,0.764064955788212,0.973544468820998,0.576835962750485,0.813229380047008,"P162.PWY.L.glutamate.degradation.V..via.hydroxyglutarate."
-6.54284940986218,-5.91547811646376,-6.87892392373226,-0.648983185187049,6.21539271537003,-0.0872497973157584,0.442708366141839,0.759919176244663,0.973722730054657,0.628862061651584,0.847305771566928,"PWY.7345.superpathway.of.anaerobic.sucrose.degradation"
-6.17201938745205,-5.47407602438452,-6.61247910929937,-0.929994753457231,8.64025287417497,-0.110037401320482,0.429687540537985,0.752130184071438,0.976825574362829,0.580730850032321,0.804492346033529,"PYRIDNUCSAL.PWY.NAD.salvage.pathway.I"
-6.71096498556092,-6.02100970817202,-7.16940727270946,-0.472239572084369,6.07099161727473,-0.0539583688568096,0.467532485863235,0.761937375107837,0.977031455967348,0.610852153361345,0.830404445990736,"PWY0.781.aspartate.superpathway"
3.44100598008782,5.65302705259581,3.31169716820639,-2.40325992951766,9.77814550688159,-0.24421812919287,0.302083465964847,0.619958320154662,0.977629401956205,0.183576074660633,0.441146852360965,"PWY.5345.superpathway.of.L.methionine.biosynthesis..by.sulfhydrylation."
-6.50338573364765,-5.96584482758537,-6.87180777770109,-0.577041548036267,6.02805891446916,-0.0906616223911656,0.438961073796725,0.797935316780741,0.979897947053192,0.641176723093083,0.858494573534748,"PWY.5918.superpathway.of.heme.b.biosynthesis.from.glutamate"
-5.13475433306872,-5.33966254471884,-4.87129369599155,0.261484664509463,8.42143164237659,0.0391391373698283,0.484375008838929,0.681705381494118,0.990154191584998,0.79983309429541,0.994644683790725,"GLYOXYLATE.BYPASS.glyoxylate.cycle"
-3.41853205742284,-4.43708388444874,2.32682639035262,0.60459813269894,9.70101037172974,0.0610723730271583,0.43636367272951,0.673564900223294,0.990653919932826,0.671991152230123,0.999766659622429,"PPGPPMET.PWY.ppGpp.biosynthesis"
-5.41343052869414,-5.68274671082888,-4.8968996278646,0.477023383195955,9.66241141250499,0.0418223076604861,0.485714293752376,0.642020662148144,0.990720455428692,0.782188055510666,0.997083566517664,"PWY.7254.TCA.cycle.VII..acetate.producers."
-2.88537736697057,-3.97450215113348,4.75164194549603,1.91371030154553,11.5352953312291,0.184050321268086,0.371428648830288,0.534793741478964,0.990743565951376,0.42371828539108,0.997388423518446,"PWY.7539.6.hydroxymethyl.dihydropterin.diphosphate.biosynthesis.III..Chlamydia."
-5.25304487602267,-4.3057931287239,-5.86168836217995,-0.395446511667596,9.70801597818355,-0.0370880198017973,0.472727288105946,0.813722318594124,0.990812964934679,0.720167814722043,0.93536459454909,"GLUCOSE1PMETAB.PWY.glucose.and.glucose.1.phosphate.degradation"
2.02864535417835,-4.06536544392874,2.18225945832399,3.34467431578016,9.36884194929927,0.295577223110262,0.463541687380826,0.523315546721296,0.995681280739541,0.801196620475113,1,"CITRULBIO.PWY.L.citrulline.biosynthesis"
-4.46991195679408,-4.13372688849699,-5.02962599541055,-0.78252624252095,10.0135439111859,-0.0942029998202489,0.428571469565685,0.800618252687923,0.99570320567041,0.640077064479638,0.928464142171445,"P562.PWY.myo.inositol.degradation.I"
-4.331835767199,-3.98799603889386,-5.04099495772495,-0.22093121583123,9.44975904851917,-0.0225805933096884,0.480519491488215,0.847596056698698,0.995762144392008,0.842189520038785,0.994035291986017,"PWY.5005.biotin.biosynthesis.II"
5.03561409711438,6.08664713070731,4.73907007474595,-1.30209132066227,2.35357312042833,-0.263243129881477,0.210937745369146,0.69883243138508,0.996451662164312,0.0553263372656755,0.17061051745631,"P461.PWY.hexitol.fermentation.to.lactate..formate..ethanol.and.acetate"
8.21393474596255,8.61124391409594,8.17159657777059,-0.236956550816971,1.32936783654024,-0.176240426177313,0.410389662441088,0.515837374924213,0.996907528602176,0.533389978587589,0.928405479025578,"HSERMETANA.PWY.L.methionine.biosynthesis.III"
2.83934005142134,0.789677518319875,4.00304401613215,2.82314986022681,10.6640297553151,0.271423460028541,0.31168843505769,0.53059395787767,0.997486700291371,0.31971532603426,0.999167438665985,"POLYISOPRENSYN.PWY.polyisoprenoid.biosynthesis..E..coli."
-3.29046383829293,-4.22025810524771,1.34774695645628,0.943490713333847,9.23085448402366,0.121479323880547,0.421875045256368,0.653513529546699,0.997855626040246,0.709955256140918,1,"PWY.6731.starch.degradation.III"
-4.34342666927462,-3.92373916990894,-4.97878936915116,0.0446180280863935,10.0209404885318,0.00511660266108191,0.496103898294446,0.886226794481647,0.998142029983604,0.853550975678733,0.995953495228401,"BIOTIN.BIOSYNTHESIS.PWY.biotin.biosynthesis.I"
-3.25373521443178,-4.23702169848819,3.41064975328281,0.162557174687231,10.8716881961189,0.0179049864939033,0.476562513274613,0.72984049234626,0.998344661361558,0.876618556076277,0.998465210619806,"NAGLIPASYN.PWY.lipid.IVA.biosynthesis"
2.10381386312276,2.12114106051058,2.10381386312276,-1.51447407848844,10.1022829487358,-0.144677618028415,0.3567709215136,0.779304254791295,0.998892698926864,0.366731728749192,0.729784614376985,"PWY.621.sucrose.degradation.III..sucrose.invertase."
3.4754767304182,1.61895152090283,3.4754767304182,0.0568848224853085,10.2915605186506,0.0049081601820085,0.496103898294446,0.6639418683534,0.999686298328361,0.92138766564318,1,"PWY0.845.superpathway.of.pyridoxal.5..phosphate.biosynthesis.and.salvage"
5.02584356038941,5.9216365282784,4.545941246073,-1.47117273143407,2.25131105111386,-0.226580142865915,0.246753438257678,0.801444828453321,0.99977015032946,0.0816221921460892,0.233386117260939,"PWY.7198.pyrimidine.deoxyribonucleotides.de.novo.biosynthesis.IV"
-4.38956186165449,-4.18058498150572,-4.71575221445354,0.0702862495333481,9.4841991034151,0.00724592111267133,0.492187504416227,0.868386636448441,0.999982741366685,0.867118061166774,0.991988895904186,"PWY.6519.8.amino.7.oxononanoate.biosynthesis.I"
8.75365908117179,9.11248381906305,8.75365908117179,-0.47054733310927,1.58970891580034,-0.277023696375519,0.405194860482653,0.606603867022229,1,0.48885191095669,0.92785699426611,"OANTIGEN.PWY.O.antigen.building.blocks.biosynthesis..E..coli."
8.72846034656029,8.63626140676485,8.72846034656029,0.0665506205659883,1.92597875208253,0.0334434802216779,0.485714293752376,0.797045162943966,1,0.911652341224952,1,"UDPNAGSYN.PWY.UDP.N.acetyl.D.glucosamine.biosynthesis.I"
8.72178649067844,9.05881854088675,8.72178649067844,-0.387156557331274,1.79150689160672,-0.213733447582755,0.470129886983215,0.718253963989535,1,0.826065822963801,1,"PWY.841.superpathway.of.purine.nucleotides.de.novo.biosynthesis.I"
8.44210871302983,8.46998214204186,8.44210871302983,-0.0737173615762421,2.09051602298691,-0.0294643955591743,0.486979174030241,0.93277709195421,1,0.90326539269554,1,"PWY.7228.superpathway.of.guanosine.nucleotides.de.novo.biosynthesis.I"
8.28050942567551,8.57753935190535,8.28050942567551,-0.202501766093176,1.724700818064,-0.0846313266781599,0.483116892619525,0.801233293891657,1,0.864226880656109,1,"PWY.6125.superpathway.of.guanosine.nucleotides.de.novo.biosynthesis.II"
8.14934420723381,7.97588365562746,8.14934420723381,0.0830105223760187,1.82167201128025,0.0518573470050207,0.479166678460872,0.847982735741087,1,0.944412320216548,1,"PWY.7208.superpathway.of.pyrimidine.nucleobases.salvage"
7.81390050713045,7.50244101813863,7.81390050713045,-0.124425888035266,2.24320691666391,-0.0704403865490826,0.463541687380826,0.943840061984287,1,0.766172935520362,1,"LACTOSECAT.PWY.lactose.and.galactose.degradation.I"
7.55262133701953,7.26596926453847,7.55262133701953,0.313432171825086,1.94866694786808,0.149865432984722,0.464935084746253,0.75699141974823,1,0.891676682692308,1,"PWY.7197.pyrimidine.deoxyribonucleotide.phosphorylation"
4.89370081586372,3.96879551511958,4.97405887374213,1.01527666837281,3.72909373608234,0.204729498567105,0.36363644646146,0.514500682077276,1,0.403485071913381,1,"PWY0.1241.ADP.L.glycero..beta..D.manno.heptose.biosynthesis"
6.58291104429398,5.92970171761164,6.69421418729136,0.753180923049405,3.17873268473909,0.136110643865296,0.395833394872951,0.44776008512796,1,0.511191014867486,1,"PWY0.162.superpathway.of.pyrimidine.ribonucleotides.de.novo.biosynthesis"
4.92047314366883,6.96375947701336,4.58552282136921,-2.13405121658447,1.12386215958211,-0.805632803525483,0.203125259127342,0.85825411361557,1,0.0358683136716224,0.119724876142857,"P164.PWY.purine.nucleobases.degradation.I..anaerobic."
5.80315366060104,6.39694082569363,5.4369373196193,-0.820555429952385,1.04259748688186,-0.463722984244248,0.238961240707677,0.71424720349184,1,0.079294097446671,0.225369152256541,"PWY.7242.D.fructuronate.degradation"
5.92005571557417,6.3983917944231,5.59200816875321,-0.998400493897501,1.27882352624289,-0.346887686724953,0.197916935521564,0.734610111667706,1,0.051546339689722,0.158260659191381,"GALACTUROCAT.PWY.D.galacturonate.degradation.I"
4.90465282238919,5.90833002152994,4.76282002834049,-1.12286996506753,2.08351723838812,-0.242309965903024,0.298701433764329,0.826035830780547,1,0.193951498868778,0.462238187581959,"PWY.6549.L.glutamine.biosynthesis.III"
5.50691334609085,6.52347504132505,5.35182530930403,-1.29363630342478,1.20903989554418,-0.778396225828866,0.18229196779796,0.857703831439174,1,0.0307992788461538,0.105570616037052,"GALACT.GLUCUROCAT.PWY.superpathway.of.hexuronide.and.hexuronate.degradation"
5.28764924802936,6.09961476800222,5.12379014582908,-1.08493307163898,1.13863348470161,-0.574016973969465,0.197402865843457,0.808522327731525,1,0.0319216628959275,0.10861788766669,"PWY.6507.4.deoxy.L.threo.hex.4.enopyranuronate.degradation"
5.64536542371385,6.07337045101897,5.51690532879151,-0.447971695838982,0.968215802367493,-0.117333937260663,0.307291794573584,0.612732281520608,1,0.188575670652877,0.449015978651221,"PWY.6590.superpathway.of.Clostridium.acetobutylicum.acidogenic.fermentation"
3.16322328875063,1.76509588671622,3.16322328875063,0.040475445901123,10.0852850853246,0.00572297255640577,0.497395834805089,0.649656918460596,1,0.902190984566904,1,"PYRIDOXSYN.PWY.pyridoxal.5..phosphate.biosynthesis.I"
5.32334302583745,5.73389328320873,5.19317491888412,-0.473234821950516,0.991565997508981,-0.137048678114207,0.317708452146056,0.62687712851502,1,0.187425511069813,0.446148422278547,"CENTFERM.PWY.pyruvate.fermentation.to.butanoate"
4.55526803871784,4.70936040351995,4.55526803871784,-0.68523900202008,4.11113832623107,-0.11311128648413,0.394805256685491,0.926831652184214,1,0.527564691742081,0.950334555115585,"PWY.5690.TCA.cycle.II..plants.and.fungi."
3.54751620404202,4.6151483066344,3.34913205904667,-1.13070206461237,2.17302508673615,-0.215685222582662,0.306493634449153,0.881064127886516,1,0.185859981011635,0.446311300429855,"FUCCAT.PWY.fucose.degradation"
4.17761622228637,1.84875675175269,4.17761622228637,0.244675781274863,10.4157859235686,0.0262800283133723,0.442708366141839,0.677817657423526,1,0.841370141806723,1,"P108.PWY.pyruvate.fermentation.to.propanoate.I"
2.59197800854459,2.14922218485647,2.59197800854459,-0.393775270237419,10.0183400557305,-0.0426763253084358,0.419270880177702,0.907924713667983,1,0.615188924127343,0.957879239533877,"P42.PWY.incomplete.reductive.TCA.cycle"
3.25309496319329,4.34914687886369,3.06335161076619,-1.17482201189236,3.60566574889201,-0.211715517788069,0.36363644646146,0.620134398596487,1,0.352308651826115,0.740312311288968,"PWY.5676.acetyl.CoA.fermentation.to.butanoate.II"
