"Pathway","Estimate_CLR","SE","t.val","pval","pval_BH"
"PWY0-1241: ADP-L-glycero-&beta;-D-manno-heptose biosynthesis",8.78233074495837,1.85582364640157,4.78148261720293,0.000185235519425053,0.077130288425481
"PWY0-1586: peptidoglycan maturation (meso-diaminopimelate containing)",-0.984679992526285,0.232382524626796,-4.24620812367476,0.000533042793582725,0.22156335615334
"ARGSYNBSUB-PWY: L-arginine biosynthesis II (acetyl cycle)",0.657944943052837,0.176359460668493,3.74195676660908,0.00186076478866044,0.595306045507202
"PWY-7383: anaerobic energy metabolism (invertebrates, cytosol)",0.947100451786026,0.2584551718306,3.67110868442513,0.00188769158552556,0.676078555335427
"PWY0-845: superpathway of pyridoxal 5'-phosphate biosynthesis and salvage",8.57545070126305,2.01481562561552,4.35684729472454,0.00202464597086205,0.321779984970457
"PWY-7199: pyrimidine deoxyribonucleosides salvage",0.662135217514317,0.19169620923677,3.46346026553934,0.00330603090576411,0.838595033126767
"ILEUSYN-PWY: L-isoleucine biosynthesis I (from threonine)",0.512476068584064,0.14558424674306,3.53787307065914,0.00335788813311785,0.746942409891773
"ARGSYN-PWY: L-arginine biosynthesis I (via L-ornithine)",0.544031528524759,0.156256949584168,3.49438393141455,0.00341981699100158,0.789637202082256
"COMPLETE-ARO-PWY: superpathway of aromatic amino acid biosynthesis",0.650682313401726,0.198212880914302,3.29219239489559,0.00477242992672503,0.916923888620074
"PWY-5022: 4-aminobutanoate degradation V",4.94780023170065,1.64768070478891,3.02781025770109,0.00741669336610706,1
"VALSYN-PWY: L-valine biosynthesis",0.493657517966314,0.158258641111407,3.13426165062139,0.00754287855264818,0.939806599216804
"PWY-5676: acetyl-CoA fermentation to butanoate II",4.18788039439579,1.43561071797697,2.93319194660993,0.00899232739185493,1
"COBALSYN-PWY: adenosylcobalamin salvage from cobinamide I",-5.89127992018001,1.86801047680366,-3.21671819646958,0.0113027051507215,0.840669406958823
"FUCCAT-PWY: fucose degradation",5.04105244531352,1.80910421173867,2.79821465336915,0.0118397895436598,1
"PWY-5103: L-isoleucine biosynthesis III",0.447950942676439,0.154551340328499,2.91385376582387,0.0119354172942139,0.981970169100086
"POLYISOPRENSYN-PWY: polyisoprenoid biosynthesis (E. coli)",-4.43836563593995,1.66807878892747,-2.67858361297797,0.0154415043870669,1
"ARO-PWY: chorismate biosynthesis I",0.577263102091726,0.213867451197898,2.7062976462098,0.0162627159113493,1
"PWY-6121: 5-aminoimidazole ribonucleotide biosynthesis I",0.530005367920652,0.196573859856377,2.70411670418217,0.0166829299362819,1
"PWY-7282: 4-amino-2-methyl-5-diphosphomethylpyrimidine biosynthesis II",5.92401762614646,1.94298453776889,3.13112909853886,0.0172153101434204,0.811522545693861
"PWY-6969: TCA cycle V (2-oxoglutarate:ferredoxin oxidoreductase)",-5.86102415255079,1.97296641990129,-3.03812716380081,0.0175564165414889,0.876057616598803
"THRESYN-PWY: superpathway of L-threonine biosynthesis",0.611788628750021,0.238509205535583,2.57123311348352,0.0210435630294657,1
"PYRIDOXSYN-PWY: pyridoxal 5'-phosphate biosynthesis I",6.57352422681921,2.37094711787738,2.81767181272207,0.0214161567384271,0.970761640882496
"P42-PWY: incomplete reductive TCA cycle",-3.96413592031918,1.60985645645933,-2.46995248076294,0.0236246531786584,1
"PWY66-399: gluconeogenesis III",0.578388332072091,0.232266526176137,2.4945681599297,0.0243784337998359,1
"PWY0-1298: superpathway of pyrimidine deoxyribonucleosides degradation",-5.47743717421447,2.20752348738174,-2.50022391341254,0.0270433903621218,1
"ASPASN-PWY: superpathway of L-aspartate and L-asparagine biosynthesis",0.548207830148219,0.227219751051879,2.41734874992602,0.0286357248919434,1
"HEME-BIOSYNTHESIS-II: heme b biosynthesis I (aerobic)",5.22614773440405,1.85351314276643,2.90942363920074,0.0289651772385327,0.878514560431864
"PWY-6277: superpathway of 5-aminoimidazole ribonucleotide biosynthesis",0.474374723623711,0.195725655078839,2.43154545580741,0.0292364645050087,1
"PWY-6122: 5-aminoimidazole ribonucleotide biosynthesis II",0.474103356562205,0.195697809339815,2.4308455747339,0.0293572787125119,1
"PWY-3001: superpathway of L-isoleucine biosynthesis I",0.537971466788164,0.230083000122085,2.34275634272576,0.0333194572546903,1
"PWY0-1319: CDP-diacylglycerol biosynthesis II",0.452640217362933,0.209836660411051,2.16274365984902,0.048755228324127,1
"PWY-5667: CDP-diacylglycerol biosynthesis I",0.452298796678961,0.209802160302485,2.16159306524306,0.0488893902749988,1
"PWY0-162: superpathway of pyrimidine ribonucleotides de novo biosynthesis",2.67804717689751,1.27647865298989,2.14286461870955,0.0491026925962117,1
"PWY-241: C4 photosynthetic carbon assimilation cycle, NADP-ME type",-3.0528936456108,1.50887123703528,-2.04847970842478,0.0563269518493327,1
"SER-GLYSYN-PWY: superpathway of L-serine and glycine biosynthesis I",0.542825761032832,0.265538055629006,2.04722118785584,0.058375030545027,1
"PWY-6123: inosine-5'-phosphate biosynthesis I",0.412647918864176,0.203021875982553,2.03925271305265,0.0620621193995234,1
"PWY-7117: C4 photosynthetic carbon assimilation cycle, PEPCK type",-2.88168757757946,1.46494566604358,-1.98353842087276,0.0631472376152419,1
"PWY-6124: inosine-5'-phosphate biosynthesis II",0.40940867956216,0.20856905620582,1.96935617932743,0.0704597556089374,1
"P4-PWY: superpathway of L-lysine, L-threonine and L-methionine biosynthesis I",-4.0040334320136,1.9052165947519,-2.12634837016734,0.0711374358218771,0.995193884104239
"PWY4LZ-257: superpathway of fermentation (Chlamydomonas reinhardtii)",-4.25525330580896,2.2131903222307,-1.93806296905349,0.0831299478357828,1
"PWY-6163: chorismate biosynthesis from 3-dehydroquinate",0.462070194364695,0.24930626881509,1.85745425920933,0.0843536100250675,1
"PWY0-781: aspartate superpathway",-4.05378322474507,1.94284760830438,-2.1201193122815,0.0848886594271527,0.997735371957041
"PWY-7222: guanosine deoxyribonucleotides de novo biosynthesis II",0.459058503419046,0.252270554411147,1.82424638494943,0.0896262364814605,1
"TEICHOICACID-PWY: teichoic acid (poly-glycerol) biosynthesis",-3.74224422695813,1.86242465615116,-2.04608389600513,0.0900836153734644,0.990104153236785
"PWY-7220: adenosine deoxyribonucleotides de novo biosynthesis II",0.457553831646449,0.251935858162138,1.82063890789649,0.0901144793471279,1
"PWY-5659: GDP-mannose biosynthesis",0.421232611441989,0.23477906928888,1.79757151618812,0.0946647422115936,1
"COLANSYN-PWY: colanic acid building blocks biosynthesis",0.494545409331341,0.278110282865127,1.78043797807281,0.0954320354513742,1
"PWY-7254: TCA cycle VII (acetate-producers)",4.41582349891427,2.26938802766265,1.97517799808752,0.0967677986795708,1
"PWY0-862: (5Z)-dodecenoate biosynthesis I",-3.941401705698,1.89007968721989,-2.14872531720049,0.0989284790675518,0.97655779470977
"PWY-6385: peptidoglycan biosynthesis III (mycobacteria)",0.435253212883849,0.247337530276563,1.76360182237545,0.0999077408503639,1
"PWY-7315: dTDP-N-acetylthomosamine biosynthesis",2.8027903522981,1.62846057207899,1.73200924389642,0.100177572878936,1
"PWY0-1296: purine ribonucleosides degradation",0.356862122389649,0.209254900046411,1.71044294827763,0.112383656265276,1
"PWY-6609: adenine and adenosine salvage III",0.345040457470779,0.208967982183168,1.65645512352094,0.123568575185003,1
"HISTSYN-PWY: L-histidine biosynthesis",0.342751594066752,0.207896096766007,1.65464434808703,0.124312222206116,1
"PWY-7282: 4-amino-2-methyl-5-phosphomethylpyrimidine biosynthesis (yeast)",3.90857605695712,2.16239101970453,1.83194487342283,0.127842010648909,1
"PWY-8131: 5'-deoxyadenosine degradation II",3.45728562737164,1.79272087095486,1.99316784246346,0.130045189614076,0.984319473681405
"PWY-6606: guanosine nucleotides degradation II",-0.441956352094583,0.279798669971263,-1.58076915846323,0.135858097639931,1
"PWY-5941: glycogen degradation II (eukaryotic)",3.21874926882923,1.83025433040772,1.7972916887711,0.13726640910739,0.996620826960376
"PWY4FS-8: phosphatidylglycerol biosynthesis II (non-plastidic)",-0.490493194274908,0.313422112200019,-1.56621733390434,0.138355565316731,1
"PWY4FS-7: phosphatidylglycerol biosynthesis I (plastidic)",-0.489349942897673,0.313846784374239,-1.56062551939132,0.139402823962702,1
"PWY-6305: superpathway of putrescine biosynthesis",3.21807344435864,1.78814523048013,1.85253896474155,0.142847690394468,1
"PWY-5130: 2-oxobutanoate degradation I",2.98777885972249,1.67537405103153,1.81002749687407,0.145496218285094,0.999374795242275
"P441-PWY: superpathway of N-acetylneuraminate degradation",-4.04508406995883,2.48711567815879,-1.64926913480496,0.149926422156029,1
"PWY-6630: superpathway of L-tyrosine biosynthesis",3.84362356711566,2.44772684821878,1.57925246013555,0.151738820480835,1
"PWY-6126: superpathway of adenosine nucleotides de novo biosynthesis II",0.338550296841838,0.226913041162598,1.49673507270998,0.160125565689707,1
"PWY-5989: stearate biosynthesis II (bacteria and plants)",-3.63811942349595,2.39761403354813,-1.523822258063,0.162236252450577,1
"PWY-6608: guanosine nucleotides degradation III",-0.426509013618763,0.292338736834475,-1.46027001495028,0.166100423089683,1
"PWY-7229: superpathway of adenosine nucleotides de novo biosynthesis I",0.316044713793805,0.216494034886384,1.46486695102589,0.169759657485454,1
"CITRULBIO-PWY: L-citrulline biosynthesis",3.38238129436578,2.22510792294251,1.55328262701711,0.170219584790004,1
"PWY-6519: 8-amino-7-oxononanoate biosynthesis I",-3.58636704636343,2.41999129361644,-1.48834124223844,0.172601461047228,1
"PWY-6527: stachyose degradation",-0.262190906431987,0.18006937990922,-1.46152825952821,0.174428365600231,1
"FASYN-ELONG-PWY: fatty acid elongation -- saturated",-3.59139730677272,2.47077557828185,-1.46139511302973,0.175017491043236,1
"BIOTIN-BIOSYNTHESIS-PWY: biotin biosynthesis I",-3.62370334665468,2.48032459043469,-1.47602096240954,0.17602732786876,1
"PWY-6282: palmitoleate biosynthesis I (from (5Z)-dodec-5-enoate)",-3.45119175994805,2.3791152674207,-1.45313212864679,0.177897459044402,1
"P122-PWY: heterolactic fermentation",-3.84646748551775,2.56381803106628,-1.52504754154373,0.179343908561192,1
"PWY-5030: L-histidine degradation III",0.494088875914592,0.356651309570049,1.38687219678819,0.185787335918378,1
"GALACTUROCAT-PWY: D-galacturonate degradation I",0.368479973101236,0.264878138080323,1.39240758733572,0.186633526669832,1
"PWY-5100: pyruvate fermentation to acetate and lactate II",-0.284443921012323,0.202945813639525,-1.40522420074429,0.187157781231388,1
"PWY-1861: formaldehyde assimilation II (assimilatory RuMP Cycle)",2.51916676858118,1.53191934697792,1.66635680100914,0.18749772388858,0.99957196761722
"PWY-821: superpathway of sulfur amino acid biosynthesis (Saccharomyces cerevisiae)",-3.09908368582523,2.16413998055355,-1.44648824544246,0.190694402849788,1
"PWY-7323: superpathway of GDP-mannose-derived O-antigen building blocks biosynthesis",0.392622756349353,0.285993048237576,1.37449404962731,0.191514930007873,1
"PWY-7664: oleate biosynthesis IV (anaerobic)",-3.46773342328878,2.45303314940744,-1.41643897742656,0.192632986767446,1
"PWY-1861: formaldehyde assimilation II (RuMP Cycle)",-3.18011581218934,2.14185522375787,-1.51936843267388,0.19427768085676,1
"ARG+POLYAMINE-SYN: superpathway of arginine and polyamine biosynthesis",-3.25184156213466,2.27935977489707,-1.42967486948719,0.198483711787087,1
"P124-PWY: Bifidobacterium shunt",-2.12630003801352,1.60157896189014,-1.32595877420427,0.200925586714175,1
"PWY-5265: peptidoglycan biosynthesis II (staphylococci)",-3.59518733561141,2.60591305051034,-1.39373136230832,0.207932045459659,1
"PWY-6386: UDP-N-acetylmuramoyl-pentapeptide biosynthesis II (lysine-containing)",0.365050093960225,0.277007762066587,1.32034683708848,0.209128676162693,1
"PWY-6471: peptidoglycan biosynthesis IV (Enterococcus faecium)",-3.42524916341954,2.38754061040015,-1.46763890028789,0.212072634404924,1
"PWY-6387: UDP-N-acetylmuramoyl-pentapeptide biosynthesis I (meso-diaminopimelate containing)",0.324083965976458,0.253904495862327,1.27941621806593,0.224297184655841,1
"PWY-6263: superpathway of menaquinol-8 biosynthesis II",-3.08328173661453,2.19304841592946,-1.43877959941893,0.226548328413986,1
"GLYCOGENSYNTH-PWY: glycogen biosynthesis I (from ADP-D-Glucose)",-0.204544713716269,0.157769068736615,-1.30171900564627,0.228025133434962,1
"P164-PWY: purine nucleobases degradation I (anaerobic)",-0.337274213603585,0.267509335536971,-1.2621729032546,0.229424228866697,1
"PHOSLIPSYN-PWY: superpathway of phospholipid biosynthesis I (bacteria)",-0.385129052260798,0.306664350098187,-1.25620665338186,0.229823165289762,1
"SO4ASSIM-PWY: sulfate reduction I (assimilatory)",-2.21967112054508,1.65268115745981,-1.37447822726434,0.230150623611997,1
"PWY-7115: C4 photosynthetic carbon assimilation cycle, NAD-ME type",-3.28508783756298,2.49548508206789,-1.33240727942241,0.230805160553298,1
"PEPTIDOGLYCANSYN-PWY: peptidoglycan biosynthesis I (meso-diaminopimelate containing)",0.296566395028889,0.236769191285138,1.25586565072911,0.233829224446353,1
"TRNA-CHARGING-PWY: tRNA charging",0.248727726811242,0.197680561908459,1.26302210349675,0.235314347148982,1
"PWY0-1061: superpathway of L-alanine biosynthesis",-3.23880577270732,2.50707924069452,-1.3046052289011,0.239246394177263,1
"PWY-5083: NAD/NADH phosphorylation and dephosphorylation",2.14430153918876,1.58304700864102,1.39006567776847,0.242778648034804,1
"HEME-BIOSYNTHESIS-II: heme biosynthesis I (aerobic)",2.64702254397057,2.01612309473444,1.34959244274425,0.251644969393869,1
"PWY-6895: superpathway of thiamin diphosphate biosynthesis II",2.8162958144781,2.01942033174104,1.45589033367282,0.254944758804513,0.995439636465313
"PWY-6545: pyrimidine deoxyribonucleotides de novo biosynthesis III",-0.341750555728176,0.288088544867967,-1.18776680298385,0.255910960456441,1
"TCA: TCA cycle I (prokaryotic)",1.74874678259132,1.28322316793149,1.43925487255063,0.257399054458239,1
"GLCMANNANAUT-PWY: superpathway of N-acetylglucosamine, N-acetylmannosamine and N-acetylneuraminate degradation",-0.368263206232661,0.311855836296845,-1.18250418602263,0.257919647091956,1
"PWY-5188: tetrapyrrole biosynthesis I (from glutamate)",1.50294066368012,1.30763313935804,1.15403416030433,0.263254728110884,1
"PWY-5345: superpathway of L-methionine biosynthesis (by sulfhydrylation)",-2.48628823485483,2.13952690360995,-1.16884718926144,0.268761092738592,1
"GALACT-GLUCUROCAT-PWY: superpathway of hexuronide and hexuronate degradation",1.3914823197155,1.22971286938113,1.13856617121496,0.269722992457779,1
"PWY-7400: L-arginine biosynthesis IV (archaebacteria)",0.254329861109577,0.220152674874066,1.15871483079149,0.272560704660281,1
"P161-PWY: acetylene degradation",-2.60435199742101,2.0546529921367,-1.30114702195187,0.273228088872841,1
"SULFATE-CYS-PWY: superpathway of sulfate assimilation and cysteine biosynthesis",-2.38475532144747,2.10299564604989,-1.14679860411049,0.278891626949284,1
"PWY-2942: L-lysine biosynthesis III",0.250162685829913,0.219745386658122,1.14164410370487,0.278995316728818,1
"FOLSYN-PWY: superpathway of tetrahydrofolate biosynthesis and salvage",-3.01024655167758,2.65588996512085,-1.13995712545342,0.287257705785112,1
"PWY-6612: superpathway of tetrahydrofolate biosynthesis",-2.81606349696946,2.50504102472103,-1.1301724339618,0.287679956888548,1
"PWY-841: superpathway of purine nucleotides de novo biosynthesis I",0.26568644049757,0.241993893095763,1.10072483055271,0.29416127314094,1
"PWY-5690: TCA cycle II (plants and fungi)",1.8534063928269,1.6923216829593,1.11490999724228,0.295595780569267,1
"HEMESYN2-PWY: heme biosynthesis II (anaerobic)",-2.49369081161385,2.05155855947532,-1.25187652629658,0.301451363294962,1
"HEMESYN2-PWY: heme b biosynthesis II (oxygen-independent)",1.90094231491415,1.53536273342188,1.2851718107928,0.304493033513535,1
"PWY-6891: thiazole biosynthesis II (Bacillus)",2.42216366096732,1.86154556156092,1.3534187802458,0.30485136823719,1
"TCA-GLYOX-BYPASS: superpathway of glyoxylate bypass and TCA",2.46045557692345,2.0538557596456,1.21513350009923,0.307425781079941,1
"ANAGLYCOLYSIS-PWY: glycolysis III (from glucose)",0.185074728419282,0.174250443594601,1.06803635861358,0.316915661622406,1
"PWY-6731: starch degradation III",-2.04319684630926,1.83382320307534,-1.12701470137506,0.319440108543959,1
"PWY-5384: sucrose degradation IV (sucrose phosphorylase)",-1.12909503880409,1.1074524032322,-1.0186431097707,0.321752121582697,1
"PWY-6595: superpathway of guanosine nucleotides degradation (plants)",-2.52822620813,2.4233586583727,-1.04401279012178,0.323430999601891,1
"PWY-5723: Rubisco shunt",-2.81863677238289,2.64106387495472,-1.08404557797235,0.328979993407633,1
"PENTOSE-P-PWY: pentose phosphate pathway",-0.197402341709006,0.193200625440793,-1.02497353954899,0.332913320968445,1
"GLYCOLYSIS-TCA-GLYOX-BYPASS: superpathway of glycolysis, pyruvate dehydrogenase, TCA, and glyoxylate bypass",2.45005937806094,2.20400417448788,1.13951872587444,0.334311307646108,1
"PWY-724: superpathway of L-lysine, L-threonine and L-methionine biosynthesis II",0.188327150237657,0.186139125096397,1.01579669462029,0.338033268566488,1
"GLYOXYLATE-BYPASS: glyoxylate cycle",1.98302155834037,1.85641034545863,1.09365394742184,0.346009767182163,1
"PWY-6901: superpathway of glucose and xylose degradation",-0.172634490618462,0.173896733963992,-0.996146712677867,0.348943252774534,1
"PWY-6628: superpathway of L-phenylalanine biosynthesis",2.58275125676553,2.66555685896007,0.972237120064877,0.357329590968944,1
"PWY-5097: L-lysine biosynthesis VI",0.208822589574185,0.217112199623154,0.964821010938309,0.358428839623664,1
"PWY0-1479: tRNA processing",2.59149312827825,2.65757851758192,0.981679417888107,0.362569131685592,1
"PWY-6549: L-glutamine biosynthesis III",-0.355535834921667,0.380775896055835,-0.934491242557651,0.366036164525272,1
"PWY-6749: CMP-legionaminate biosynthesis I",-2.19834628124537,2.33289857343079,-0.952236864146419,0.374673887012227,1
"PWY-2941: L-lysine biosynthesis II",0.270907954296565,0.301047728394446,0.901199764079775,0.384992100893506,1
"FERMENTATION-PWY: mixed acid fermentation",-0.354886300203998,0.405526783317971,-0.875644870765085,0.395981349073156,1
"PWY-7242: D-fructuronate degradation",0.380458155726325,0.438973984789365,0.867168557957024,0.399410243395693,1
"PWY-6125: superpathway of guanosine nucleotides de novo biosynthesis II",0.233151239974742,0.269313012277887,0.867727453467499,0.404058025507046,1
"PWY-7197: pyrimidine deoxyribonucleotide phosphorylation",0.256802010709508,0.299532324108801,0.858886973478127,0.407054133783305,1
"PWY-622: starch biosynthesis",-1.92283935855021,2.04765562270638,-0.962863953512342,0.410877696666287,1
"RHAMCAT-PWY: L-rhamnose degradation I",0.224599035859632,0.266550642827937,0.843237632394158,0.416738450580195,1
"PWY66-409: superpathway of purine nucleotide salvage",2.30990159428598,2.65463560488862,0.872343337327854,0.418635911684092,1
"GLUCONEO-PWY: gluconeogenesis I",0.175780313493864,0.211752220647419,0.833496983370898,0.426975666529518,1
"PWY0-1297: superpathway of purine deoxyribonucleosides degradation",-1.92980333197346,2.27976843649091,-0.844041732877313,0.430151663374182,1
"PWY-5845: superpathway of menaquinol-9 biosynthesis",1.59528320349055,1.71752899692727,0.975028456263407,0.433171736912623,1
"PWY-4321: L-glutamate degradation IV",-1.49916634302899,1.7168914574655,-0.880201891789796,0.434985502038599,1
"PWY-6895: superpathway of thiamine diphosphate biosynthesis II",1.51233509654007,1.67488278178077,0.964139243609697,0.435282111633471,1
"PWY-7992: superpathway of menaquinol-8 biosynthesis III",1.51070892509581,1.66488713998006,0.962872705116775,0.43672179003611,1
"PWY-6583: pyruvate fermentation to butanol I",1.37065161119478,1.49639368803412,0.951498199143246,0.443709120758055,1
"PWY-7391: isoprene biosynthesis II (engineered)",-1.5985942226261,1.83168818820608,-0.911263011270539,0.446597308535413,1
"PWY-6147: 6-hydroxymethyl-dihydropterin diphosphate biosynthesis I",0.348972383900597,0.447952797209166,0.779546619923816,0.448083176239217,1
"P562-PWY: myo-inositol degradation I",-1.20525071620317,1.37938304944739,-0.895598993467985,0.448687072096793,1
"PWY-7046: 4-coumarate degradation (anaerobic)",1.33767762142007,1.51218115244252,0.944981135048378,0.449309187380082,0.99765728825944
"PWY66-389: phytol degradation",1.41099419432334,1.66297230660426,0.900334663756162,0.44986107537309,1
"PWY-5860: superpathway of demethylmenaquinol-6 biosynthesis I",1.44505323314868,1.70603462164916,0.884301381088117,0.450338744876457,1
"PWY66-367: ketogenesis",-1.62622170818263,1.92800523680135,-0.853020111246422,0.453369995355427,1
"PWY-6969: TCA cycle V (2-oxoglutarate synthase)",0.872626738093587,1.00536381116035,0.966176654053226,0.457804244467833,0.979480305114122
"PWY-6953: dTDP-3-acetamido-3,6-dideoxy-&alpha;-D-galactose biosynthesis",-1.54957559786266,1.78386234277643,-0.90871921234539,0.459095801732765,1
"PWY0-1261: anhydromuropeptides recycling",-1.40915569972926,1.60549331677291,-0.878490849601857,0.459284267647522,1
"PWY-5304: superpathway of sulfur oxidation (Acidianus ambivalens)",-1.50343160629972,1.66807988014807,-0.922818616122694,0.460272643104497,1
"PPGPPMET-PWY: ppGpp metabolism",0.823292898641205,1.0189954146614,0.904045015127103,0.461280139843828,1
"PWY-5675: nitrate reduction V (assimilatory)",-1.74309321783897,2.17496831957466,-0.807876836995255,0.461284153130834,1
"PWY-6863: pyruvate fermentation to hexanol (engineered)",1.30382000290068,1.52616499111806,0.920106438029054,0.463502800806728,0.998467911447687
"PWY-7228: superpathway of guanosine nucleotides de novo biosynthesis I",0.21403465086727,0.28255772923609,0.75894180417938,0.463704088795629,1
"PWY-5088: L-glutamate degradation VIII (to propanoate)",1.50517810096333,1.64360499136926,0.955519536993699,0.465784599572412,0.994033329228247
"PWY-5850: superpathway of menaquinol-6 biosynthesis I",1.45720255420835,1.75388012956716,0.852016472364449,0.470280017293716,1
"PWY-6284: superpathway of unsaturated fatty acids biosynthesis (E. coli)",-1.49139515583164,1.90541382603377,-0.83283025024098,0.47812649814767,1
"PWY0-1415: superpathway of heme biosynthesis from uroporphyrinogen-III",-1.30389324555156,1.69163911328623,-0.803576420976821,0.478177435542219,1
"TRPSYN-PWY: L-tryptophan biosynthesis",0.701168238501871,0.880959058216979,0.872887328712723,0.481194458747031,1
"PWY-5862: superpathway of demethylmenaquinol-9 biosynthesis",1.36262521087515,1.63830713729179,0.858419918649301,0.481938660555784,1
"PWY-7003: glycerol degradation to butanol",1.20986410824721,1.54478311284434,0.826748301160128,0.482163171132932,1
"CRNFORCAT-PWY: creatinine degradation I",-1.70898596204442,2.20537005956354,-0.786116819981103,0.48265260367359,1
"PWY-7539: 6-hydroxymethyl-dihydropterin diphosphate biosynthesis III (Chlamydia)",0.6287628424338,0.864781382846353,0.876833162312788,0.48451967336651,0.994611464544811
"PWY-6151: S-adenosyl-L-methionine cycle I",0.699390376153344,0.878437259557989,0.862082021236164,0.484732626863545,1
"PWY-5941: glycogen degradation II",0.720548205070563,1.03484374395062,0.803641617841811,0.487247289743609,1
"GLUTORN-PWY: L-ornithine biosynthesis I",0.695272135167173,0.963614371847775,0.797790368532111,0.4930987089632,1
"DTDPRHAMSYN-PWY: dTDP-L-rhamnose biosynthesis I",0.628280636912989,0.876503930912941,0.788121739216839,0.498984441221498,1
"PWY-5910: superpathway of geranylgeranyldiphosphate biosynthesis I (via mevalonate)",-1.2014682791675,1.71098351784667,-0.7095875374964,0.499172425841641,1
"POLYAMINSYN3-PWY: superpathway of polyamine biosynthesis II",-1.6377180023834,2.17957581000488,-0.769532780132909,0.499504365776213,1
"P23-PWY: reductive TCA cycle I",-1.6974516804088,2.26420724750216,-0.757985457417727,0.500316683343225,1
"PWY-6859: all-trans-farnesol biosynthesis",-0.839279495322718,1.18537938252959,-0.689082723575967,0.501058731692732,1
"GLUCARDEG-PWY: D-glucarate degradation I",1.94165295724805,2.65323478747174,0.727945228610208,0.502417663436801,1
"PWY-5896: superpathway of menaquinol-10 biosynthesis",1.35746745822635,1.72294138289902,0.83786744071146,0.502718949229951,0.998569506696556
"PWY-7688: dTDP-&alpha;-D-ravidosamine and dTDP-4-acetyl-&alpha;-D-ravidosamine biosynthesis",1.49521310471627,2.06854469864408,0.736501310664671,0.502975053189423,1
"PWY66-398: TCA cycle III (animals)",1.55996184298068,2.07289492693119,0.771757348711295,0.503909339146011,1
"PWY-5189: tetrapyrrole biosynthesis II (from glycine)",-1.69218824272326,2.37290963688405,-0.730534359858807,0.507306497766555,1
"PWY-6737: starch degradation V",0.57796343400774,0.972541342871183,0.771743736481934,0.509219071154282,1
"PWY-7238: sucrose biosynthesis II",0.675540851883788,0.966219215755488,0.799912993402098,0.511397985885754,0.991505291470292
"PWY-7883: anhydromuropeptides recycling II",1.33763795591614,1.906595571057,0.721347244587418,0.512318911244636,1
"PWY-7456: &beta;-(1,4)-mannan degradation",0.707124689572544,0.979765836601033,0.803601083378329,0.513549118980949,0.999602755078745
"GALACTARDEG-PWY: D-galactarate degradation I",1.77976710539831,2.6156631650123,0.684376910283108,0.519376676146218,1
"P461-PWY: hexitol fermentation to lactate, formate, ethanol and acetate",-0.787805270824501,1.16834387544262,-0.655573744896244,0.521800784093664,1
"PWY-6834: spermidine biosynthesis III",-1.22601776199896,1.76750724174636,-0.720919541148392,0.526020271080935,1
"PWY-6507: 4-deoxy-L-threo-hex-4-enopyranuronate degradation",0.242969774764227,0.373513205861132,0.650388214058242,0.526696053815809,1
"PWY-7013: L-1,2-propanediol degradation",-1.442334838315,2.09693410204497,-0.707672402701205,0.528083491431687,1
"BRANCHED-CHAIN-AA-SYN-PWY: superpathway of branched chain amino acid biosynthesis",0.670736933576553,0.96297952431431,0.708417526077173,0.530226854129418,1
"GLUCARGALACTSUPER-PWY: superpathway of D-glucarate and D-galactarate degradation",1.77988870000803,2.63173484673311,0.678729251588703,0.531413137360265,1
"PWY-5918: superpathway of heme b biosynthesis from glutamate",1.33662395125856,1.98908549094976,0.703501233691263,0.531496892998819,1
"PWY-7208: superpathway of pyrimidine nucleobases salvage",0.189222747053965,0.294314917382359,0.644279729444412,0.532704029055278,1
"PWY-5367: petroselinate biosynthesis",-1.18508027562837,1.80659931552191,-0.699473715389317,0.534678967900619,1
"HEXITOLDEGSUPER-PWY: superpathway of hexitol degradation (bacteria)",0.823242236183379,1.2279671914948,0.700010826998927,0.534986066384556,1
"PWY-5656: mannosylglycerate biosynthesis I",-1.31932764565715,1.99290540988949,-0.685125271728268,0.53744130896712,1
"GLUCUROCAT-PWY: superpathway of &beta;-D-glucuronosides degradation",0.618201043940745,1.03323028927773,0.66034601743772,0.53780438174887,1
"PWY-7371: 1,4-dihydroxy-6-naphthoate biosynthesis II",1.31929520949421,1.97891271178924,0.676403339759509,0.544249115297357,1
"PWY-6629: superpathway of L-tryptophan biosynthesis",1.53803340616594,2.38830969021279,0.653910651571999,0.546516023433453,1
"GLUTORN-PWY: L-ornithine biosynthesis",0.572052774540526,0.914327288126568,0.679872665289379,0.548060278219113,0.996348182803708
"UDPNAGSYN-PWY: UDP-N-acetyl-D-glucosamine biosynthesis I",0.170614987151292,0.278197151076869,0.614210072477809,0.552228271462352,1
"COBALSYN-PWY: superpathway of adenosylcobalamin salvage from cobinamide I",-0.998376481830318,1.57204261753706,-0.649291045813038,0.553836415068024,1
"PWY-5913: TCA cycle VI (obligate autotrophs)",-0.457363753391408,0.921012409390687,-0.614445857716096,0.556214351010163,1
"PWY-7184: pyrimidine deoxyribonucleotides de novo biosynthesis I",-0.224357658642667,0.373852030494208,-0.600541565159017,0.55840958928721,1
"P185-PWY: formaldehyde assimilation III (dihydroxyacetone cycle)",-1.13504364946531,1.87306350205663,-0.62989799661401,0.562459217243826,1
"PWY-4702: phytate degradation I",-1.12914364012265,1.96322429808405,-0.609636560227418,0.56351309920144,1
"PWY-4041: &gamma;-glutamyl cycle",-0.157807076581086,0.266759754042485,-0.592853494474563,0.56792940330626,1
"PWY-6700: queuosine biosynthesis",0.521564294234959,0.884902482569698,0.634124252009554,0.569892276673341,0.999369731679244
"PWY0-166: superpathway of pyrimidine deoxyribonucleotides de novo biosynthesis (E. coli)",-0.20675349879262,0.354915495723717,-0.582987960182816,0.570323860285902,1
"GLUDEG-I-PWY: GABA shunt",-0.22630390982877,0.389253095127895,-0.581410489012663,0.571331822422692,1
"NONMEVIPP-PWY: methylerythritol phosphate pathway I",0.49582453711813,0.998574297848964,0.521646946964699,0.571723236508335,1
"PWY-7616: methanol oxidation to carbon dioxide",-1.12562013170075,2.06632733727897,-0.578011631912773,0.579141016202372,1
"ARGININE-SYN4-PWY: L-ornithine de novo  biosynthesis",0.43681802686816,0.941366652548699,0.574466723722228,0.584214301773481,0.999182734843911
"PWY-4984: urea cycle",1.31783804559698,2.3187574057527,0.581640277171737,0.585248515824735,1
"PWY-1042: glycolysis IV",0.505761777056822,0.968712635053073,0.524731712217035,0.588979693678035,1
"PWY-7456: mannan degradation",0.463934352179139,0.927261909206444,0.524711994237119,0.589196200886242,1
"PRPP-PWY: superpathway of histidine, purine, and pyrimidine biosynthesis",-0.954917869854706,1.81123708672733,-0.56227664116521,0.590695068028696,1
"PWY-7219: adenosine ribonucleotides de novo biosynthesis",0.380100534789741,0.844124928341541,0.531523352730421,0.595239525014737,0.998279735818756
"PYRIDNUCSYN-PWY: NAD biosynthesis I (from aspartate)",0.332711677858104,0.887606389215462,0.520728028231069,0.595642607792467,0.994839632385983
"PWY-8178: pentose phosphate pathway (non-oxidative branch) II",0.499008771143968,1.04190527056898,0.478398044167003,0.596969150032979,1
"PWY-3841: folate transformations II",0.450429765961367,0.845912033783101,0.549584626797958,0.599506221944901,0.998768622018481
"PWY-6588: pyruvate fermentation to acetone",-1.24657437131644,2.27546481699154,-0.56133027044291,0.600352572073263,1
"COA-PWY-1: coenzyme A biosynthesis II (mammalian)",0.348802401670919,0.859197050409316,0.481902902510593,0.600928704682545,1
"POLYAMSYN-PWY: superpathway of polyamine biosynthesis I",-0.956861271034904,1.76134459755363,-0.541318414326182,0.60527050380561,1
"HISDEG-PWY: L-histidine degradation I",-0.187511175656054,0.357903334374125,-0.524538791365004,0.609271438322364,1
"PWY-1269: CMP-3-deoxy-D-manno-octulosonate biosynthesis I",0.419923440726801,0.949041964618736,0.481799639914307,0.609754567969275,1
"PYRIDNUCSAL-PWY: NAD salvage pathway I",1.17178207176802,2.28051483193442,0.517386857937952,0.611918421442733,1
"PWY-7977: L-methionine biosynthesis IV",0.476332863132697,1.02540618068258,0.414317487214617,0.612063709231699,1
"PWY-5173: superpathway of acetyl-CoA biosynthesis",-1.06136352720751,2.03191782359392,-0.542659304689828,0.61268711149296,1
"PWY-7198: pyrimidine deoxyribonucleotides de novo biosynthesis IV",-0.621575139423691,1.15244978215035,-0.512230901288489,0.617201277591375,1
"PWY-7187: pyrimidine deoxyribonucleotides de novo biosynthesis II",0.345737894756681,0.855456466656243,0.449649933424602,0.617673362921149,1
"PWY-6902: chitin degradation II (Vibrio)",-0.435012251934341,1.0804481290238,-0.491374234354376,0.617686235153495,0.99753593156173
"PANTOSYN-PWY: superpathway of coenzyme A biosynthesis I (bacteria)",0.397801636494235,0.966288923000124,0.395965764633626,0.619755782306942,1
"PWY-5861: superpathway of demethylmenaquinol-8 biosynthesis I",-0.875253659408148,1.79941902151591,-0.514060411652203,0.621751239882008,1
"BRANCHED-CHAIN-AA-SYN-PWY: superpathway of branched amino acid biosynthesis",0.27869325551947,0.873836479069205,0.40597520233384,0.62428403124094,1
"PWY-5686: UMP biosynthesis",0.308714283373644,0.846943687501774,0.428037093787836,0.624410405590232,1
"PWY-7791: UMP biosynthesis III",0.305520675065474,0.987666149132147,0.350281683881924,0.626319467418567,1
"NONOXIPENT-PWY: pentose phosphate pathway (non-oxidative branch) I",0.406175163706827,0.993570326236687,0.424981719028297,0.627661108312256,1
"PWY-7332: superpathway of UDP-N-acetylglucosamine-derived O-antigen building blocks biosynthesis",-1.10049508693784,2.23681747172295,-0.504799325239565,0.628760654623747,1
"PWY66-391: fatty acid &beta;-oxidation VI (mammalian peroxisome)",-0.944283856364039,1.98110673178703,-0.496290216075814,0.629550843152204,1
"PWY-5971: palmitate biosynthesis (type II fatty acid synthase)",-0.823483849781628,1.72018548871336,-0.494121287536098,0.62997548978708,1
"PWY-5837: 2-carboxy-1,4-naphthoquinol biosynthesis",-0.7763996883473,1.69364315488678,-0.47670522363952,0.63036353599314,1
"PYRIDNUCSYN-PWY: NAD de novo biosynthesis I (from aspartate)",0.307837776275458,0.95301986658196,0.334384254791469,0.631437952069032,1
"PWY-7312: dTDP-D-&beta;-fucofuranose biosynthesis",-0.723128617116742,1.64770329969158,-0.444538600539227,0.632513156254816,1
"PWY-5686: UMP biosynthesis I",0.385146998618533,1.02029775920851,0.398382211889123,0.634455520899553,1
"NONOXIPENT-PWY: pentose phosphate pathway (non-oxidative branch)",-0.291611535472474,0.860940395568022,-0.373278987996172,0.635113968186039,1
"PWY-6317: D-galactose degradation I (Leloir pathway)",0.360235354900898,1.00262871416175,0.355655245591609,0.637422651164552,1
"PWY-7013: (S)-propane-1,2-diol degradation",-0.544073421745609,1.53735759807074,-0.360735542600774,0.638775591000091,1
"PWY-561: superpathway of glyoxylate cycle and fatty acid degradation",-0.649522742393826,1.66963778586253,-0.42456908775165,0.639413075125581,1
"PWY-6293: superpathway of L-cysteine biosynthesis (fungi)",0.422488890576774,0.982047418424616,0.416592589510841,0.642212742580252,1
"PWY-6270: isoprene biosynthesis I",0.338434795579945,0.999066770700439,0.352182006476298,0.643152664762541,1
"PWY-5913: partial TCA cycle (obligate autotrophs)",0.394029399705504,1.00763305718197,0.407607162476593,0.643605928059157,1
"PWY-5971: palmitate biosynthesis II (bacteria and plants)",-0.665786337120548,1.62371823818404,-0.419196956264324,0.644414446144128,1
"PWY-7237: myo-, chiro- and scillo-inositol degradation",-0.270538092265695,0.9087106551182,-0.365916916875215,0.644450087016653,1
"PWY-5695: inosine 5'-phosphate degradation",0.31023764359298,0.957603829025004,0.339891737256803,0.645065659055208,1
"PWY0-1261: anhydromuropeptides recycling I",0.403988380088126,1.07592574881375,0.35499978063015,0.646029312879663,1
"PWY0-301: L-ascorbate degradation I (bacterial, anaerobic)",-0.577060713771157,1.57632650261607,-0.414111748356224,0.646846862155874,1
"1CMET2-PWY: folate transformations III (E. coli)",0.312945068220158,0.968445801930147,0.356617799723068,0.647920505692638,1
"PWY-7196: superpathway of pyrimidine ribonucleosides salvage",-0.682491380815066,1.73197665187348,-0.444413159855319,0.648245928688583,1
"PWY-1042: glycolysis IV (plant cytosol)",0.116088395640726,0.89190466796672,0.256570835544859,0.649619345707265,0.996539957099301
"PWY-922: mevalonate pathway I",-0.903597244828505,1.91078851734868,-0.466736039822809,0.650052241891595,1
"PWY-6953: dTDP-3-acetamido-&alpha;-D-fucose biosynthesis",-0.565570451362378,1.53599286838114,-0.407172799991262,0.652074054017995,1
"PWY-6143: CMP-pseudaminate biosynthesis",0.760456863400623,1.61599277795493,0.47002835465569,0.653107478912036,1
"DAPLYSINESYN-PWY: L-lysine biosynthesis I",0.132964376125335,0.287392203967896,0.462814747011732,0.653322801047785,1
"PWY-5920: superpathway of heme biosynthesis from glycine",-0.555991128585059,1.66006968694716,-0.362190045505983,0.655247194807306,0.997792809127156
"1CMET2-PWY: N10-formyl-tetrahydrofolate biosynthesis",0.300392938370702,0.875322426187813,0.361622566486114,0.656511165989238,0.997594955724059
"COA-PWY: coenzyme A biosynthesis I (prokaryotic)",0.347122557461701,1.02344254871163,0.322645901878844,0.657934818673503,1
"DENOVOPURINE2-PWY: superpathway of purine nucleotides de novo biosynthesis II",0.233125154237208,0.819711959328199,0.342667210147677,0.659721104521805,1
"PWY-5497: purine nucleobases degradation II (anaerobic)",-0.773396714824964,2.04683837070095,-0.392832836614818,0.659855311903468,1
"PROPFERM-PWY: L-alanine fermentation to propanoate and acetate",-0.585751725311009,1.59130779037859,-0.404730385296808,0.660902053764777,1
"PWY-7790: UMP biosynthesis II",0.27271967241931,0.999358853468332,0.284988872944339,0.661517513499822,1
"PWY-5464: superpathway of cytosolic glycolysis (plants), pyruvate dehydrogenase and TCA cycle",-0.523797201969296,1.65859655832088,-0.341745107014283,0.662275353224244,1
"PWY-6317: galactose degradation I (Leloir pathway)",0.24585055432989,0.858446665691787,0.317615860641871,0.663230984049078,0.993427882691521
"PWY-6113: superpathway of mycolate biosynthesis",-0.520129960934009,1.59616825464698,-0.348216761148659,0.664615639202711,1
"PWY-6936: seleno-amino acid biosynthesis",0.142440739614904,0.877407108779123,0.21260654866786,0.666030369828391,1
"NAGLIPASYN-PWY: lipid IVA biosynthesis",-0.196982165452936,0.871250366684546,-0.289728954347836,0.667044273276862,1
"PWY-702: L-methionine biosynthesis II",0.310683515750337,1.02773894263949,0.306478249767528,0.668104185909206,1
"ARGORNPROST-PWY: arginine, ornithine and proline interconversion",-0.829754465907654,1.91021618627591,-0.433113019405258,0.668106375350245,1
"PWY-6823: molybdopterin biosynthesis",0.22366656827616,0.943831690230546,0.240114002370572,0.668257546434306,1
"REDCITCYC: TCA cycle VI (Helicobacter)",-0.443102861273922,1.55107242999524,-0.289448309933841,0.669321974466817,1
"PWY66-422: D-galactose degradation V (Leloir pathway)",0.183824062860565,0.902636268255231,0.223752538691803,0.670152056191001,1
"PWY-6700: queuosine biosynthesis I (de novo)",0.263541652072864,0.998194201153095,0.277709395240966,0.671731760816545,1
"PWY-7385: 1,3-propanediol biosynthesis (engineered)",0.702902970878531,1.78498911511676,0.400341759719494,0.67256808571273,1
"PWY-7953: UDP-N-acetylmuramoyl-pentapeptide biosynthesis III (meso-diaminopimelate containing)",0.295549412534384,1.00357831701994,0.241140678422202,0.672724672877425,1
"PWY-7094: fatty acid salvage",-0.551047787700816,1.54990364499986,-0.379566104606219,0.674633047895869,1
"PWY-6168: flavin biosynthesis III (fungi)",-0.140538928691363,0.884426268161361,-0.167009354233331,0.675478167251765,1
"PWY-3841: folate transformations II (plants)",0.272800379388201,1.01314079232685,0.260626565306189,0.676715575601859,1
"PWY-6961: L-ascorbate degradation II (bacterial, aerobic)",-0.563662049529586,1.6346743605981,-0.353478816737331,0.678362414577213,1
"P105-PWY: TCA cycle IV (2-oxoglutarate decarboxylase)",-0.540868747264449,1.72296519848275,-0.330969964016289,0.678404541695675,1
"PWY-7560: methylerythritol phosphate pathway II",0.301151833822366,0.964159184932963,0.277622143337977,0.678493540054643,1
"PWY-7851: coenzyme A biosynthesis II (eukaryotic)",0.246871629825311,0.998120043298307,0.241980046310311,0.680056907329149,1
"PWY-6876: isopropanol biosynthesis",0.543424204889509,1.67466777439076,0.342887514234602,0.681067294090504,1
"PWY66-429: fatty acid biosynthesis initiation (mitochondria)",0.273339811179542,1.0468537423688,0.280460020218298,0.681419455562209,1
"PANTOSYN-PWY: pantothenate and coenzyme A biosynthesis I",0.214452986247633,0.904532219963451,0.274761281115745,0.681638512145509,1
"THISYN-PWY: superpathway of thiamin diphosphate biosynthesis I",0.226056373211012,0.865248729159663,0.334828336188425,0.684604394918899,0.997172664378828
"PWY-7345: superpathway of anaerobic sucrose degradation",-0.897911857754844,2.22835155490713,-0.40982611663395,0.685322725874434,1
"PWY-7237: myo-, chiro- and scyllo-inositol degradation",0.223323657679591,1.03755109878227,0.19246190093318,0.685963059723583,1
"ORNARGDEG-PWY: superpathway of L-arginine and L-ornithine degradation",0.523017688730374,1.72458406595581,0.305605928252343,0.686719427422073,1
"PWY-8004: Entner-Doudoroff pathway I",-0.134532946628085,0.987120437610885,-0.212048476333126,0.687430077122228,1
"GLYCOCAT-PWY: glycogen degradation I",0.160933391282466,0.979560160781475,0.180140281894161,0.689133880654315,1
"PWY-5138: unsaturated, even numbered fatty acid &beta;-oxidation",-0.453819482826609,1.58371983935504,-0.307372990538383,0.689134642637264,1
"PWY-4981: L-proline biosynthesis II (from arginine)",0.177960503020833,0.962719684090033,0.205468253074895,0.690354029867215,1
"PWY-4242: pantothenate and coenzyme A biosynthesis III",0.173329626304029,0.866090187698749,0.261351402674421,0.690594548143617,1
"PWY66-400: glycolysis VI (metazoan)",0.16378137529513,0.937917333828982,0.181456964235124,0.694758388502877,0.999194972471039
"P41-PWY: pyruvate fermentation to acetate and (S)-lactate I",0.145160719259444,1.00781169807405,0.10955685633396,0.695050772207145,1
"PWY-7356: thiamine diphosphate salvage IV (yeast)",0.171870091070622,1.02926872505896,0.166382821120379,0.695402201488545,1
"PWY-5484: glycolysis II (from fructose 6-phosphate)",0.069965024469712,0.174146377301583,0.404900077554801,0.696001329525112,1
"PWY-5177: glutaryl-CoA degradation",-0.172256387940449,0.94943153491104,-0.199028555043553,0.696977688377205,1
"P163-PWY: L-lysine fermentation to acetate and butanoate",-0.386382339106808,1.57025423371051,-0.27465180891475,0.696993997472524,1
"PWY-6151: S-adenosyl-L-methionine salvage I",0.177997949837803,0.972872154279935,0.129134373691937,0.698341710275382,1
"COA-PWY: coenzyme A biosynthesis I",0.128601482832535,0.853454307574916,0.192272641476083,0.70191203347623,1
"ARGININE-SYN4-PWY: L-ornithine biosynthesis II",0.216389408885787,1.01444537885657,0.17269842529475,0.702014963172114,1
"PWY-6531: mannitol cycle",-0.755365800145878,2.13613836459448,-0.356270584956598,0.702097950058012,1
"PWY-5791: 1,4-dihydroxy-2-naphthoate biosynthesis II (plants)",0.434402040376149,1.82713809238774,0.247402314706026,0.702189017671664,1
"NAGLIPASYN-PWY: lipid IVA biosynthesis (E. coli)",-0.1169539600638,1.05728976843043,-0.195984219011714,0.702950503273847,1
"PWY-5837: 1,4-dihydroxy-2-naphthoate biosynthesis I",0.539874476105302,1.84193968270547,0.29107664343324,0.703059721179372,1
"PWY-7392: taxadiene biosynthesis (engineered)",-0.125828385049538,1.01281730519375,-0.14687666318483,0.703111713085837,1
"PWY-5840: superpathway of menaquinol-7 biosynthesis",-0.783057181678849,2.37158926341148,-0.333496217519632,0.704735532044449,1
"PWY-6897: thiamin salvage II",0.0612855784427173,0.846285291749483,0.0936339057791076,0.708691016636359,1
"METH-ACETATE-PWY: methanogenesis from acetate",0.700458630560737,1.81231596179707,0.378526212940998,0.708974190503888,1
"DTDPRHAMSYN-PWY: dTDP-&beta;-L-rhamnose biosynthesis",0.175509340594407,0.956851157283222,0.202608746217448,0.709735622926391,1
"PWY-5981: CDP-diacylglycerol biosynthesis III",0.240727294052275,1.06226811446556,0.153956565239303,0.710046659153278,1
"PWY-5104: L-isoleucine biosynthesis IV",0.111826488038422,0.868632512211161,0.140500794078628,0.71191973818794,1
"PWY-7211: superpathway of pyrimidine deoxyribonucleotides de novo biosynthesis",-0.703481352649699,2.20081446164403,-0.328263088264384,0.714316296101306,1
"PWY-6892: thiazole biosynthesis I (E. coli)",0.126369673229645,0.900832970263347,0.12576358186832,0.714384557495355,1
"METHGLYUT-PWY: superpathway of methylglyoxal degradation",0.392868376234303,1.77321770068338,0.235579590888027,0.717056043194431,1
"P162-PWY: L-glutamate degradation V (via hydroxyglutarate)",0.657741263080752,2.10085926131294,0.315083381730821,0.718570998016948,1
"PWY-5838: superpathway of menaquinol-8 biosynthesis I",-0.676776259482701,2.31341047904826,-0.308218562362881,0.719216009759669,1
"HSERMETANA-PWY: L-methionine biosynthesis III",0.0845588111522793,0.228447687565713,0.370986089730856,0.719290940920692,1
"PWY-5861: superpathway of demethylmenaquinol-8 biosynthesis",0.445217118588499,1.95288130184237,0.23181907856783,0.719767958881828,1
"PWY-7357: thiamine phosphate formation from pyrithiamine and oxythiamine (yeast)",0.10126983175931,0.979326475069426,0.0228458717346878,0.720530664083238,1
"PWY-8073: lipid IVA biosynthesis (P. putida)",-0.117747277976164,1.02666601639337,-0.158833426749983,0.722008438574121,1
"PWY-7357: thiamin formation from pyrithiamine and oxythiamine (yeast)",0.029142664972646,0.866193964796333,0.0537799966353251,0.723399674705603,1
"PWY-I9: L-cysteine biosynthesis VI (from L-methionine)",-0.0985663877052105,1.0507002730802,-0.128856886099657,0.723727722119191,1
"PWY-6936: seleno-amino acid biosynthesis (plants)",-0.0964513409228951,1.00833622056699,-0.127992369818261,0.724040392899563,1
"PWY-5898: superpathway of menaquinol-12 biosynthesis",-0.678002304332503,2.34182904499144,-0.297765120907834,0.726985264493385,1
"PWY0-1477: ethanolamine utilization",0.093517598178971,1.0075410853751,0.111908886237229,0.727341906888343,1
"METSYN-PWY: L-homoserine and L-methionine biosynthesis",-0.0603708299012497,0.848294671795703,-0.0843571095436314,0.727858329881573,1
"PWY-1269: CMP-3-deoxy-D-manno-octulosonate biosynthesis",-0.0374997434806327,0.978405722033839,-0.106106580424101,0.728471853937514,1
"PWY-5695: urate biosynthesis/inosine 5'-phosphate degradation",0.0360450910604543,0.887914435552369,0.0333813016038713,0.728644503755813,1
"ARGDEG-PWY: superpathway of L-arginine, putrescine, and 4-aminobutanoate degradation",0.413861234629563,1.76429037347601,0.257080661778085,0.728807064211462,1
"COA-PWY-1: superpathway of coenzyme A biosynthesis III (mammals)",-0.0144188779866731,1.01903457259409,-0.0371205048333878,0.729376543687721,1
"FAO-PWY: fatty acid &beta;-oxidation I",0.061549489991578,0.861790793922914,0.0867202579709189,0.729930190670692,1
"PWY-801: homocysteine and cysteine interconversion",0.0532537838956329,1.00228449022791,0.0307685002068953,0.73039450042324,1
"PWY-6897: thiamine diphosphate salvage II",-0.0143150767904407,1.02890025152863,-0.0109519797098251,0.731051766395738,1
"PWY-922: mevalonate pathway I (eukaryotes and bacteria)",-0.0681219439711178,1.03097410609654,-0.0859755727457868,0.731596612787535,1
"GLYCOLYSIS-E-D: superpathway of glycolysis and the Entner-Doudoroff pathway",-0.0333912724739406,1.03758101899035,-0.0617236369439707,0.736778199562588,1
"THISYNARA-PWY: superpathway of thiamine diphosphate biosynthesis III (eukaryotes)",-0.0682657749338502,0.985519691164625,-0.0808667423322014,0.740392917395927,1
"PWY-7209: superpathway of pyrimidine ribonucleosides degradation",0.686509499742925,2.39348785817436,0.289066414836429,0.741692138421157,1
"PWY-5005: biotin biosynthesis II",0.350045959233436,1.64986212262864,0.213858006515326,0.742754303486059,1
"PWY-5136: fatty acid &beta;-oxidation II (plant peroxisome)",-0.00733525675375299,1.07012577183773,-0.081487065615219,0.743185111035977,1
"PWY-6292: superpathway of L-cysteine biosynthesis (mammalian)",-0.0739051920953595,0.983620460881871,-0.140149294657951,0.743297820089073,1
"PWY-5899: superpathway of menaquinol-13 biosynthesis",-0.527744168071872,2.34663473819346,-0.236173753932872,0.743338832721196,1
"RUMP-PWY: formaldehyde oxidation I",0.637858798906079,2.30738814851343,0.269919575692562,0.749688311790401,1
"PWY-8187: L-arginine degradation XIII (reductive Stickland reaction)",0.00639270307286631,1.00619021768923,-0.0064249959909229,0.750541513772021,1
"GLUCUROCAT-PWY: superpathway of &beta;-D-glucuronide and D-glucuronate degradation",0.0423707613014472,0.867411329089483,0.033875896059315,0.751211803688694,1
"THISYNARA-PWY: superpathway of thiamin diphosphate biosynthesis III (eukaryotes)",0.0506128514115942,0.909128625732422,-0.00321219153258873,0.752368670990846,1
"PWY-5121: superpathway of geranylgeranyl diphosphate biosynthesis II (via MEP)",-0.017562665389534,0.972072392600174,-0.0451367715570057,0.753187477378526,1
"PPGPPMET-PWY: ppGpp biosynthesis",0.0157778655159443,0.894609744634416,0.0314011356696197,0.753923665696128,1
"PWY-5897: superpathway of menaquinol-11 biosynthesis",-0.505861070470417,2.3276880790252,-0.232540023915572,0.755533768870232,1
"PWY-7761: NAD salvage pathway II (PNC IV cycle)",-0.0784045045671939,1.09802717151148,-0.093428646171129,0.755690283945059,1
"SO4ASSIM-PWY: assimilatory sulfate reduction I",0.279129978781866,1.69604722983826,0.166215070753489,0.759419453302233,1
"METSYN-PWY: superpathway of L-homoserine and L-methionine biosynthesis",0.292433068901459,1.96508629323533,0.159299971621088,0.760847993322912,1
"FUC-RHAMCAT-PWY: superpathway of fucose and rhamnose degradation",0.335389624051786,2.00595688862859,0.16812792749678,0.761787711076889,1
"PWY-5863: superpathway of phylloquinol biosynthesis",0.223547780273003,1.83495578697234,0.120945080083955,0.766738103106391,1
"ALLANTOINDEG-PWY: superpathway of allantoin degradation in yeast",-0.48925045901173,2.3430904559794,-0.215251035253696,0.768544326015162,1
"PWY-7210: pyrimidine deoxyribonucleotides biosynthesis from CTP",0.21114849760127,1.88206119189879,0.126496182076489,0.768662939751311,1
"CALVIN-PWY: Calvin-Benson-Bassham cycle",0.0441496629185111,0.159227701240099,0.276710625951536,0.772331981769135,1
"PWY-5136: fatty acid &beta;-oxidation II (peroxisome)",0.017928654098062,0.911095183550066,0.0379083146139275,0.779459416067514,1
"PWY-7328: superpathway of UDP-glucose-derived O-antigen building blocks biosynthesis",-0.469927198767972,1.97467437839237,-0.235238060396914,0.781512507664882,1
"PWY-5154: L-arginine biosynthesis III (via N-acetyl-L-citrulline)",-0.0981271035491628,0.349046779972197,-0.28148281427277,0.783349422755636,1
"PWY-2723: trehalose degradation V",-0.212758261083993,2.05620516369189,-0.0978722994675938,0.788088328551723,1
"PWY1ZNC-1: assimilatory sulfate reduction IV",0.276387044720683,1.83921455313364,0.154282496227631,0.788499199651938,1
"PWYG-321: mycolate biosynthesis",-0.308146012423074,2.00718221753072,-0.150469939566064,0.789464614018222,1
"GLYCOCAT-PWY: glycogen degradation I (bacterial)",-0.340053841275754,2.21570465969286,-0.150649618917463,0.790115706674579,1
"PWY-6607: guanosine nucleotides degradation I",0.269110271362546,2.13130310129157,0.135312023180068,0.790184174114203,1
"P161-PWY: acetylene degradation (anaerobic)",-0.228474463646188,1.81793658583601,-0.125885762694986,0.790827909708929,1
"PWY-7111: pyruvate fermentation to isobutanol (engineered)",0.068805309295086,0.256774159697333,0.269266601840734,0.79084260920087,1
"PWY0-862: (5Z)-dodec-5-enoate biosynthesis",-0.298386823896408,1.96743001423688,-0.156657800803605,0.793929026750115,1
"FASYN-INITIAL-PWY: superpathway of fatty acid biosynthesis initiation (E. coli)",-0.166304220459737,1.88286301251086,-0.0904276476207499,0.795918527920377,1
"SALVADEHYPOX-PWY: adenosine nucleotides degradation II",0.427916384313015,1.81743527907219,0.233211717890042,0.795934838590457,1
"PWY-5918: superpathay of heme biosynthesis from glutamate",-0.209046400719181,1.99980957342808,-0.108324264819823,0.801296897435635,1
"GLYCOLYSIS-E-D: superpathway of glycolysis and Entner-Doudoroff",-0.219770053597416,1.96705919506469,-0.113461509741133,0.807900111720824,1
"PWY-6803: phosphatidylcholine acyl editing",0.082801138973104,2.10453166679722,0.0385538905304013,0.818594183886404,1
"GLUCOSE1PMETAB-PWY: glucose and glucose-1-phosphate degradation",0.261719314879081,2.42595875488899,0.120379666706367,0.820757841454243,1
"CENTFERM-PWY: pyruvate fermentation to butanoate",0.0762437221155626,0.335122119831977,0.228855062956701,0.820983332293541,1
"PWY-7316: dTDP-N-acetylviosamine biosynthesis",0.361263178541528,2.51431753886786,0.139411671767123,0.826434413376551,1
"PWY-6305: putrescine biosynthesis IV",-0.00835216140845191,1.79448743900229,-0.0201578302186769,0.831888059715771,1
"KETOGLUCONMET-PWY: ketogluconate metabolism",-0.236827915796184,2.29428894506842,-0.104437893563974,0.832129815764597,1
"GLYCOLYSIS: glycolysis I (from glucose 6-phosphate)",0.0289149234007338,0.166908889996953,0.175771546309219,0.832253849628646,1
"PWY-6590: superpathway of Clostridium acetobutylicum acidogenic fermentation",0.0697065595419013,0.329280746186145,0.213338031051454,0.832330960691421,1
"ANAEROFRUCAT-PWY: homolactic fermentation",0.0678651346433069,0.321257486345482,0.211718218301269,0.833630667916104,1
"PWY-5973: cis-vaccenate biosynthesis",0.0368795038169557,0.198335909722834,0.186873603509845,0.834866585046781,1
"PWY-621: sucrose degradation III (sucrose invertase)",0.376245954076807,2.55182318261317,0.153592287303516,0.83560349464241,1
"PWY-7388: octanoyl-[acyl-carrier protein] biosynthesis (mitochondria, yeast)",-0.0993083455217775,1.87592865611751,-0.0390374228908642,0.836774368458232,1
"PWY-6470: peptidoglycan biosynthesis V (&beta;-lactam resistance)",0.356316250598612,2.9358416708278,0.123088365546623,0.839640503938109,1
"P108-PWY: pyruvate fermentation to propanoate I",-0.264027496502991,1.92833544786006,-0.135110661005718,0.845424175215238,1
"PWY-7221: guanosine ribonucleotides de novo biosynthesis",0.0351449616011383,0.210062924326812,0.168076736380733,0.849038427665491,1
"HOMOSER-METSYN-PWY: L-methionine biosynthesis I",-0.161134533488491,1.5951584527749,-0.0897045742003764,0.850194726863109,1
"PWY-7234: inosine-5'-phosphate biosynthesis III",0.0578702096663786,0.32233699648767,0.179448671851919,0.854622634802663,1
"RIBOSYN2-PWY: flavin biosynthesis I (bacteria and plants)",-0.0430250077009926,0.263947225169942,-0.162495306263282,0.86059629136206,1
"MET-SAM-PWY: superpathway of S-adenosyl-L-methionine biosynthesis",0.059569234514534,1.74673081195712,0.0332415763232487,0.87538032572237,1
"PWY-5347: superpathway of L-methionine biosynthesis (transsulfuration)",-0.0680789820616791,1.72894118308918,-0.0241286590344024,0.875765171228157,1
"PWY-6353: purine nucleotides degradation II (aerobic)",0.119326800931149,1.98578740041385,0.0652848956499141,0.878860088659606,1
"PWY-6703: preQ0 biosynthesis",-0.0317389264928164,0.298073684857036,-0.106420636013359,0.897344782548668,1
"GOLPDLCAT-PWY: superpathway of glycerol degradation to 1,3-propanediol",-0.0686089442539747,2.09032523336273,-0.0361003319345876,0.904694927622572,1
"PANTO-PWY: phosphopantothenate biosynthesis I",0.0171942528683734,0.241981664204536,0.0718373979325849,0.906335571533479,1
"PWY-7663: gondoate biosynthesis (anaerobic)",0.00386801816002167,0.203551070508763,0.0194376882328498,0.918481971286554,1
"OANTIGEN-PWY: O-antigen building blocks biosynthesis (E. coli)",-0.00623171892807499,0.250026295267912,-0.0247278491584955,0.928818523877987,1
"PWY-5505: L-glutamate and L-glutamine biosynthesis",-0.0135384192159575,0.340680155750777,-0.0393504773192167,0.936232079886281,1
"LACTOSECAT-PWY: lactose and galactose degradation I",0.017073102329855,0.398629039481941,0.0426971378080444,0.94218087723923,1
