"rab.all","rab.win.O","rab.win.Y","diff.btw","diff.win","effect","overlap","we.ep","we.eBH","wi.ep","wi.eBH","Pathway"
4.27248867438578,-4.92566477216091,5.53869005798774,10.4386732037311,7.25852050697692,1.2994180480516,0.00994527271520188,0.00103872969648633,0.19821663617764,5.67028430805521e-06,0.00237584912507513,"PWY0.1241.ADP.L.glycero..beta..D.manno.heptose.biosynthesis"
-5.24548071169322,-7.26075838309944,4.06302357448704,10.8136387262248,7.49401042890712,1.19753399560756,0.141844094962662,0.00215484077977084,0.217811571657056,0.00520208716077524,0.225391068266145,"PWY0.845.superpathway.of.pyridoxal.5..phosphate.biosynthesis.and.salvage"
6.09251044096255,5.82337681073823,6.70197038176995,0.914092027990971,0.818180588182882,1.04279367632424,0.116477429381821,0.00131827666047569,0.217960042829321,0.00145549110332392,0.122433660850122,"PWY.7383.anaerobic.energy.metabolism..invertebrates..cytosol."
9.23229223943528,8.92104249069944,9.55388768034213,0.635701118824158,0.663542824712594,0.905122132329798,0.151988749862758,0.00420775385546616,0.384898413430577,0.00546249939753229,0.280339892279308,"PWY.7199.pyrimidine.deoxyribonucleosides.salvage"
-0.634695253452407,-6.24272187819945,3.76169664037367,8.61105241925882,8.73812826422468,0.858386878986373,0.163120670814342,0.0172248286715321,0.546210700124822,0.0102016167043741,0.3562966151325,"PYRIDOXSYN.PWY.pyridoxal.5..phosphate.biosynthesis.I"
9.40344689231764,9.24489462398939,9.58429391753077,0.39946450852628,0.477730905792987,0.727924495665734,0.168794425189963,0.0105974917265309,0.555216911373304,0.01498264095618,0.440153589681378,"PWY.5103.L.isoleucine.biosynthesis.III"
7.95193096767708,7.64505401092926,8.1062128169024,0.604382502068597,0.850208890218771,0.732681098738733,0.217329615309196,0.0180085083580919,0.636928621882264,0.0263647178253893,0.675849870027855,"THRESYN.PWY.superpathway.of.L.threonine.biosynthesis"
9.95680608093888,9.77040212194354,10.4011456891924,0.519486505614831,0.666644510756687,0.748682526380039,0.225852338636924,0.0191365080075676,0.639578058470124,0.0289038091198018,0.681359525762945,"PWY.6121.5.aminoimidazole.ribonucleotide.biosynthesis.I"
9.04293054076555,8.96094206975942,9.68733716406784,0.683194852006124,0.850211289593217,0.687462410945146,0.273758912946483,0.0237333162450655,0.643531079970508,0.083656960380306,0.886289532224746,"COMPLETE.ARO.PWY.superpathway.of.aromatic.amino.acid.biosynthesis"
6.96926731724886,6.79271350683629,7.32778443567637,0.56141805073907,0.833405032958813,0.704151991063404,0.231534154334357,0.0235677754055435,0.643763481348108,0.0386448259718867,0.731793664396028,"PWY66.399.gluconeogenesis.III"
9.53569124398773,9.41961841984564,9.88034186873293,0.614616003093349,0.91404984641802,0.650436684390773,0.238297932774482,0.0251966944790931,0.644536047228069,0.0499053239716939,0.791872726697075,"ARGSYNBSUB.PWY.L.arginine.biosynthesis.II..acetyl.cycle."
9.61268640471339,9.5133525478873,9.98911838205152,0.529799748592365,0.726548881818477,0.667155269780828,0.236879493635951,0.0282978207858497,0.645650917869084,0.0472995846871137,0.784829140450286,"ARGSYN.PWY.L.arginine.biosynthesis.I..via.L.ornithine."
9.35559281331664,9.24477940649804,9.80804106299774,0.586362276795891,0.820714651867183,0.658273942476273,0.275177352211701,0.0282641804958153,0.648365296003888,0.0613714805254085,0.843344660448299,"ARO.PWY.chorismate.biosynthesis.I"
3.31352068146387,2.65473285211072,3.90974083202516,1.6723097019032,3.29005995369041,0.687867692573904,0.116312213208062,0.0206264091926169,0.649450406815764,0.00195573864667324,0.147102489157283,"FUCCAT.PWY.fucose.degradation"
10.1664104487232,9.97277403606962,10.5502671213761,0.458099503962181,0.70543349350546,0.637120191433633,0.234042615377471,0.0320324080349286,0.652895642362185,0.0422294423842411,0.733265590072328,"PWY.6122.5.aminoimidazole.ribonucleotide.biosynthesis.II"
10.1612066385155,9.97172805966874,10.5514036756599,0.445009615599499,0.69479412380217,0.663342562837806,0.219858224489103,0.0321949572176177,0.652995802167888,0.0422721467129362,0.734564054154309,"PWY.6277.superpathway.of.5.aminoimidazole.ribonucleotide.biosynthesis"
4.24402661391356,3.52730883143093,4.46547829199597,1.10492481301727,3.56822720488845,0.68989762325613,0.119149088274182,0.0253115363252097,0.658419121818875,0.00218006926961068,0.148489406551813,"PWY.5022.4.aminobutanoate.degradation.V"
8.22707707017416,7.87988169126127,8.45131140324084,0.512907249464482,0.772582574981903,0.62136317912695,0.236879493635951,0.0350524923389457,0.667082295530174,0.0500182423677973,0.778698325826401,"PWY.3001.superpathway.of.L.isoleucine.biosynthesis.I"
10.1755426524467,10.0762800609611,10.591361952346,0.52324122608478,0.788474116584647,0.582758043141338,0.282670499599371,0.0403024887028592,0.686580520861023,0.0978447426541467,0.897156571620147,"VALSYN.PWY.L.valine.biosynthesis"
9.54212206944572,9.37053124849224,9.78087129447304,0.420292471503566,0.686502215596181,0.566254445387946,0.237215970138196,0.0464578909746033,0.711539294194591,0.0537399423332086,0.7866597259265,"PWY.5667.CDP.diacylglycerol.biosynthesis.I"
9.54105881929696,9.37114881236124,9.77935203976227,0.443764553445471,0.664894427706278,0.562602592494251,0.242553250225884,0.0465779030023531,0.713137498790939,0.0544561258207737,0.789031880821529,"PWY0.1319.CDP.diacylglycerol.biosynthesis.II"
2.76542739579852,2.46456302350225,3.64339546477602,1.34686201864023,4.41647924519874,0.262121281270154,0.299290820257712,0.0394301713432339,0.718906442182993,0.113090320895565,0.959599087108859,"PWY.5676.acetyl.CoA.fermentation.to.butanoate.II"
-6.06586454292096,-7.13534027566813,-4.11679425529223,4.63119079558758,9.94564870897641,0.619599067545139,0.272340473685156,0.0621001089717854,0.754825184379352,0.119151323231722,0.787444578275323,"PWY.7282.4.amino.2.methyl.5.diphosphomethylpyrimidine.biosynthesis.II"
-6.14918863505894,-7.28098783526243,-4.07755778529359,4.53199277755062,9.58494064870649,0.597045760303248,0.262784142380125,0.0692502077762183,0.760606186766639,0.119908859925549,0.765097487427191,"HEME.BIOSYNTHESIS.II.heme.b.biosynthesis.I..aerobic."
6.9692640596234,6.7441917288786,7.33259789866389,0.523004858983963,0.902282595380653,0.565323408310547,0.259574520519608,0.054363579484559,0.778419604128979,0.0717186419102054,0.86506485499843,"SER.GLYSYN.PWY.superpathway.of.L.serine.and.glycine.biosynthesis.I"
6.42238455815675,5.95900973635676,7.25771674943951,1.56668730683047,1.21609213933165,1.14675140070748,0.0653412082593007,0.0594138402475428,0.821915718196011,0.000196422192358725,0.037488300608705,"PWY0.162.superpathway.of.pyrimidine.ribonucleotides.de.novo.biosynthesis"
10.1174733408361,9.96835891478252,10.5114699875015,0.510373710166752,0.928889483114745,0.532095858900311,0.286931861956375,0.0672911175135049,0.838346007232022,0.114808417040905,0.931046128300587,"ILEUSYN.PWY.L.isoleucine.biosynthesis.I..from.threonine."
-6.33900007073378,-7.28153116643089,-4.60410923509994,3.50028003344434,8.86939826610969,0.492471138179282,0.300709259583046,0.100991434358133,0.839859988641979,0.173677729568548,0.877894137565044,"PWY.7254.TCA.cycle.VII..acetate.producers."
-6.7089746943284,-7.39253930303859,-5.76722824772653,2.26499478372958,6.33988611371235,0.381433575166249,0.325284124371845,0.15166281271851,0.856974100359026,0.290217731829574,0.872437311594025,"PWY.8131.5..deoxyadenosine.degradation.II"
-6.82297135342901,-7.52454702839499,-6.03186103870666,1.95860608444487,7.61478489924237,0.277786259892285,0.345170483339653,0.152191253962615,0.857736679427682,0.332315938141451,0.891899619996421,"PWY.7282.4.amino.2.methyl.5.phosphomethylpyrimidine.biosynthesis..yeast."
8.76964473329687,8.55311012565745,9.01594638335703,0.407700731633711,0.807588323829585,0.477390043486661,0.299290820257712,0.0799273810832431,0.868497870886015,0.114508113468059,0.919655315404133,"PWY.7222.guanosine.deoxyribonucleotides.de.novo.biosynthesis.II"
8.76924484653807,8.55016199135553,9.01678552393215,0.390290295731273,0.828190827887805,0.437960026737832,0.296875040904413,0.0797962010002728,0.868759019023759,0.115468407124996,0.918864046932988,"PWY.7220.adenosine.deoxyribonucleotides.de.novo.biosynthesis.II"
9.90078545196183,9.62058987929915,10.1172839374283,0.480146171512071,0.847573910474247,0.528111971873336,0.285511407833943,0.0881500318224066,0.879217519067887,0.113771397349426,0.930559177084257,"PWY.6385.peptidoglycan.biosynthesis.III..mycobacteria."
9.57747095574434,9.42302798558893,9.91696717796333,0.45660581241995,0.902222855188039,0.49966041413688,0.295035502299301,0.0876858532739647,0.879410422823122,0.109011658813323,0.926813043371646,"PWY.6163.chorismate.biosynthesis.from.3.dehydroquinate"
9.67853691912366,9.24319049111124,9.76358428532802,0.508878511507992,0.805938039424369,0.542235067975567,0.291193224343593,0.0894300564688684,0.882628438628025,0.10864388771703,0.928976608209895,"PWY.6123.inosine.5..phosphate.biosynthesis.I"
8.98760735624349,8.96957927057161,9.00890063813136,0.27008575582391,0.689425815040412,0.364977794563468,0.352272754487363,0.106106698037088,0.895311692827825,0.281650485978804,0.98491688244478,"HISTSYN.PWY.L.histidine.biosynthesis"
7.67515372464263,7.20871483820908,8.14830152854075,0.54013327496124,1.13925197660052,0.510472267756011,0.265248277439229,0.089964222702769,0.8968254150442,0.0869049922600619,0.896336482579273,"ASPASN.PWY.superpathway.of.L.aspartate.and.L.asparagine.biosynthesis"
9.60989142852354,9.13573966274687,9.70706049535734,0.468431889810396,0.850126238486858,0.503196789092927,0.303546138242234,0.112834369905162,0.91969618191372,0.135078708862087,0.952832683525765,"PWY.6124.inosine.5..phosphate.biosynthesis.II"
-6.2196013596412,-7.09336460575478,-5.05401231362296,2.72234428748041,7.6864214745125,0.373754614158442,0.328125032771621,0.214586920542315,0.921442991514076,0.298735119047619,0.924203362454499,"PWY.6305.superpathway.of.putrescine.biosynthesis"
-7.06462455156902,-7.51669088337697,-6.5008989426011,1.27315426618951,5.95762780488175,0.181612062539441,0.384943202245605,0.295541173236158,0.938141869058533,0.441842352452114,0.962607471962195,"PWY.6895.superpathway.of.thiamin.diphosphate.biosynthesis.II"
10.4280042558151,10.2013381410534,10.6633297626961,0.334745229383523,0.736031242807726,0.426028757536316,0.323404289147851,0.13238104815807,0.938370402887723,0.188040050281246,0.970602216351421,"PWY.6609.adenine.and.adenosine.salvage.III"
9.91299815941354,9.78238836316075,10.1972986364129,0.363557563061875,0.729807000757424,0.438457691779157,0.340425561704006,0.130473626665205,0.939151737058373,0.227717731829574,0.990869276349745,"PWY0.1296.purine.ribonucleosides.degradation"
-7.26736462311297,-7.70743996120662,-6.63064721506278,1.20544386711815,5.06311217876488,0.198477443431321,0.390625019314634,0.365271558146021,0.946002037367896,0.468087374119688,0.94240918259612,"PWY.5896.superpathway.of.menaquinol.10.biosynthesis"
-7.09414942756869,-7.55068517555674,-6.73322367451351,1.12478886380442,4.83313478525592,0.20201246240067,0.397727290674376,0.452657110022762,0.948615593090956,0.527029735856893,0.944593749589894,"PWY.7046.4.coumarate.degradation..anaerobic."
-7.32827037066267,-7.66710286480281,-6.84999554795826,0.806132109924016,4.93455298528447,0.125567322867654,0.421276609279289,0.462646199417913,0.950001028675531,0.539514527977183,0.955583893450471,"PWY.5860.superpathway.of.demethylmenaquinol.6.biosynthesis.I"
-7.18980632666589,-7.60423035794832,-6.75113001147803,0.84280125444361,4.9764614665084,0.165875178142542,0.404829562058123,0.467608413210371,0.953967334046716,0.542046110574797,0.944186764564955,"PWY.6583.pyruvate.fermentation.to.butanol.I"
9.36511909128487,9.13307822684191,9.47303432117758,0.354510150483454,0.78872936156415,0.439633699940933,0.286931861956375,0.145386702561569,0.955668229998226,0.109704895369079,0.911770383460153,"PWY.6126.superpathway.of.adenosine.nucleotides.de.novo.biosynthesis.II"
-7.0096643230408,-7.39709068170162,-6.59795399633053,1.15335020078045,5.908281953646,0.17514995897753,0.381560304726551,0.354724495477833,0.957403080849425,0.481226264544279,0.958054994569026,"PWY.6891.thiazole.biosynthesis.II..Bacillus."
-7.22617426606144,-7.5840838134966,-6.81531072063652,0.763151750255139,4.92395599715324,0.129721133766578,0.417613650602737,0.446560735874361,0.960156690575492,0.554277600463262,0.961812883997152,"PWY66.389.phytol.degradation"
1.93949282340486,-4.54997890323197,2.76196886824858,2.15473061452828,9.03774800223087,0.332585050674619,0.267045504574454,0.18003946682535,0.960777710512982,0.0752715180201635,0.865015288850685,"CITRULBIO.PWY.L.citrulline.biosynthesis"
-7.11226366604077,-7.52205184546949,-6.62838597200597,1.04002293360853,5.02960470545312,0.186145378632195,0.396306836400439,0.422368914386546,0.961482107795878,0.478916088829256,0.957232452564129,"PWY.7992.superpathway.of.menaquinol.8.biosynthesis.III"
-7.18495620895255,-7.53447907039962,-6.73625473773187,0.914158640682327,5.02509207268221,0.144832092412448,0.426950367124867,0.437830794279847,0.962386302867691,0.518234571156398,0.964723058072336,"PWY.5850.superpathway.of.menaquinol.6.biosynthesis.I"
-7.1364242329212,-7.46986013268326,-6.78561788999504,0.786703557409883,4.98738209772718,0.141940271416013,0.4184397303606,0.450360496636447,0.964979216283879,0.529652175900725,0.960015076511276,"PWY.5862.superpathway.of.demethylmenaquinol.9.biosynthesis"
-7.10557443252763,-7.36181654844971,-6.80170948361859,0.798292881815028,4.97734018481292,0.125816254049308,0.429787246051525,0.515889614458619,0.965775491121384,0.585737068739439,0.955961864334577,"PWY.6863.pyruvate.fermentation.to.hexanol..engineered."
-7.25763295223881,-7.59024173645822,-6.89737443257604,0.863640839105783,4.79421003624809,0.153372937856537,0.407092214715946,0.459126892706009,0.970265011970883,0.542096057805713,0.950575631251243,"PWY.5845.superpathway.of.menaquinol.9.biosynthesis"
-7.22277308624699,-7.5196929464085,-6.77140479265598,0.700432279961228,5.0862703868135,0.140063908995865,0.431818193499543,0.480069906182931,0.970968441712503,0.536245786269974,0.963550974425188,"PWY.5088.L.glutamate.degradation.VIII..to.propanoate."
-7.21023262412334,-7.54643785555437,-6.77870593049806,0.658324830925133,4.99325991139323,0.118188789430295,0.428977284915002,0.541609712747471,0.972323695305094,0.57192122167693,0.970014430718044,"PWY.7003.glycerol.degradation.to.butanol"
-7.13924808380289,-7.39909619714757,-6.72812647807723,0.858099992376684,5.04935207871135,0.140573056933638,0.417021290902331,0.444489220658066,0.972483866355433,0.519806192340296,0.973544283304607,"PWY.6895.superpathway.of.thiamine.diphosphate.biosynthesis.II"
-7.04386622052501,-7.29278410246094,-6.78826542138703,0.683951476265576,4.78342802464539,0.125108059451189,0.441761373563334,0.552453572118328,0.972540821219597,0.576792283841674,0.97573236998288,"GALACTITOLCAT.PWY.galactitol.degradation"
-6.6260018609289,-7.22171347280048,-5.95092074127732,1.46471584863812,8.07331044997404,0.199926536947727,0.387234062473223,0.334287920350156,0.978205409964623,0.429056149281575,0.960449686259462,"TCA.GLYOX.BYPASS.superpathway.of.glyoxylate.bypass.and.TCA"
9.63296623116763,9.29186057307072,9.71633626018058,0.434686886570373,0.808479486422382,0.501586960844307,0.311079582509939,0.177915584550461,0.978734027061581,0.127331284234342,0.948738002097215,"PWY.7229.superpathway.of.adenosine.nucleotides.de.novo.biosynthesis.I"
-6.72142829440258,-7.26404627360045,-5.9727350471639,1.54242975056763,8.38624901883475,0.19845728460166,0.377840930934722,0.349619012410174,0.979280140391544,0.442969941645687,0.966066123330182,"GLYCOLYSIS.TCA.GLYOX.BYPASS.superpathway.of.glycolysis..pyruvate.dehydrogenase..TCA..and.glyoxylate.bypass"
0.789102345966795,-5.88007898841276,4.2187158470147,1.65166442984962,11.2159873475523,0.244365099217818,0.332386395387112,0.217534798809378,0.983043765880749,0.217014450010774,0.96221612391355,"PWY.6630.superpathway.of.L.tyrosine.biosynthesis"
-7.0655150465777,-7.17748848965468,-6.89759938679308,0.24142160348478,5.80214349763521,0.0402630548267165,0.472340430183669,0.731287199444489,0.986775017806616,0.707185787396943,0.981509765943234,"PWY.6876.isopropanol.biosynthesis"
-7.01468493764351,-7.20634425537155,-6.79044433296879,0.548140088298117,5.96014338286852,0.0924162575173637,0.452482277543178,0.665669243533119,0.990861885815362,0.668887446805645,0.987165631029113,"PWY.5791.1.4.dihydroxy.2.naphthoate.biosynthesis.II..plants."
10.3152393526857,10.1299430980876,10.3952179254808,0.311123983037679,0.712531202259399,0.426359617047035,0.327659607259124,0.237295401170719,0.991761604435078,0.189803685897436,0.973734303465272,"TRNA.CHARGING.PWY.tRNA.charging"
5.5011455417767,5.43248957391829,5.77852662861214,0.505626780233096,1.15609046007039,0.392382932256597,0.349431846023213,0.163942167239204,0.99179120212478,0.252558472148981,0.997526385539145,"PWY.5030.L.histidine.degradation.III"
10.0552077941023,9.75203120533686,10.2649442231574,0.381113990917989,0.848481616041336,0.425414575672487,0.322443215980823,0.21032587543863,0.992203944682884,0.194658888985756,0.979714779905093,"PWY.6387.UDP.N.acetylmuramoyl.pentapeptide.biosynthesis.I..meso.diaminopimelate.containing."
10.0479938942657,9.79559371563838,10.219238488007,0.361538305572768,0.806131441199171,0.419339436599864,0.316761399226153,0.222560536307711,0.992304536925184,0.201999182770274,0.985204536383097,"PEPTIDOGLYCANSYN.PWY.peptidoglycan.biosynthesis.I..meso.diaminopimelate.containing."
9.90715437567473,9.63555980450739,10.0581514462399,0.299465245722601,0.775731067778437,0.39118215205379,0.351773076892325,0.25059291388194,0.992458173013664,0.232326919887388,0.990434144346436,"PWY.2942.L.lysine.biosynthesis.III"
10.0141262761359,9.6446947463005,10.1434904119451,0.454724290190601,0.955493092017582,0.402160424302213,0.336647758020829,0.211536866898608,0.993439178099008,0.228157400358929,0.996210771812554,"PWY.6386.UDP.N.acetylmuramoyl.pentapeptide.biosynthesis.II..lysine.containing."
-5.72834208267346,4.20474889055156,-6.80500639136886,-8.34429666785861,10.4401654309604,-0.723067463763069,0.251063885280327,0.0539035727814827,0.993950344678485,0.0884676650265369,0.932031457678381,"COBALSYN.PWY.adenosylcobalamin.salvage.from.cobinamide.I"
-5.56837932349483,-6.49229002829148,-4.12122837212505,2.18890789344235,10.3204888439092,0.243395379475424,0.311079582509939,0.284930726562602,0.994410009608949,0.235242154807267,0.948975683596112,"PWY.5130.2.oxobutanoate.degradation.I"
-6.81734623479273,-7.06857933807046,-6.38613509652552,0.785946031996049,7.20364900558034,0.104168392059928,0.4184397303606,0.545194259159299,0.994722919647489,0.567334050269905,0.974161023471318,"PWY.5918.superpathway.of.heme.b.biosynthesis.from.glutamate"
8.88881133975767,8.84696070995083,8.95791299540243,0.159381879377609,0.571655550719478,0.226799421901934,0.38581562303488,0.301876696518332,0.994906946688837,0.406040288078794,0.995538824559003,"PWY.724.superpathway.of.L.lysine..L.threonine.and.L.methionine.biosynthesis.II"
6.09728954274905,6.01375244157494,6.15813786133451,0.248711772910703,0.823404200705801,0.246557672002992,0.373579568162677,0.203576928287209,0.995399179284262,0.306762447514431,0.99754726615738,"GALACTUROCAT.PWY.D.galacturonate.degradation.I"
6.00651554114325,5.90720320223583,6.27926082666471,0.332678383705661,0.780640547100229,0.319217818291289,0.31914897105657,0.20734671438231,0.995432839995313,0.181855497765908,0.9797410456568,"PWY.7323.superpathway.of.GDP.mannose.derived.O.antigen.building.blocks.biosynthesis"
-6.97172562092187,-7.28084499724225,-6.56564870857081,0.959384689030854,7.59888386820236,0.101002743143571,0.426950367124867,0.551485470845528,0.996013285931451,0.574366044494721,0.973115342147599,"PWY.6629.superpathway.of.L.tryptophan.biosynthesis"
-4.58566143117535,-5.59427928862267,4.28034504024228,2.07339876585904,11.2871905080651,0.204705435077554,0.322443215980823,0.316462482610295,0.996399316592862,0.183084111048265,0.950608274536547,"PWY.5941.glycogen.degradation.II..eukaryotic."
-7.02313783633866,-7.14904243666969,-6.87838851107623,0.279106445981035,5.65736536191346,0.0391187162475574,0.476595748613522,0.739590263183842,0.997212402723873,0.722824254322174,0.993919487011976,"ORNARGDEG.PWY.superpathway.of.L.arginine.and.L.ornithine.degradation"
-7.01948512524303,-7.20694564701065,-6.85335192653935,0.196048843212054,6.1304543246359,0.029415667172109,0.480113639712643,0.721889905239345,0.997627144196806,0.690008679964901,0.986679447576607,"PWY.5863.superpathway.of.phylloquinol.biosynthesis"
-7.06506086311554,-7.19706193836054,-6.93100296983395,0.347900394395429,5.80717365963202,0.0478956867381429,0.467329550971336,0.754290212601843,0.997687039548242,0.683443819709058,0.991452661531257,"PWY.5861.superpathway.of.demethylmenaquinol.8.biosynthesis"
-7.07752334454973,-7.18436077888809,-6.91990227885904,0.3996630068304,6.13895609196313,0.0610816872867928,0.470921990707488,0.721028825424513,0.99776679064265,0.718381985258678,0.994999275809778,"PWY.7385.1.3.propanediol.biosynthesis..engineered."
-5.79487709038776,4.39632611906665,-6.85498671684348,-8.59697600284609,10.4892711554988,-0.732997474223114,0.248579602034812,0.051770312250789,0.997811649941879,0.0887301814703614,0.948893614410593,"PWY.6969.TCA.cycle.V..2.oxoglutarate.erredoxin.oxidoreductase."
-6.72870279033149,-7.10868406208597,-6.36036009388798,0.691349108722891,6.87795885810789,0.0935184759880028,0.44680851965869,0.567657471669628,0.998064882893919,0.594240678938579,0.994448594474784,"PWY.7371.1.4.dihydroxy.6.naphthoate.biosynthesis.II"
-6.78643596558806,-7.08066653007324,-6.6328313580349,0.685364827395563,7.32501345153884,0.102417302802748,0.447443190753857,0.58677639424938,0.998074433481869,0.651116509989623,0.98663082879572,"PWY66.398.TCA.cycle.III..animals."
-6.23803556327501,-6.69259901143608,-5.77447547564427,0.943080642412763,8.72039432581368,0.113694630739368,0.428977284915002,0.602217272286409,0.998508307524264,0.619436742308259,0.995365928066967,"PWY.7688.dTDP..alpha..D.ravidosamine.and.dTDP.4.acetyl..alpha..D.ravidosamine.biosynthesis"
9.91665918619233,9.68408978689814,10.0628752525671,0.245492196981052,0.719369880192502,0.338189605168361,0.37163122871537,0.322930890707376,0.998525257571403,0.301704531762097,0.998087408272352,"PWY.5097.L.lysine.biosynthesis.VI"
-5.59043064681971,-6.17634804446125,-4.45544702355414,1.27362140127369,8.839542081421,0.140010563454799,0.408510654168733,0.474438454008853,0.998560211046555,0.529572282480806,0.999285349261162,"GLYOXYLATE.BYPASS.glyoxylate.cycle"
-6.99475126952691,-7.34703111503463,-6.62562091297001,0.587115219163765,5.69416601504871,0.0780642246339341,0.445390080188655,0.708832817042496,0.998759813864815,0.633989748480364,0.993493810757313,"PWY.7210.pyrimidine.deoxyribonucleotides.biosynthesis.from.CTP"
6.35690689607239,6.19527153658286,7.0073951652625,0.411681060742256,1.30067563617645,0.328123854353652,0.352272754487363,0.225939546812632,0.998773440011183,0.24990006123907,0.994325538595282,"PWY.5659.GDP.mannose.biosynthesis"
-7.14946989792145,-7.2777713439582,-7.05679223396254,0.109177349941155,5.05157908272043,0.019115917832428,0.489361703912129,0.708240813074675,0.999195674907206,0.72954746169723,0.992895063975034,"PWY.5920.superpathway.of.heme.biosynthesis.from.glycine"
-7.08459300637037,-7.00126376099149,-7.17056475055106,-0.160817989980099,4.95294420428928,-0.0266510332225736,0.478014188090537,0.630266911829235,0.999214055672318,0.690218901325713,0.99361004718506,"PWY.5138.unsaturated..even.numbered.fatty.acid..beta..oxidation"
-7.00298341338482,-7.13913863497911,-6.84242547462749,0.440207427153606,5.6810676362364,0.0721464464135995,0.45106383807143,0.702541258624866,0.999464735591696,0.686232780055342,0.993507783411112,"METHGLYUT.PWY.superpathway.of.methylglyoxal.degradation"
-5.17662776655349,-5.6605069245272,-4.58604842516015,2.50343491054303,10.9085722139028,0.240616373418079,0.357954571435,0.383263952680198,0.999533612283529,0.361955821042992,0.993581719887471,"HEME.BIOSYNTHESIS.II.heme.biosynthesis.I..aerobic."
-7.13734381131444,-7.19412093083675,-7.0309127867528,-0.128768063187491,5.06787028941545,-0.0222851802837483,0.487215911241843,0.711039720155283,0.999559941621189,0.751719314370485,0.995981438674907,"P125.PWY.superpathway.of..R.R..butanediol.biosynthesis"
-7.26715086527375,-7.33623911601374,-7.24002768827037,-0.0236662345820404,5.17815828042497,-0.00415898771965906,0.494318182773651,0.670983951316339,0.999848098698956,0.757604515743544,0.995542217031634,"PWY.6961.L.ascorbate.degradation.II..bacterial..aerobic."
-7.17005915472127,-7.21637102875397,-7.12739692608602,0.140893330379395,5.03810142373611,0.022813062697844,0.490056819854334,0.643859514293936,0.999854580767321,0.721944762216628,0.990038417640518,"PWY.6113.superpathway.of.mycolate.biosynthesis"
-6.91857657068408,-7.26379547042758,-6.64192220524583,0.616821154424566,5.9215202248749,0.0957609807341009,0.44886364505263,0.691296639250211,0.999991042001279,0.640838654540764,0.987472779198095,"ARGDEG.PWY.superpathway.of.L.arginine..putrescine..and.4.aminobutanoate.degradation"
9.95922377080339,9.90205658842174,10.0454051898242,0.115399569521313,0.925043507244554,0.113688784303963,0.454545462251908,0.851265529892922,1,0.791318342873587,1,"PWY.7221.guanosine.ribonucleotides.de.novo.biosynthesis"
10.0386816616736,9.98327271239389,10.5175185881347,0.359937627886659,1.45006051928581,0.208740398016628,0.426950367124867,0.853433760040859,1,0.578070733607208,1,"PWY.7111.pyruvate.fermentation.to.isobutanol..engineered."
9.76572978250029,9.49149930460134,9.87668777601291,0.253341863072569,0.88165450529671,0.265104003072992,0.401418456913412,0.452909236296016,1,0.445626802087232,1,"ANAGLYCOLYSIS.PWY.glycolysis.III..from.glucose."
9.21110736292729,9.57047109956053,9.16963760167851,0.0291388816173992,0.91169342769451,0.0375063135108519,0.488636365548042,0.877994409076327,1,0.860519688644689,1,"PANTO.PWY.phosphopantothenate.biosynthesis.I"
9.61060597454179,9.3977314728028,9.67559821442558,0.157767919381461,0.831801069235699,0.192191689183104,0.42329546775346,0.857632485781355,1,0.597922952708411,1,"GLYCOLYSIS.glycolysis.I..from.glucose.6.phosphate."
9.67882680777332,9.59869947274252,10.4008518890594,0.748205653126742,17.3322055581604,0.0465012775803345,0.368794349866452,0.89185937217015,1,0.307996265940587,0.995679996244778,"DTDPRHAMSYN.PWY.dTDP.L.rhamnose.biosynthesis.I"
9.79749439208272,9.74464840609342,10.2761559532993,0.575538787220852,17.2647872822797,0.0386190078901014,0.363636388407104,0.890930038893234,1,0.319115250477721,0.995431224308738,"PWY.7219.adenosine.ribonucleotides.de.novo.biosynthesis"
9.47549549031338,9.57776409520765,9.34348135089941,-0.233216071327366,0.725331892496053,-0.295282070887844,0.36789775115133,0.250045727963716,1,0.283776333154719,1,"PWY.6527.stachyose.degradation"
9.72800246458543,9.66679806840732,10.1744981080521,0.455026758643434,17.1782399746052,0.0286481295919472,0.383522747981106,0.900790079581087,1,0.37831771435801,0.999690351667059,"PWY.5686.UMP.biosynthesis"
9.50580329681476,9.19064637068008,9.56446442850921,0.172697126918426,0.981603467439319,0.156791030387464,0.444602282157655,0.77681642690199,1,0.617787420509702,1,"PWY.5484.glycolysis.II..from.fructose.6.phosphate."
9.7165312864392,9.66068405073154,10.160629593359,0.566798802858064,17.0996875631642,0.0367314709736904,0.37163122871537,0.90504867676641,1,0.341302940077853,0.996466942279533,"PWY.1042.glycolysis.IV..plant.cytosol."
-4.38539799097113,-4.83496666229966,-4.02540529626491,-0.149514509186429,17.2766984652325,-0.00918062364772191,0.478014188090537,0.912156295456798,1,0.809263552333889,1,"PWY.5686.UMP.biosynthesis.I"
-4.41410947551941,-4.94048906380543,-3.97686893461066,-0.141191757298635,17.1496602600265,-0.00937819645059227,0.487943264434006,0.89862215264773,1,0.83094051765443,1,"PWY.7790.UMP.biosynthesis.II"
-4.32720367895293,-5.01232074637686,-3.94178741278683,-0.186790722394012,17.2233358245422,-0.0138567738032797,0.470170459578933,0.904125638768546,1,0.804101533705587,1,"PWY.7791.UMP.biosynthesis.III"
9.48338118051636,9.41094104647847,9.87578254435274,0.567962410961202,17.0365816342764,0.0357066855899402,0.392907820237274,0.892871665262295,1,0.38191045965451,0.99593766131305,"PWY.3841.folate.transformations.II"
8.9481608950469,8.84677754286332,9.08652824586309,0.0942066466286589,0.789785238117126,0.11293908804109,0.451704553651458,0.81488087610349,1,0.716803386967135,1,"PWY.5973.cis.vaccenate.biosynthesis"
9.25070312342054,9.11735627142953,9.32995492646607,0.106667528576746,1.46665256490322,0.0622431065518828,0.467329550971336,0.958157684695115,1,0.822378277601526,1,"OANTIGEN.PWY.O.antigen.building.blocks.biosynthesis..E..coli."
9.49044531743712,9.43488481273709,9.98096247346371,0.467430154236341,1.17349984542368,0.29840122962726,0.404255335812924,0.479545683177457,1,0.457081817418263,1,"PWY.7400.L.arginine.biosynthesis.IV..archaebacteria."
-4.54936367964809,-4.99384895449204,-4.14506205493091,-0.10024182131507,17.4164887082314,-0.0061801813603213,0.487943264434006,0.892675762769454,1,0.840972468820524,1,"PWY.3841.folate.transformations.II..plants."
8.87707090835957,8.90259577489275,8.85396450946423,-0.0358176970772011,0.633834646718827,-0.0491488506755951,0.472340430183669,0.76528073744851,1,0.769390622519251,1,"CALVIN.PWY.Calvin.Benson.Bassham.cycle"
8.46904190051592,8.58429389222914,8.35415817858973,-0.16005358262005,1.55472463007178,-0.129187689610216,0.448226959129173,0.641747060753373,1,0.622980581402601,1,"GLYCOGENSYNTH.PWY.glycogen.biosynthesis.I..from.ADP.D.Glucose."
9.11929950862453,8.92004443801872,9.3187245560908,0.425818446123098,1.71423336705222,0.193386451076312,0.463068188061993,0.721596503829412,1,0.771572330855419,1,"UDPNAGSYN.PWY.UDP.N.acetyl.D.glucosamine.biosynthesis.I"
8.75765074447084,8.65367909347562,8.91008338851435,0.0679819646399302,0.898314043171371,0.0863302814976264,0.468750005275006,0.905491051660887,1,0.818152232426371,1,"PWY.7663.gondoate.biosynthesis..anaerobic."
9.28465439128378,9.19942177739899,10.1653342593923,1.13014836859142,17.1911760056731,0.0670437593353833,0.352272754487363,0.849180070592946,1,0.275397247714875,0.992694232111208,"PWY.6737.starch.degradation.V"
-4.41360623895095,-4.86418620870795,-4.17784734869973,-0.121845643269462,17.0166554552028,-0.00865410255825359,0.490056819854334,0.892126045468132,1,0.852507842711984,1,"DTDPRHAMSYN.PWY.dTDP..beta..L.rhamnose.biosynthesis"
9.12347648820013,9.05317298437611,10.1920572777882,0.972103345977086,16.9376528764545,0.0633110650935925,0.348936198084954,0.861476913484916,1,0.276742389769673,0.991825159748052,"PWY.6151.S.adenosyl.L.methionine.cycle.I"
9.30515402916859,9.11207495886442,9.39024955642361,0.285377560585225,0.8388709832659,0.352818895929965,0.366477296901857,0.460869221882324,1,0.329763313473163,0.999073798716518,"GLUCONEO.PWY.gluconeogenesis.I"
8.85447203884269,8.51695416444022,8.92696611724725,-0.220869900669642,1.53614844872452,-0.143633212829565,0.431818193499543,0.525065699796315,1,0.598766385349686,1,"PWY.5100.pyruvate.fermentation.to.acetate.and.lactate.II"
8.84065696737499,8.92474068728891,8.75424139949203,0.0585942531883612,0.802396408160083,0.0889193898609631,0.475852276796983,0.674065772318515,1,0.85123745538195,1,"HSERMETANA.PWY.L.methionine.biosynthesis.III"
8.49038467059731,8.56950372100565,8.44536883303586,-0.0407478044190972,1.11082026295697,-0.0320199131636715,0.479432627567732,0.920653009397327,1,0.912564193820241,1,"PWY.6703.preQ0.biosynthesis"
-4.42930473622083,-4.86000504121111,-4.11459986721416,-0.138070840098046,16.4769934929389,-0.00974381010638579,0.475852276796983,0.88601922177257,1,0.817615172334116,1,"PWY.7953.UDP.N.acetylmuramoyl.pentapeptide.biosynthesis.III..meso.diaminopimelate.containing."
8.85123477243559,8.71443039432084,9.59084760567311,0.760630041510425,16.7000130441386,0.0508915673927044,0.370212789290249,0.888644605975666,1,0.379310922243391,0.999225414124004,"PWY.6700.queuosine.biosynthesis"
9.01377997787631,8.95053043327419,9.67171975421989,0.812971421151726,16.6984707047747,0.0526280069805228,0.365056842653774,0.879471699003705,1,0.334647576768562,0.99908488679703,"COA.PWY.1.coenzyme.A.biosynthesis.II..mammalian."
-4.46537504073775,-4.93977281487345,-4.06986395286089,0.0924964380490492,16.6704978298487,0.00716079134132438,0.484375002629768,0.882322027206057,1,0.857479995414158,1,"PWY.1042.glycolysis.IV"
9.18440746615583,9.12058534591045,9.45397853907434,0.494693325559255,16.4279340323748,0.0410448706115187,0.36931820540217,0.904692586272333,1,0.40052859453498,0.999256606077027,"BRANCHED.CHAIN.AA.SYN.PWY.superpathway.of.branched.amino.acid.biosynthesis"
9.25834630344623,8.98315430806426,9.30820031936621,0.312724909199185,0.900240836236824,0.313349136939605,0.38778411077795,0.323052405029107,1,0.353061780759875,0.999899502638273,"PWY.841.superpathway.of.purine.nucleotides.de.novo.biosynthesis.I"
-4.38792855858405,-4.85079095477003,-4.01697574772867,0.299162001925517,16.4018881275782,0.0183059881269059,0.437500010675606,0.862297705077902,1,0.597969090217058,1,"BRANCHED.CHAIN.AA.SYN.PWY.superpathway.of.branched.chain.amino.acid.biosynthesis"
-4.35653592547819,-4.93465118592355,-3.99855126651641,-0.188183948135552,16.7111744067869,-0.0117067273756517,0.478693185407245,0.883452664368313,1,0.78461163691185,1,"COA.PWY.coenzyme.A.biosynthesis.I..prokaryotic."
8.22212942988739,8.48296888088363,8.06838840180125,-0.11095068460282,15.8642734973294,-0.00767943780323279,0.486524824955982,0.923021853507512,1,0.891789756135248,1,"PWY.5695.urate.biosynthesis.inosine.5..phosphate.degradation"
-4.36304529592145,-4.89011486797648,-3.9260265256876,0.0698104231696952,16.3952867617737,0.00528117388213749,0.487215911241843,0.88030535137843,1,0.849776980630309,1,"PWY.6700.queuosine.biosynthesis.I..de.novo."
8.96272058161428,8.8905139833561,9.21095301398998,0.28614390522792,16.3796468428451,0.0194904555208285,0.438920464970997,0.8984407285364,1,0.629959593908413,1,"X1CMET2.PWY.N10.formyl.tetrahydrofolate.biosynthesis"
8.80121004063123,8.73921048277405,8.95271718073305,0.323944617091382,16.4307814829527,0.0249964619380509,0.426136376332936,0.908914894437973,1,0.655169855138412,1,"COA.PWY.coenzyme.A.biosynthesis.I"
8.87193796846766,8.7403419989229,9.1084822918909,0.343319474873686,16.1225892191546,0.0236033775605075,0.394326259680865,0.910718915393918,1,0.42787568911674,0.998584434130368,"PWY66.400.glycolysis.VI..metazoan."
8.56454326493516,8.47410232239299,8.96789034411231,0.410540239000253,16.2377451126566,0.0294250650816729,0.429787246051525,0.903697446784833,1,0.627818197749748,1,"PWY.4242.pantothenate.and.coenzyme.A.biosynthesis.III"
8.51300824679217,8.48455308100393,8.53936528595988,0.199924521013642,1.32568412480009,0.132293027716416,0.456737595960751,0.842370560585827,1,0.778202465829449,1,"ANAEROFRUCAT.PWY.homolactic.fermentation"
-4.39591431589803,-4.84802007499701,-4.08482053589833,0.0244906408465324,16.4977981090111,0.00154688594709058,0.49289772846715,0.879840564480275,1,0.863185165260436,1,"PANTOSYN.PWY.superpathway.of.coenzyme.A.biosynthesis.I..bacteria."
8.8775866871781,8.86785859724391,8.90093500883023,-0.0316145831648651,1.19937467929737,-0.0209941886124884,0.487215911241843,0.910859925030192,1,0.889718219651221,1,"RIBOSYN2.PWY.flavin.biosynthesis.I..bacteria.and.plants."
8.86965697908018,8.81231518784457,9.15233934711469,0.902400317340478,16.5733917135457,0.0600251251932942,0.360795479918089,0.873675480885726,1,0.367099876387802,0.999103718998459,"GLUTORN.PWY.L.ornithine.biosynthesis"
8.53306431985981,8.44728655554825,8.76533006298916,0.284314031844835,15.9596730000782,0.0207706237855429,0.449645398600091,0.898210213601924,1,0.701967376019234,1,"PANTOSYN.PWY.pantothenate.and.coenzyme.A.biosynthesis.I"
8.98690405263505,8.63643945139263,9.04266752394522,0.256725335910853,1.13494689650398,0.224513785214703,0.412765972532009,0.497087999648912,1,0.523013136808367,1,"PWY.7228.superpathway.of.guanosine.nucleotides.de.novo.biosynthesis.I"
-4.40790379442993,-4.89457733413758,-4.07642380468306,-0.278369675589141,16.5684444348493,-0.0193618753322028,0.478693185407245,0.903656389336544,1,0.755152848715397,1,"COA.PWY.1.superpathway.of.coenzyme.A.biosynthesis.III..mammals."
-4.41089220026572,-4.77875693125511,-4.07062774618837,0.101804560406939,16.1524931754027,0.00757654316267499,0.485795456935748,0.887385199630708,1,0.853869973470157,1,"X1CMET2.PWY.folate.transformations.III..E..coli."
6.93041713372241,6.85127722753212,7.07106307601661,0.25776431422624,1.15672675019629,0.109309777778343,0.394886382127478,0.294047589781654,1,0.414080529732136,1,"PWY.5188.tetrapyrrole.biosynthesis.I..from.glutamate."
-4.278898612139,-4.72958241687437,-3.87801384613662,-0.304636230738403,16.6536631001544,-0.0251922093840777,0.45106383807143,0.91605606936819,1,0.725549379670897,1,"PWY.6151.S.adenosyl.L.methionine.salvage.I"
8.82513490085813,8.64904292546403,8.87025667284661,0.234167049555892,0.978878740209677,0.228895851109074,0.403409107779556,0.412137917373635,1,0.431567398594053,1,"PWY.6125.superpathway.of.guanosine.nucleotides.de.novo.biosynthesis.II"
-4.42249663845488,-4.82693400742372,-4.1123154621114,-0.126928788531042,16.7544641024468,-0.00945616643268865,0.468085111755853,0.895296060621283,1,0.787231751253133,1,"PWY.5695.inosine.5..phosphate.degradation"
-4.48146894204403,-4.88683766582098,-4.14904072496383,-0.000163870586913362,16.2139249439018,1.70166757808837e-06,0.5,0.882108198131525,1,0.873728859585332,1,"NONMEVIPP.PWY.methylerythritol.phosphate.pathway.I"
-4.44768535328732,-4.94594393586522,-3.97334576317878,-0.421297878823472,16.7633176025971,-0.0266427983103252,0.454545462251908,0.925500637989356,1,0.725707704640561,1,"PWY.7851.coenzyme.A.biosynthesis.II..eukaryotic."
8.81822329980461,8.43779138478077,8.92967633426873,0.391676511862296,1.67526649279265,0.239570922499122,0.449645398600091,0.578640596367884,1,0.667832995419828,1,"PWY.2941.L.lysine.biosynthesis.II"
-4.40591409474222,-4.77859416936733,-4.07260683583243,-0.229703884219613,15.905106032237,-0.0153160543853718,0.469503551231545,0.875665070060242,1,0.764280389534356,1,"PWY66.429.fatty.acid.biosynthesis.initiation..mitochondria."
8.69792394551488,8.46015416690465,8.75218085132428,0.19337176091361,1.14117628541847,0.151810898417851,0.428368806587885,0.552539268859807,1,0.572454627093752,1,"PWY.7208.superpathway.of.pyrimidine.nucleobases.salvage"
8.0731994271216,7.72189773788324,8.42455416341662,-0.0718978884339059,2.85949354653531,-0.0279708436398776,0.485106385478067,0.959990641529415,1,0.87755929168226,1,"LACTOSECAT.PWY.lactose.and.galactose.degradation.I"
8.60287551647876,8.49173979200122,8.90228101922079,0.29415756330119,15.9593018812855,0.0200887522498169,0.409090924899018,0.90233952283901,1,0.486261543458476,0.99853354594213,"PWY66.422.D.galactose.degradation.V..Leloir.pathway."
-4.40281750064154,-4.8264931589952,-4.083593988463,-0.30350012338892,16.812137611223,-0.0198185227986484,0.457386370853881,0.906362636246078,1,0.746372657109402,1,"P41.PWY.pyruvate.fermentation.to.acetate.and..S..lactate.I"
-4.53630523582164,-5.06673518881168,-4.20092868849692,0.128817404523256,15.8279179422876,0.00944201022916765,0.483687946000273,0.894661518008822,1,0.870397080264292,1,"PWY.7977.L.methionine.biosynthesis.IV"
8.60468233343755,8.49349020329821,8.90419315176017,0.321248768776305,15.9409580610136,0.0239902572781718,0.404255335812924,0.916173455008777,1,0.520609512150002,0.999715521943657,"PWY.6317.galactose.degradation.I..Leloir.pathway."
8.36084607773965,8.30416903084042,8.87700008461593,0.779005481606399,16.0777549569615,0.0523845075036654,0.37163122871537,0.868562080353491,1,0.398080604331814,0.996420810069836,"PYRIDNUCSYN.PWY.NAD.biosynthesis.I..from.aspartate."
8.31863790012146,8.47668612597453,8.25777749518207,0.0895552178996946,1.48448598082208,0.0450424931321459,0.483687946000273,0.864321551214642,1,0.957783847344606,1,"PWY.7234.inosine.5..phosphate.biosynthesis.III"
-4.4440515242033,-4.97758288279489,-4.11829581612565,0.143523129730585,14.3752373544866,0.0102987491737905,0.476595748613522,0.844593178701764,1,0.780354050780231,1,"PWY.8178.pentose.phosphate.pathway..non.oxidative.branch..II"
-4.3982265272611,-4.95746602247156,-4.05654716073523,-0.303622536793945,16.3951048286371,-0.0211314770041147,0.465248232805265,0.909919047640923,1,0.700157957287166,1,"PWY.5981.CDP.diacylglycerol.biosynthesis.III"
-4.45323444084294,-4.93683095963232,-4.07871084505735,0.880621879612541,15.8516171211279,0.0641771672693701,0.400568199225114,0.811941960434563,1,0.493703038528164,0.99971409927178,"PWY.7238.sucrose.biosynthesis.II"
-4.39547071084337,-4.94988880095909,-3.92704466973275,-0.348674297391179,16.0418864291035,-0.0232821610477684,0.45596591655271,0.899216515237005,1,0.706313028754012,1,"PWY.6317.D.galactose.degradation.I..Leloir.pathway."
-4.38169106434878,-4.81129337245392,-4.04341929675016,0.61012441690457,15.9672381256506,0.0412989599470582,0.429787246051525,0.855873148818777,1,0.610158894656041,1,"PWY.5941.glycogen.degradation.II"
-4.51479131185347,-4.89883911090141,-4.0954066124898,0.137816015315078,16.1160985983181,0.00953302773948946,0.479432627567732,0.881689050473587,1,0.884597842173307,1,"PYRIDNUCSYN.PWY.NAD.de.novo.biosynthesis.I..from.aspartate."
-4.49259734832072,-5.01209683441781,-4.11434044033001,0.29150050968892,14.2113925448799,0.0306838436543014,0.448226959129173,0.849768412327342,1,0.751648590863471,1,"NONOXIPENT.PWY.pentose.phosphate.pathway..non.oxidative.branch..I"
7.99886798242749,7.95415867647067,8.03335034537247,-0.115941781243038,1.36339963070674,-0.0842950380848682,0.463068188061993,0.660648460859923,1,0.747918717714819,1,"HISDEG.PWY.L.histidine.degradation.I"
8.21821132802802,8.15578049379039,8.45840109016843,0.49489072621689,15.7073020203255,0.0370099593548786,0.419034104889353,0.891016478164663,1,0.563480006754726,1,"DENOVOPURINE2.PWY.superpathway.of.purine.nucleotides.de.novo.biosynthesis.II"
-4.47893133796583,-4.95119523053084,-4.05043163054863,0.0156543511055052,16.0120858233886,0.00122671295175435,0.497159091386779,0.887890092340993,1,0.845422401627655,1,"PWY.6270.isoprene.biosynthesis.I"
-4.52906669199074,-5.06703094502761,-4.15249498004136,-0.0840744542605814,16.0099200223387,-0.00465029220740217,0.486524824955982,0.892691948690168,1,0.837702619635911,1,"PWY.7560.methylerythritol.phosphate.pathway.II"
8.08519286310306,7.61094347119745,8.14469997775483,0.358915913104958,1.24043799326481,0.277331598379693,0.395744699125452,0.471121072704661,1,0.488030760760782,1,"PWY.7197.pyrimidine.deoxyribonucleotide.phosphorylation"
6.78618823359141,6.94298145174539,6.30511738008253,-0.911145586334862,2.07187198132982,-0.481346659359961,0.289772770211253,0.0926294758860589,1,0.0843929677134011,1,"PWY0.1586.peptidoglycan.maturation..meso.diaminopimelate.containing."
-4.45598049668879,-4.86058983952186,-4.1061584699257,0.662903313575478,15.26107759947,0.0494774101021415,0.404255335812924,0.820009015488755,1,0.51178375892361,0.998571702152424,"GLUTORN.PWY.L.ornithine.biosynthesis.I"
8.0413794021182,7.99280495381204,8.14403259250808,-0.0115481553456411,1.20383160464511,-0.0118185053877351,0.492198582868621,0.637083446846867,1,0.917267539606936,1,"PWY0.166.superpathway.of.pyrimidine.deoxyribonucleotides.de.novo.biosynthesis..E..coli."
7.39953553860314,7.42203047744132,7.36668095179091,-0.107618066251469,1.34882313116042,-0.0853689519919746,0.456737595960751,0.670203066374107,1,0.730209378792003,1,"PWY.6901.superpathway.of.glucose.and.xylose.degradation"
6.87023001795975,6.77283955992157,6.96556666272251,0.193280642338471,0.943594029636762,0.185517318664898,0.416193196316858,0.407143076557149,1,0.540466316207657,1,"RHAMCAT.PWY.L.rhamnose.degradation.I"
-4.36493423201361,-4.8060501562716,-3.94794933904972,-0.0921655918800113,12.9270340715209,-0.00740190788789144,0.490780143390337,0.865527670922396,1,0.792671170821567,1,"PWY.7237.myo...chiro..and.scyllo.inositol.degradation"
7.78359977447144,7.82750818387908,7.68979471037308,-0.146672984217078,1.30964998840772,-0.108066018884141,0.458156035434011,0.60398606302472,1,0.707682092320734,1,"PWY.7184.pyrimidine.deoxyribonucleotides.de.novo.biosynthesis.I"
-4.52966812778451,-4.85488963140488,-4.1394636339168,-0.608610450031719,14.3807798713721,-0.0442261128456901,0.441761373563334,0.909068038762219,1,0.670796826448191,1,"PWY.7357.thiamine.phosphate.formation.from.pyrithiamine.and.oxythiamine..yeast."
7.18257779188697,7.00864650178907,7.3101192011324,-0.218759762870623,14.8211891801056,-0.0167688642361944,0.466666672280422,0.917851272374233,1,0.79312700852102,1,"PWY.6168.flavin.biosynthesis.III..fungi."
6.81855630552964,6.95962218996325,6.69363216983281,0.447991293177016,2.83028590012024,0.0872132010314478,0.424715922042867,0.172744720008062,1,0.584053215795427,1,"PWY.7315.dTDP.N.acetylthomosamine.biosynthesis"
7.80490336084932,7.76562787199686,7.96765595802529,0.431288150359952,15.4980509494584,0.0308259028117655,0.42269504873968,0.894906975729705,1,0.53416510202259,1,"PWY.7187.pyrimidine.deoxyribonucleotides.de.novo.biosynthesis.II"
6.74443535719938,6.51106678247804,7.32787813946918,0.316136224995704,1.73476202072299,0.183521471754235,0.400568199225114,0.306112262022216,1,0.471953909979984,1,"COLANSYN.PWY.colanic.acid.building.blocks.biosynthesis"
-4.44354862907542,-4.93113960327153,-3.95169526323278,-0.533726058223187,14.5380708490392,-0.0406879255815083,0.43829788284564,0.917160512515165,1,0.710560758336735,1,"PWY.6897.thiamine.diphosphate.salvage.II"
6.56966882409594,6.62426091150514,6.48820596296,-0.164408293246035,1.41423165098186,-0.108551896551319,0.450284099351835,0.649718575598132,1,0.662985101682373,1,"PENTOSE.P.PWY.pentose.phosphate.pathway"
7.30729581226331,7.20533577534355,7.56114251788581,0.245771597650746,14.6229237996033,0.0192290541338129,0.421875013464729,0.922898152339265,1,0.561833387201034,1,"PWY.5104.L.isoleucine.biosynthesis.IV"
-4.47634257520589,-4.95422861353251,-4.08224501794561,-0.442467785643513,15.7066989704008,-0.0276524817561,0.453125007951486,0.919466501159823,1,0.703356352029678,1,"PWY.6936.seleno.amino.acid.biosynthesis..plants."
-4.40673073621025,-4.94658084605589,-4.1332233069369,-0.507966478063092,15.271953000126,-0.0372925067807326,0.434659102086448,0.907053677646971,1,0.645762166835358,1,"PWY.8187.L.arginine.degradation.XIII..reductive.Stickland.reaction."
5.74336397202887,5.94559556349804,5.27652609127842,-0.578998471396875,0.894003960370067,-0.524804990213271,0.271306866806937,0.215635780702621,1,0.069598309971762,0.998190761628538,"PWY.6608.guanosine.nucleotides.degradation.III"
5.94315042377987,5.65132270052705,6.53677065945525,0.596501351715039,1.9895036780427,0.295323869181567,0.399147744949274,0.519958186927333,1,0.484918682807131,1,"PWY.6147.6.hydroxymethyl.dihydropterin.diphosphate.biosynthesis.I"
7.17250590364928,7.53811507009594,7.08073773500673,-0.250577127092743,14.6311652767131,-0.0218074928605048,0.428977284915002,0.912818439120473,1,0.563467580858254,1,"NONOXIPENT.PWY.pentose.phosphate.pathway..non.oxidative.branch."
6.83102315072604,6.79089988666523,6.88688706440522,0.0924483045462239,14.2444905273272,0.00662605201517761,0.484375002629768,0.928043377092219,1,0.879165023170199,1,"THISYNARA.PWY.superpathway.of.thiamin.diphosphate.biosynthesis.III..eukaryotes."
7.39002243957896,7.39437279770711,7.38710471153285,0.292904262718184,14.7875818044872,0.0242833793744427,0.428368806587885,0.901229507312361,1,0.603019364375305,1,"THISYN.PWY.superpathway.of.thiamin.diphosphate.biosynthesis.I"
5.6502273065658,5.8702963554461,5.46064275550071,-0.114553125095988,2.72026875244606,-0.0392556809923025,0.460227279457275,0.641177837550251,1,0.739322145862394,1,"GLCMANNANAUT.PWY.superpathway.of.N.acetylglucosamine..N.acetylmannosamine.and.N.acetylneuraminate.degradation"
7.2379006381479,7.1794242503464,8.01808854392553,1.11483006601762,15.2197602139015,0.0798551571422964,0.360283713352711,0.843043999118585,1,0.30910713222536,0.996445458198092,"TRPSYN.PWY.L.tryptophan.biosynthesis"
6.74071750051958,6.79762557839235,6.6428261099587,0.112158630001933,14.2427843134646,0.00750216663293282,0.490056819854334,0.906089387946892,1,0.887734373228036,1,"PWY.4981.L.proline.biosynthesis.II..from.arginine."
5.05520712249559,5.10603398774086,5.01416138979743,-0.422019236478809,3.96862334981477,-0.0802284050896213,0.448226959129173,0.485433619093311,1,0.768615211140124,1,"PWY.5384.sucrose.degradation.IV..sucrose.phosphorylase."
-4.39020271233575,-4.97955889686475,-3.89140855908593,-0.375051754267671,14.4032074560596,-0.025295903319276,0.451704553651458,0.8976353138151,1,0.707840417290398,1,"PWY.6823.molybdopterin.biosynthesis"
6.6136655823333,6.54306264584369,6.67668138091666,-0.0556917208480696,1.32580481403328,-0.053366649530602,0.468085111755853,0.810197685298268,1,0.799538416707776,1,"PWY.5154.L.arginine.biosynthesis.III..via.N.acetyl.L.citrulline."
6.48177197085246,6.95547578044321,6.34541235979433,-0.396067797654301,14.0453968743315,-0.0317472295582932,0.41193183346378,0.892016746935062,1,0.463322939879393,1,"PWY.7237.myo...chiro..and.scillo.inositol.degradation"
3.37483910950852,2.36493118975876,4.03369162048528,-0.07634061776732,12.668460971711,-0.00814162595902417,0.487215911241843,0.852360481205357,1,0.902316793999989,1,"PWY.7328.superpathway.of.UDP.glucose.derived.O.antigen.building.blocks.biosynthesis"
6.86231584055585,6.72920227471618,7.0533663028554,0.270108860470343,14.0703076560719,0.0213089490519323,0.413352287747364,0.893808607658574,1,0.532691691934871,0.999899502638273,"PWY.6897.thiamin.salvage.II"
6.31967654080406,6.10670605384608,6.59066172597482,0.129073974653492,13.9455432967085,0.0102361023128054,0.482269506522611,0.92127581466257,1,0.885372212523673,1,"PWY.6892.thiazole.biosynthesis.I..E..coli."
-4.94845137990962,4.84106816392145,-5.71205538119842,-1.71311542008399,11.7511769760345,-0.216421422360346,0.345170483339653,0.279037719530321,1,0.241814900302226,1,"PWY.5265.peptidoglycan.biosynthesis.II..staphylococci."
6.73481634200636,6.62364488263339,6.97738010849426,0.3494883139322,13.8746606434825,0.0283792693404852,0.411347533076781,0.887747085060039,1,0.513149367160832,1,"PWY.7357.thiamin.formation.from.pyrithiamine.and.oxythiamine..yeast."
-4.8799210389358,-5.69606825326197,-3.99777276953394,1.62015708307938,12.3219042835402,0.145633581622724,0.352272754487363,0.473354779159185,1,0.288365320824686,0.968782911110762,"PWY66.409.superpathway.of.purine.nucleotide.salvage"
-4.55001859258937,-4.82433582141377,-4.19086821505051,-0.356309165573329,14.8741159109035,-0.0247448939273662,0.468085111755853,0.917698641925474,1,0.717363836982161,1,"PWY.5121.superpathway.of.geranylgeranyl.diphosphate.biosynthesis.II..via.MEP."
6.73582435728688,6.61384359909283,6.82849407123942,-0.469517748112502,2.07565588873113,-0.212270732966312,0.436879443378561,0.416283761807231,1,0.553660979194309,1,"PWY4FS.7.phosphatidylglycerol.biosynthesis.I..plastidic."
6.73271420406118,6.61258361513657,6.83218547474004,-0.472256157822491,2.00640826976649,-0.213370146338725,0.434042564446035,0.416717034834211,1,0.556525558097733,1,"PWY4FS.8.phosphatidylglycerol.biosynthesis.II..non.plastidic."
6.96638249837133,7.29343026852154,6.87663209015603,-0.314721777469213,1.01715465537043,-0.310823415466139,0.384943202245605,0.269904245308797,1,0.330557928510473,1,"PWY.6545.pyrimidine.deoxyribonucleotides.de.novo.biosynthesis.III"
5.3448409935626,5.74516856459456,5.14608642896012,-0.522015190958762,0.821464259499031,-0.54606742470772,0.259943234272758,0.147324396547282,1,0.0542631811074632,0.995170728495092,"PWY.6606.guanosine.nucleotides.degradation.II"
6.15647245138262,6.32444919357707,5.94748896684545,-0.025744261193184,13.1567140968446,-0.00166161783437395,0.495738637080198,0.794344789806142,1,0.834904356479434,1,"HEXITOLDEGSUPER.PWY.superpathway.of.hexitol.degradation..bacteria."
5.01755144401438,4.99387220032608,5.07197905177272,0.437370722874594,12.610833256453,0.0359362057283813,0.429787246051525,0.886931430110181,1,0.589029931304506,1,"PWY.6936.seleno.amino.acid.biosynthesis"
5.45481014779788,5.57526803477962,5.1372811515757,-0.475267325182563,0.804144575860838,-0.459818010423537,0.292198623675496,0.288910636523955,1,0.0933089803482122,0.998190761628538,"P164.PWY.purine.nucleobases.degradation.I..anaerobic."
3.03055529548126,3.0154882036673,3.07477531877182,0.252980053649928,9.83092706542904,0.0226878935788664,0.480851067045093,0.458434922651568,1,0.866748540256183,1,"PWY0.1297.superpathway.of.purine.deoxyribonucleosides.degradation"
-4.46523802738003,-4.87733496687158,-4.12476229465036,-0.478055908676281,13.7829615484708,-0.0391077354742106,0.463068188061993,0.90997218325723,1,0.708466119874063,1,"PWY.6292.superpathway.of.L.cysteine.biosynthesis..mammalian."
6.03722809461671,6.06219703547139,6.00279050691461,0.110220750082437,0.956981038398228,0.0922814964063404,0.44034091926691,0.388218365119195,1,0.769422695064868,1,"PWY.7242.D.fructuronate.degradation"
2.43669843983912,3.21950707911211,-4.38805997820267,-1.63105598825598,9.94388883715891,-0.303601208648417,0.410511379180993,0.200061149943268,1,0.47259735435166,1,"FASYN.ELONG.PWY.fatty.acid.elongation....saturated"
-4.36520504297182,-4.9179122960201,-4.07007807281139,-0.290663831446445,14.9353786832409,-0.0204520019633556,0.465909096667935,0.891644010840629,1,0.789499444134941,1,"GLYCOCAT.PWY.glycogen.degradation.I"
2.22610639231638,3.04172441584224,-4.38751694419313,-1.65781021974065,9.98227239429634,-0.195505992596475,0.407670470617871,0.202338835578326,1,0.460592542938228,1,"PWY.7664.oleate.biosynthesis.IV..anaerobic."
5.41436986676812,5.55264955507516,5.23645889511756,-0.336561217603118,1.31376965038007,-0.249521600585692,0.370212789290249,0.403672201808966,1,0.312303577807641,1,"FERMENTATION.PWY.mixed.acid.fermentation"
2.92445686163744,3.84802187206071,2.38146200280395,-0.538038286090988,11.624753227638,-0.0543280739737702,0.438920464970997,0.847479957441257,1,0.639389896900056,1,"PWY.5913.TCA.cycle.VI..obligate.autotrophs."
2.51782234412765,2.35176717150234,2.67501646756905,0.611565910698721,10.2051104283586,0.0630680196289252,0.434042564446035,0.852779433696633,1,0.680704297154084,1,"PWY.621.sucrose.degradation.III..sucrose.invertase."
4.53075707373955,4.50513838738053,4.56143438680556,-1.78065337281934,6.21700583228548,-0.26810020635328,0.384943202245605,0.0849605062359572,1,0.306561971954774,1,"POLYISOPRENSYN.PWY.polyisoprenoid.biosynthesis..E..coli."
2.03901564989456,2.83568304421657,-4.32922072677211,-1.57454273776228,9.71994838289233,-0.206405367768671,0.407092214715946,0.190750874067238,1,0.456377506088468,1,"PWY.6282.palmitoleate.biosynthesis.I..from..5Z..dodec.5.enoate."
-4.45997676137786,-4.86283029410643,-4.04292862231386,-0.478586403486416,15.1721491320894,-0.0335395229186381,0.459574474907617,0.91147141013833,1,0.657971839418966,1,"PWY.8004.Entner.Doudoroff.pathway.I"
-6.98648643616367,-6.93382955194315,-7.06640255307646,-0.44913364937648,5.6676744594259,-0.0792362944226602,0.458156035434011,0.48936421580269,1,0.675153553957008,1,"PWY.6284.superpathway.of.unsaturated.fatty.acids.biosynthesis..E..coli."
6.10244875534239,6.43602178590838,5.94159779365381,-0.443573406255874,1.00423536324755,-0.37751228904421,0.363636388407104,0.237628510025344,1,0.274610517916681,1,"PHOSLIPSYN.PWY.superpathway.of.phospholipid.biosynthesis.I..bacteria."
-6.22139403705248,-4.93770320037763,-6.91547383655785,-3.07860619921676,8.85915845839042,-0.435672839001644,0.341844001096385,0.159996164546882,1,0.27298336781575,0.980355501206471,"PWY0.862..5Z..dodecenoate.biosynthesis.I"
4.16379557278533,3.95238761119562,4.47915401573385,0.559116025428227,11.0739140207683,0.0644023502438746,0.360795479918089,0.374798114016638,1,0.334167773258089,0.999655019138375,"PWY.6628.superpathway.of.L.phenylalanine.biosynthesis"
5.79406989902546,6.03848292106615,5.54639650814448,-0.280257993821982,2.92834729671313,-0.0458097051605532,0.414772742031728,0.756140304263769,1,0.514606098638848,1,"METH.ACETATE.PWY.methanogenesis.from.acetate"
-7.02647778967656,-6.88121403236989,-7.15440819530175,-0.538292268590074,5.97653379300611,-0.0862033396976427,0.449645398600091,0.494473168592331,1,0.625779597643713,0.999426415302963,"PWY.5367.petroselinate.biosynthesis"
-4.38406052927711,-4.94375695008404,-3.99437149842153,-0.285155559549724,10.3799157020628,-0.0288445784424115,0.468085111755853,0.879422468751808,1,0.764911385860012,1,"PWY0.1477.ethanolamine.utilization"
-4.57259436314038,-4.94021479453171,-4.09839628767481,-0.222844104315268,12.4268501388608,-0.0229071459712807,0.465248232805265,0.899352036872455,1,0.773725687770047,1,"PWY.7356.thiamine.diphosphate.salvage.IV..yeast."
-4.49000624995945,-5.01807905919104,-4.22453048177966,-0.578394078495728,14.1128513045098,-0.0438166667812769,0.464488642364817,0.910083473709683,1,0.735090386103834,1,"PWY.922.mevalonate.pathway.I..eukaryotes.and.bacteria."
-4.54907489683386,-5.03945132667141,-4.22498116364576,-0.774475852430513,10.9051630971194,-0.0862103669406542,0.446022736455527,0.854328617092622,1,0.672342798455415,1,"PWY.6902.chitin.degradation.II..Vibrio."
1.13645546248988,5.46477632619339,-4.68495491164256,-0.293862808356073,13.0412805553778,-0.0246288743101746,0.460227279457275,0.702179232235505,1,0.732088457852777,1,"PWY0.1261.anhydromuropeptides.recycling"
2.02324477142947,2.80039026647701,-4.15393365489532,-1.60821587793755,9.21896540167548,-0.255872037383669,0.414772742031728,0.193574977836397,1,0.459147838664818,1,"PWY.5989.stearate.biosynthesis.II..bacteria.and.plants."
5.56270280592124,5.54875155774914,5.58016945929297,-0.088531172022086,1.02008351225788,-0.07628472129396,0.473011368187515,0.642388439525235,1,0.765568385755112,1,"PWY.4041..gamma..glutamyl.cycle"
5.63950073450988,5.77918711066181,5.33030349086707,-0.322471330032918,1.23152969609573,-0.264514734917029,0.362215934161867,0.377167352574211,1,0.272222265044682,1,"PWY.6549.L.glutamine.biosynthesis.III"
4.35457379374017,4.31786400773665,4.41873626668702,-0.576279110623549,5.20220035299786,-0.0752875292103694,0.448226959129173,0.563914056041699,1,0.673488661026151,1,"PWY.5910.superpathway.of.geranylgeranyldiphosphate.biosynthesis.I..via.mevalonate."
5.05519242235117,4.13391563069362,5.16254439971034,0.235274704098786,3.22991649250511,0.0520989492714619,0.483687946000273,0.600307901422148,1,0.914492910018258,1,"PWY.6859.all.trans.farnesol.biosynthesis"
5.78575395434998,5.64692291189962,5.92417925519872,0.252546862156279,1.01148021196798,0.105898139073816,0.400000017465014,0.296553775986032,1,0.468469032982626,1,"GALACT.GLUCUROCAT.PWY.superpathway.of.hexuronide.and.hexuronate.degradation"
5.63490578341915,5.53167542002466,5.67574263129203,0.0475936790814799,0.879500685101648,0.0385146317044771,0.480113639712643,0.51590203804095,1,0.872100181165584,1,"PWY.6507.4.deoxy.L.threo.hex.4.enopyranuronate.degradation"
-4.65634203115597,-4.50113725552076,-4.84599306744436,-0.500970372297695,12.8167042084607,-0.0385322579512733,0.455319156487851,0.875116309516932,1,0.726197098905352,1,"GLYCOLYSIS.E.D.superpathway.of.glycolysis.and.Entner.Doudoroff"
5.20321098833316,5.39465460302384,5.05962407449209,0.101209676337173,8.67783402582277,0.0155945899442133,0.480113639712643,0.904701893546992,1,0.914160002310641,1,"PWY.6353.purine.nucleotides.degradation.II..aerobic."
4.32335200903825,4.46357508035803,4.20822673149851,0.464880848919918,7.33074606168866,0.0517517439769186,0.453900717015323,0.862802516680702,1,0.706446789874857,1,"SALVADEHYPOX.PWY.adenosine.nucleotides.degradation.II"
4.60022848753538,4.95733408548365,3.90921489987502,-1.23195265893911,1.42686820676137,-0.722677665662899,0.139007218625864,0.0631801924993354,1,0.00295769560354506,0.626119829468562,"PWY.241.C4.photosynthetic.carbon.assimilation.cycle..NADP.ME.type"
-4.45820224357617,-5.08639064738207,-3.96958253922317,-0.771853547739061,14.1796958815086,-0.0551695310318142,0.450284099351835,0.88940012795782,1,0.710451472466517,1,"PWY.I9.L.cysteine.biosynthesis.VI..from.L.methionine."
6.05034260041933,5.98606449672772,6.08861158625184,0.149358455868526,0.745074579140145,0.143883549752533,0.419858169819591,0.798590652608174,1,0.462281733923326,0.997656459346996,"PWY.6590.superpathway.of.Clostridium.acetobutylicum.acidogenic.fermentation"
4.69449792955865,5.09144994929705,3.34120660802359,-0.785849378861896,10.4037020210157,-0.102497930303835,0.373049668141794,0.352704052874884,1,0.263127882099196,1,"PWY.6595.superpathway.of.guanosine.nucleotides.degradation..plants."
-4.36129924923126,-4.97171688994759,-3.93199389847916,-0.619523614118737,14.4992535435417,-0.0431716142606155,0.449645398600091,0.921274791597708,1,0.666214993082253,1,"THISYNARA.PWY.superpathway.of.thiamine.diphosphate.biosynthesis.III..eukaryotes."
2.75115936070665,3.95448129089617,-4.13901626657639,-3.68656906751133,7.84133980246288,-0.707234305404924,0.177305057267213,0.0294714917579268,1,0.0107213779995804,0.89746989894347,"PWY0.1298.superpathway.of.pyrimidine.deoxyribonucleosides.degradation"
5.45289664799516,5.45818196244316,5.4494674754469,-0.00778144872652309,13.0819953800778,-0.00055857208333373,0.498579545693384,0.908056296896613,1,0.853697694285204,1,"GLUCUROCAT.PWY.superpathway.of..beta..D.glucuronide.and.D.glucuronate.degradation"
4.60150033271445,4.28355236300875,5.84810137548712,1.20593137574068,12.3830203274391,0.112506688922267,0.366477296901857,0.618397846212843,1,0.302709456758412,0.99736757718844,"TCA.TCA.cycle.I..prokaryotic."
4.65332116943099,5.00913857553575,3.95586254781378,-1.081114762257,1.37609530582681,-0.629323692174848,0.139007218625864,0.0713000060256915,1,0.00404572570424933,0.657836412282949,"PWY.7117.C4.photosynthetic.carbon.assimilation.cycle..PEPCK.type"
4.24890988277255,3.58961873857396,4.96202280377897,0.350217319911088,12.6766608074602,0.0309490884442821,0.428977284915002,0.863049330150928,1,0.574824429392202,1,"PWY.1269.CMP.3.deoxy.D.manno.octulosonate.biosynthesis.I"
6.30162472667679,5.72808598938292,6.3785731685847,0.122908238239678,2.44421675835877,0.0203443676430189,0.488636365548042,0.264462134076614,1,0.951229485974552,1,"P124.PWY.Bifidobacterium.shunt"
5.14411787291405,4.94270356557114,5.29591902194492,0.0603030433602578,1.99951473398244,0.0189405183955893,0.480113639712643,0.589490642860933,1,0.815040464566393,1,"P461.PWY.hexitol.fermentation.to.lactate..formate..ethanol.and.acetate"
3.40917465316596,3.06025212785965,4.71998755513349,0.691669449931607,11.886975621776,0.0612377490150508,0.426136376332936,0.835538641976872,1,0.567678342845235,1,"ARGININE.SYN4.PWY.L.ornithine.de.novo..biosynthesis"
4.40769991025639,5.21275878931245,3.45502123648978,0.213061117202235,10.6057063781053,0.0236567469187566,0.453900717015323,0.920304887415499,1,0.759426271773892,1,"MET.SAM.PWY.superpathway.of.S.adenosyl.L.methionine.biosynthesis"
4.63888550245788,5.37754945503342,3.9376564018668,0.286881142173363,10.7486117854832,0.0317320340322341,0.434659102086448,0.917909687865099,1,0.621099442433856,1,"PWY.5347.superpathway.of.L.methionine.biosynthesis..transsulfuration."
-4.43227651874744,-4.92523068308193,-4.035519386003,-0.380296422526366,14.5127117916363,-0.0293189551969237,0.469503551231545,0.909820045144977,1,0.744998056155661,1,"PWY.7392.taxadiene.biosynthesis..engineered."
4.13873541240344,3.57478463397452,5.32297393257755,0.872682938098828,12.3970247032373,0.108344840540623,0.38581562303488,0.798597846512757,1,0.377561750282097,0.999657281961792,"PWY.7539.6.hydroxymethyl.dihydropterin.diphosphate.biosynthesis.III..Chlamydia."
4.48552897388047,5.31187264932086,3.74433670079043,0.247029398612103,12.6171479663064,0.0203355648955689,0.457386370853881,0.9109338622322,1,0.748643318030654,1,"METSYN.PWY.L.homoserine.and.L.methionine.biosynthesis"
5.72035796711461,5.69079045933326,5.75890335516843,0.164468038876445,0.780852318238741,0.14929551773837,0.417021290902331,0.796667497815509,1,0.502718901325712,0.999256606077027,"CENTFERM.PWY.pyruvate.fermentation.to.butanoate"
4.06267097038262,4.15197616880062,3.99118866721441,-0.307980992899818,11.5511648964899,-0.0293677240547482,0.435461003912022,0.877856205922518,1,0.555174546412695,1,"NAGLIPASYN.PWY.lipid.IVA.biosynthesis"
5.59399745656438,5.53760128283461,5.65742504817017,0.136500827171791,1.27210283842183,0.106025024600447,0.433238647792707,0.688283206154707,1,0.690339394867259,1,"DAPLYSINESYN.PWY.L.lysine.biosynthesis.I"
4.93234753952231,4.46542107951516,5.10905560092431,0.430569870246506,1.79118930988986,0.118593759737004,0.411347533076781,0.646305108626223,1,0.535186882824992,1,"PWY.7198.pyrimidine.deoxyribonucleotides.de.novo.biosynthesis.IV"
4.98736581212621,4.71341240494454,5.07556509095363,0.0813141938456905,2.33124194949674,0.0352145748987852,0.482954548323917,0.74350542235906,1,0.879029755880085,1,"GLUDEG.I.PWY.GABA.shunt"
4.08808538830241,4.88466033037713,3.86264269181361,-0.974949509148201,7.68505286186604,-0.151356643543816,0.312500036685254,0.276899715293203,1,0.119937587889407,1,"PWY.5345.superpathway.of.L.methionine.biosynthesis..by.sulfhydrylation."
4.56636916249116,4.09999290950977,5.1146810159192,1.11383926206438,2.65107262339002,0.176053422485151,0.302127698911235,0.369760841739387,1,0.130638012416505,0.97349282759288,"PWY.5690.TCA.cycle.II..plants.and.fungi."
-6.3259611092374,-6.53061131167611,-6.02843057857408,0.526793901583646,8.47653576073419,0.0736260642791753,0.45596591655271,0.640928845329127,1,0.660696034486669,0.999043812044098,"PWY.4984.urea.cycle"
-4.56744719036789,-5.0120306160839,-4.14454778428294,0.712472592024945,13.7211199651322,0.0543280269445719,0.431205685515773,0.806690207696852,1,0.564956739274657,1,"PWY.7456..beta...1.4..mannan.degradation"
5.29191184128371,5.55559532786337,5.24264871615552,-0.0710651875149937,1.139432780827,-0.0625361823987405,0.475177309136698,0.950004468549466,1,0.836952104348824,1,"PWY.5505.L.glutamate.and.L.glutamine.biosynthesis"
4.29486453305968,3.12680600513182,5.3953674082961,0.394623370194051,12.5155064778553,0.0333154143556277,0.40992909362235,0.840873288249056,1,0.484791145709296,1,"PWY.7456.mannan.degradation"
-7.06072325080723,-6.89768741424124,-7.2073873370116,-0.66609659107968,6.10669565783887,-0.0898327416636168,0.448226959129173,0.4861057722592,1,0.669774624804375,0.99898465585627,"PWY.7391.isoprene.biosynthesis.II..engineered."
-7.19961212147824,-7.1980489271925,-7.20762070751257,-0.28698333143877,4.68439275908798,-0.048658759686004,0.470170459578933,0.587082513961934,1,0.691704272169394,0.995266404360305,"PWY.5971.palmitate.biosynthesis..type.II.fatty.acid.synthase."
3.86238565126001,3.74743865541903,4.04405155892334,0.0951162729696104,3.3238284317956,0.0150485929018932,0.484375002629768,0.688996603183847,1,0.931858864497216,1,"PWY.6143.CMP.pseudaminate.biosynthesis"
-5.73098032523856,-5.79012801446107,-5.690414788718,-0.0976383157945042,8.85945465073073,-0.0145524999201249,0.490056819854334,0.798321772527467,1,0.798841459027943,1,"P161.PWY.acetylene.degradation..anaerobic."
3.52643430568311,4.6135662065994,2.3369107123528,0.176507412873603,12.4036739911831,0.0151699506910802,0.475852276796983,0.905074948754311,1,0.845634372802765,1,"PWY.5177.glutaryl.CoA.degradation"
3.85539659017234,3.64252389731789,4.66440998589567,0.963547753027593,9.73344986435004,0.102516722054621,0.355113662958026,0.869158774777046,1,0.274960015635809,0.999566254409967,"P108.PWY.pyruvate.fermentation.to.propanoate.I"
3.54524282986728,4.33899436863068,2.7277702836292,0.123372711486699,9.62497158390919,0.0138568731247552,0.470170459578933,0.909159467626737,1,0.799083154896574,1,"HOMOSER.METSYN.PWY.L.methionine.biosynthesis.I"
-4.54884588207621,-4.92770139292692,-4.22048510464387,0.13407837650686,12.535092606474,0.0122259248938963,0.476595748613522,0.807478881205025,1,0.774288773581295,1,"GLUCUROCAT.PWY.superpathway.of..beta..D.glucuronosides.degradation"
-4.3854973645971,-4.81021196596028,-4.05664302952479,0.465700372735727,12.3127673891262,0.0395006298800585,0.45106383807143,0.837490714954907,1,0.736320328359076,1,"PWY.5913.partial.TCA.cycle..obligate.autotrophs."
-5.01173638802225,-5.89348852652369,-3.9144878182381,2.43512235863916,12.3016710194759,0.197185575540274,0.364539031603225,0.445117512223832,1,0.356786293717892,0.997841148315039,"PWY.1861.formaldehyde.assimilation.II..assimilatory.RuMP.Cycle."
3.73411929432219,4.49373720121336,3.53487115873659,-0.89667845318642,7.0249701422992,-0.145402027147999,0.311079582509939,0.271223812405641,1,0.129628879006056,1,"SULFATE.CYS.PWY.superpathway.of.sulfate.assimilation.and.cysteine.biosynthesis"
-5.01037199751132,4.24515471914401,-5.89562504394579,-1.98122391400445,11.1452936249417,-0.265202366507556,0.303977311672555,0.234912672651229,1,0.139087422671498,0.99282299083812,"TEICHOICACID.PWY.teichoic.acid..poly.glycerol..biosynthesis"
-4.39648188325828,-4.7516234671781,-4.10363810462012,0.0499846176467402,11.477642062468,0.00594357404297682,0.491477274160707,0.861518231887663,1,0.847772424379671,1,"PWY.702.L.methionine.biosynthesis.II"
4.23122712989251,4.27926263183997,3.16814071653652,-1.00247112792999,4.82516519098716,-0.143434477144914,0.419034104889353,0.0639650482726749,1,0.5111827752356,1,"P42.PWY.incomplete.reductive.TCA.cycle"
-4.42108624824228,-4.72372737844871,-4.19061629147481,1.16526361779074,11.9807211020094,0.095769898103055,0.38439718359764,0.752634938718266,1,0.414045599894816,0.996672802878511,"PWY.6969.TCA.cycle.V..2.oxoglutarate.synthase."
2.27291737302043,2.36755623055185,1.95114555666087,-1.16163298174386,10.2226044923394,-0.134318086104613,0.39007094135315,0.444461661291041,1,0.365949738954286,1,"PWY.6731.starch.degradation.III"
-5.71169654681597,-4.55157834372522,-6.29676662431185,-1.8566406188807,10.006888692312,-0.209051882283475,0.397163138571017,0.334339695887499,1,0.454990102695937,1,"PWY.5723.Rubisco.shunt"
-4.43754694086247,-4.90874094017983,-4.04131955219193,-0.338037169452815,12.7452435531889,-0.0284628776112045,0.487943264434006,0.910695359525409,1,0.856844768524819,1,"GLYCOLYSIS.E.D.superpathway.of.glycolysis.and.the.Entner.Doudoroff.pathway"
-4.45933373571439,-4.86049095096579,-4.07417164469545,-0.236839665945649,10.8063114953609,-0.0205591330363798,0.496453901303804,0.884420643740006,1,0.826710640607458,1,"PWY.7761.NAD.salvage.pathway.II..PNC.IV.cycle."
-5.44857320500172,-5.85506748833133,-5.19373320547672,-0.0732457313314576,10.5917251236347,-0.00822940604128026,0.493617022346967,0.85654767268766,1,0.86027128146299,1,"PWY1ZNC.1.assimilatory.sulfate.reduction.IV"
2.55159494467761,3.34364720257034,-4.26113965898379,-1.51755990745156,9.95998767477823,-0.216131449394332,0.4156028514448,0.163108080141791,1,0.426501774798988,1,"BIOTIN.BIOSYNTHESIS.PWY.biotin.biosynthesis.I"
-4.65529336897024,-4.6770117127944,-4.64347108698855,-0.0980532458678649,10.8243762638082,-0.0116198709038898,0.482954548323917,0.886412903035835,1,0.819919367671157,1,"PWY.6305.putrescine.biosynthesis.IV"
2.78666754515328,3.06568691549234,2.65133328813134,-0.815023638272976,8.6334993668152,-0.117340050525263,0.342329574892704,0.373057761043954,1,0.22223507634329,1,"PWY.6749.CMP.legionaminate.biosynthesis.I"
3.09208828484689,2.93382629858366,3.26522467417016,0.836313986359173,10.2864667401632,0.117043815572305,0.348936198084954,0.367664878083285,1,0.251748441026208,0.997243873375867,"PWY0.1479.tRNA.processing"
0.176924594467081,3.77795674628392,-5.162121684835,-1.44565187205335,10.4572411668888,-0.214981955505373,0.375000022418772,0.299602950396912,1,0.321846356204425,1,"ARG.POLYAMINE.SYN.superpathway.of.arginine.and.polyamine.biosynthesis"
4.07868357025678,4.22596185620437,3.88481406676022,-0.898834876963214,10.5910308082915,-0.108083805830434,0.407092214715946,0.288486618684848,1,0.424166946636954,1,"FOLSYN.PWY.superpathway.of.tetrahydrofolate.biosynthesis.and.salvage"
3.12172131388419,3.45553620845982,2.73102732977342,0.3614100071257,10.9572288024108,0.0334195090994795,0.45106383807143,0.88820401383548,1,0.699566254259801,1,"FAO.PWY.fatty.acid..beta..oxidation.I"
-5.45666346336908,-5.62074343045182,-5.30644853944242,0.269122801519964,11.2528458226632,0.0239580540102031,0.474431822492144,0.882248892499818,1,0.822760999642772,1,"PWY.6470.peptidoglycan.biosynthesis.V...beta..lactam.resistance."
-0.308689307170549,3.30338781438643,-4.70608729279044,-0.729950176902468,10.9647884485792,-0.0699916805565277,0.42329546775346,0.632019417834439,1,0.572685713328854,1,"P562.PWY.myo.inositol.degradation.I"
2.26543241591242,3.02371746504356,-4.38719004515791,-2.00891866775003,9.72117514466658,-0.297089527006601,0.396306836400439,0.180910401146665,1,0.446432646945418,1,"PWY.6519.8.amino.7.oxononanoate.biosynthesis.I"
1.16722593667983,2.50451906962294,-5.0546463669785,-5.13153352640831,8.06439406702777,-0.566218667542678,0.312500036685254,0.0857095336491247,1,0.143311895228739,1,"PWY4LZ.257.superpathway.of.fermentation..Chlamydomonas.reinhardtii."
-4.29103431595196,3.22624126024402,-5.71794738233222,-4.76159633979292,10.3120543376029,-0.52123419903309,0.339007122313471,0.171634384049398,1,0.220145288631647,0.998190761628538,"P441.PWY.superpathway.of.N.acetylneuraminate.degradation"
-5.07807599136344,-4.56993882125296,-5.39673793761811,0.360051716874193,10.7374466404716,0.032799530431412,0.482954548323917,0.844266147135234,1,0.787631373399562,1,"PWYG.321.mycolate.biosynthesis"
2.92593314925866,3.19509094134822,2.54496305153008,0.163273299883456,10.8990441196233,0.0163628701832401,0.471590913883107,0.893501168254777,1,0.829924495734529,1,"PWY.5136.fatty.acid..beta..oxidation.II..peroxisome."
-4.48080230870745,-4.85471768277823,-4.14925992278019,-0.126724186116125,12.2824411661089,-0.0141502410953687,0.481534094018204,0.879666824308178,1,0.799059477029678,1,"PWY.1269.CMP.3.deoxy.D.manno.octulosonate.biosynthesis"
-5.00089539752494,-4.51718202611338,-5.23700891988715,0.873811703692393,9.84033212698104,0.0841469080710216,0.450284099351835,0.821781549733411,1,0.699145722939986,1,"GLUCOSE1PMETAB.PWY.glucose.and.glucose.1.phosphate.degradation"
-6.36259935569476,-5.60693183329259,-6.88487252368783,-1.77578833095845,10.4682213855623,-0.200395516770693,0.391489380794696,0.259349032973791,1,0.423644305900498,1,"PWY.6471.peptidoglycan.biosynthesis.IV..Enterococcus.faecium."
-7.12833496986052,-7.16304269179362,-7.07455983168069,-0.230624348114262,4.97876975516111,-0.035408189023821,0.476595748613522,0.662689634872839,1,0.745522690351444,0.99810766785971,"PWY0.301.L.ascorbate.degradation.I..bacterial..anaerobic."
-5.45539107523689,-5.72602239646025,-5.11181374413816,-0.0595904706168842,9.4188011046471,-0.00759040317503443,0.492198582868621,0.862848093541872,1,0.785426297290171,1,"SO4ASSIM.PWY.assimilatory.sulfate.reduction.I"
-4.49578709635388,-4.97125245483723,-4.09086809915404,-0.0802894655372972,12.0178634990182,-0.00569934504320719,0.497159091386779,0.848595972771796,1,0.838818159475329,1,"PWY.6293.superpathway.of.L.cysteine.biosynthesis..fungi."
-5.16065144283455,-4.86743160847854,-5.33763244309773,0.56246606723766,10.5370261284044,0.053543525134657,0.468750005275006,0.868679811760408,1,0.784123593769492,1,"PWY0.862..5Z..dodec.5.enoate.biosynthesis"
-4.54811335138215,-4.79697230057233,-4.25909524734162,0.364781183006916,10.0088525414104,0.0391214579452557,0.463829793330394,0.794852588209699,1,0.729077248941074,1,"PWY.7316.dTDP.N.acetylviosamine.biosynthesis"
-4.49397116335069,1.60872635343309,-5.35718687185384,-1.34910957901644,10.3119780706358,-0.141822956949974,0.394886382127478,0.479276939251211,1,0.467057818825911,1,"SO4ASSIM.PWY.sulfate.reduction.I..assimilatory."
-4.41091438290198,-4.83508850355885,-3.97285499907485,-0.020791586465295,11.6546517119673,-0.00161004349350002,0.49787234078227,0.878923124221478,1,0.815399287245262,1,"ARGININE.SYN4.PWY.L.ornithine.biosynthesis.II"
3.8784851651117,3.7841896170168,4.03716408289798,-0.0437338913836287,6.96355948007679,-0.00608946569786215,0.490056819854334,0.917575521899304,1,0.851394229883249,1,"GOLPDLCAT.PWY.superpathway.of.glycerol.degradation.to.1.3.propanediol"
-6.96653110849372,-7.12530193284327,-6.84979212003043,0.173669316973696,6.21483737581698,0.0293414453146781,0.476595748613522,0.739486071601394,1,0.706339364566677,0.997989265280537,"FUC.RHAMCAT.PWY.superpathway.of.fucose.and.rhamnose.degradation"
-5.827244485893,-5.73749359693735,-5.92094897663493,-1.18717103344938,10.2045423617685,-0.124692260066121,0.421276609279289,0.677402578546908,1,0.635701022564896,1,"PWY.7332.superpathway.of.UDP.N.acetylglucosamine.derived.O.antigen.building.blocks.biosynthesis"
2.25552258038731,2.83739506167599,2.14383456639192,0.00216683112708971,10.0185059891971,0.000154563181745739,0.5,0.684856668299238,1,0.898654897814389,1,"POLYAMSYN.PWY.superpathway.of.polyamine.biosynthesis.I"
-5.87548407800991,-4.75816626605851,-6.46937554910281,-1.82094106218159,10.2807605924187,-0.238905169700533,0.36789775115133,0.29444423749898,1,0.31426029103443,1,"PWY.1861.formaldehyde.assimilation.II..RuMP.Cycle."
3.49443905267227,3.66760639132887,3.29631171723123,-0.960160523725477,10.3575016439245,-0.112107950711084,0.394326259680865,0.271441078959851,1,0.410216585368965,1,"PWY.6612.superpathway.of.tetrahydrofolate.biosynthesis"
-5.02833604472917,-4.61039078490412,-5.34538120193968,0.367603267398179,10.0960396381046,0.0399988888769462,0.474431822492144,0.848275050002721,1,0.801113160977954,1,"PWY.7388.octanoyl..acyl.carrier.protein..biosynthesis..mitochondria..yeast."
-5.00190666103929,-4.71219627766782,-5.14647101502551,0.623821681167133,10.2874216780582,0.0578257342346396,0.453125007951486,0.835603581420356,1,0.767789010847254,1,"FASYN.INITIAL.PWY.superpathway.of.fatty.acid.biosynthesis.initiation..E..coli."
-5.03286884435296,2.23229542282595,-5.95593136802585,-1.9715452469379,10.2268985449848,-0.276514331492478,0.337588682924809,0.289012590367589,1,0.279657403194071,0.994171665376677,"PWY0.1061.superpathway.of.L.alanine.biosynthesis"
-4.44449377852314,-4.54338084272447,-4.37494707847514,0.511675555797821,10.0294250062283,0.0462985676524743,0.442553201249977,0.846422153973045,1,0.720344701012996,1,"PWY.5005.biotin.biosynthesis.II"
-4.51974328196932,-4.89274370310339,-4.19610579701491,-0.280717369777647,11.800998951669,-0.0274650517928673,0.478693185407245,0.895801461235342,1,0.76340654556357,1,"PWY.5136.fatty.acid..beta..oxidation.II..plant.peroxisome."
-4.44006484074842,-4.99041866757455,-4.06826413494325,-0.59513271150079,11.6075559212917,-0.0549955733343142,0.453125007951486,0.88776086533735,1,0.689469870058347,1,"NAGLIPASYN.PWY.lipid.IVA.biosynthesis..E..coli."
-4.5147260202949,-4.88637305206764,-4.08502745141452,-0.558375599444802,11.2907000904172,-0.049391652812847,0.44886364505263,0.895006247247288,1,0.69780955145216,1,"PWY.8073.lipid.IVA.biosynthesis..P..putida."
-7.0520798921505,-7.05652913726785,-7.04421144279097,-0.0663522200968254,4.83105335283602,-0.00828287663622683,0.495738637080198,0.6173307161745,1,0.735232165361084,0.995458968716425,"PRPP.PWY.superpathway.of.histidine..purine..and.pyrimidine.biosynthesis"
-5.25124683263302,-4.78698653847768,-5.55841347963203,-0.274864498590648,10.2732509931795,-0.0287490152562965,0.465909096667935,0.735989622611051,1,0.728441025322072,1,"ARGORNPROST.PWY.arginine..ornithine.and.proline.interconversion"
2.75442325819729,3.01314489703856,-4.53123672061383,-1.04864041837455,9.84576803532628,-0.127209788684497,0.359375025675792,0.259403356736892,1,0.266841962620068,1,"PWY.821.superpathway.of.sulfur.amino.acid.biosynthesis..Saccharomyces.cerevisiae."
-6.18169451593129,-6.44237886387491,-5.91503295608425,0.251608551176764,9.65801014384186,0.0263877824212978,0.481534094018204,0.834725317814438,1,0.798909192345967,1,"PWY.6607.guanosine.nucleotides.degradation.I"
-4.36337762186591,-4.93143337366745,-3.95407398019397,-0.0181064281092507,10.9246850349895,-0.00172309589715802,0.49787234078227,0.854394814068484,1,0.869581644651788,1,"PWY.801.homocysteine.and.cysteine.interconversion"
2.93859033517978,3.03235177234095,2.89399801570176,-0.116173708630908,10.7447115150333,-0.0129719961409914,0.476595748613522,0.909984376317988,1,0.821099119050454,1,"PPGPPMET.PWY.ppGpp.biosynthesis"
-4.38936007440618,-4.88168883184463,-4.09394262479213,0.176777618173986,11.0537101828904,0.0177625847435714,0.493617022346967,0.876956435595727,1,0.868242327928135,1,"PWY0.1261.anhydromuropeptides.recycling.I"
-4.43314404124461,-4.88493443026095,-4.05197806829159,1.41497035931311,10.8977579059461,0.114736079960134,0.431818193499543,0.718272688494924,1,0.666730767458805,1,"PPGPPMET.PWY.ppGpp.metabolism"
-5.13703953558003,-4.92251226670507,-5.20615500424396,-0.893392084872447,11.3523182604243,-0.0839616120157294,0.42411348820075,0.709197547924169,1,0.603424302413273,1,"COBALSYN.PWY.superpathway.of.adenosylcobalamin.salvage.from.cobinamide.I"
-5.49430087311104,2.88864008306864,-6.47153667659896,-4.43028650504411,10.5360041809387,-0.479033569548962,0.366477296901857,0.185758828218992,1,0.330921491192631,0.999191305233294,"PWY0.781.aspartate.superpathway"
-5.53246611489095,2.80903443391749,-6.53585306157544,-4.11444087834343,10.3241268155682,-0.454283985594315,0.366477296901857,0.171333413396446,1,0.29130897361475,1,"P4.PWY.superpathway.of.L.lysine..L.threonine.and.L.methionine.biosynthesis.I"
1.95448497679522,-4.77607110422792,2.2108375061075,0.446981829384123,9.75474252635589,0.0428943995331922,0.468750005275006,0.514883842524901,1,0.866208844367707,1,"GALACTARDEG.PWY.D.galactarate.degradation.I"
1.90901743762784,-4.45917860634049,2.21190888460683,0.152478899951112,9.62041631772045,0.0146684212534476,0.487215911241843,0.510737754846479,1,0.875478762481713,1,"GLUCARGALACTSUPER.PWY.superpathway.of.D.glucarate.and.D.galactarate.degradation"
-5.04458828555661,2.72094886292684,-5.97171066106592,-1.95688065057923,10.0636168926297,-0.269044068681434,0.323404289147851,0.256180935997512,1,0.192859614746708,0.996663871984354,"PWY.7115.C4.photosynthetic.carbon.assimilation.cycle..NAD.ME.type"
-6.75864862579024,-6.79474695213887,-6.71815136418325,-0.335950494286678,7.71329054517713,-0.0461065943700023,0.468085111755853,0.645762880763021,1,0.722361306617789,0.999115766280288,"PWY.7211.superpathway.of.pyrimidine.deoxyribonucleotides.de.novo.biosynthesis"
1.93081481015914,-4.44874390387552,2.16914474999833,0.210881757148401,9.59156582729866,0.0212220995584558,0.478693185407245,0.511417240405828,1,0.85449281876212,1,"GLUCARDEG.PWY.D.glucarate.degradation.I"
-6.32227710388937,-6.64824478687756,-5.96675903285644,0.688184831181212,9.44506315576413,0.0715469180248227,0.443181827860253,0.661858408988212,1,0.672318810494846,0.996224687769761,"PYRIDNUCSAL.PWY.NAD.salvage.pathway.I"
-4.41174301076416,2.72229703008236,-5.54547837773,0.331564728146125,11.1243821605481,0.029644775482951,0.490056819854334,0.619264513600336,1,0.83643520034532,1,"PWY.4321.L.glutamate.degradation.IV"
-5.07212307234441,-5.97781979212718,-4.11174289147685,1.46861052674788,10.6212573793981,0.130208694702377,0.410511379180993,0.521476249391872,1,0.498069644735424,0.99747180858111,"HEMESYN2.PWY.heme.b.biosynthesis.II..oxygen.independent."
-6.3851977244152,-6.40204442993083,-6.34265322952578,-0.111361374349283,9.88039944740524,-0.0109543314733624,0.490056819854334,0.71552325014238,1,0.739047757260799,1,"PWY.7345.superpathway.of.anaerobic.sucrose.degradation"
-5.49810778444117,-5.52926575002564,-5.46589106875789,-0.44386576703949,9.4823195009738,-0.0532881186902392,0.475177309136698,0.824727152452815,1,0.767288741154356,1,"KETOGLUCONMET.PWY.ketogluconate.metabolism"
-6.18925391594533,-6.34108473867239,-6.06766067749649,0.57773326842553,9.32725640888263,0.0621507563248803,0.453900717015323,0.766716623146804,1,0.658623390525238,0.99996412541665,"P162.PWY.L.glutamate.degradation.V..via.hydroxyglutarate."
-5.36247520539942,-4.69149365164434,-5.87136388632434,-0.726413716180614,8.62644010941707,-0.0917842771460052,0.44034091926691,0.588220377594398,1,0.63349058626487,1,"PWY.6588.pyruvate.fermentation.to.acetone"
-6.77672193411253,-6.77023864691403,-6.78026495767266,-0.288682364858501,7.66983958125449,-0.03299298189529,0.475177309136698,0.697917505723647,1,0.720685693305662,1,"PWY.5840.superpathway.of.menaquinol.7.biosynthesis"
-6.35322599108782,-6.1991229537679,-6.45900828316545,-0.114963505430648,8.80055146468646,-0.0113321566849247,0.49289772846715,0.747460355751705,1,0.759315324687567,1,"GLYCOCAT.PWY.glycogen.degradation.I..bacterial."
-6.82962529700643,-6.75847797214189,-6.88142047402237,-0.0372108725694442,8.20206386487942,-0.00645908886641275,0.495035461825365,0.710051494740763,1,0.735839926810805,0.996721923021079,"PWY.5897.superpathway.of.menaquinol.11.biosynthesis"
-6.88759031655145,-6.78937054232075,-6.91372122320609,-0.171459395941792,7.62352877191172,-0.0209730819494769,0.483687946000273,0.719260706592227,1,0.727625124569058,0.998143542443059,"PWY.5898.superpathway.of.menaquinol.12.biosynthesis"
-6.8722876199723,-6.86901642514491,-6.87493339097465,-0.21914682734975,7.78166158489175,-0.0297187880155395,0.479432627567732,0.731854629072203,1,0.750516173068418,0.999961544824787,"PWY.5899.superpathway.of.menaquinol.13.biosynthesis"
-6.30504379308592,-5.57234044925016,-6.84731067866461,-2.07472515060276,9.50575038917838,-0.241162253015517,0.38581562303488,0.256630949354854,1,0.425223435781195,1,"PWY.6263.superpathway.of.menaquinol.8.biosynthesis.II"
-6.36895189263455,-5.67466903682916,-6.84001999137599,-1.75909441219029,8.56349513750508,-0.216732415345401,0.392907820237274,0.312096451328059,1,0.453881739310096,1,"HEMESYN2.PWY.heme.biosynthesis.II..anaerobic."
-6.30866658818542,-5.51635459780017,-6.77265020239928,-1.94816722600883,8.08705961739379,-0.252646084433061,0.380681839455553,0.27171237918458,1,0.380639872978544,0.992790742941914,"P161.PWY.acetylene.degradation"
-6.48516138619128,-6.21994095553373,-6.71789567606973,-1.18005240722562,7.96806505739016,-0.125173795892696,0.427556830623652,0.4728054665507,1,0.568037896459191,1,"POLYAMINSYN3.PWY.superpathway.of.polyamine.biosynthesis.II"
-6.0809740544088,-5.58223560336851,-6.51548568822912,-1.09584456493611,8.60520079500233,-0.147811549827716,0.40198865350188,0.478187323732789,1,0.498010771236632,1,"PWY.5189.tetrapyrrole.biosynthesis.II..from.glycine."
-5.04522608919092,-4.6056715037233,-5.39008040230127,-0.210842538587395,10.483895783939,-0.0211491990712812,0.485106385478067,0.723530415038446,1,0.775510476204652,1,"PWY.922.mevalonate.pathway.I"
-4.73662614101788,-5.78528579376283,1.32113726750874,1.3020276478957,9.70437479679402,0.171898820556824,0.380681839455553,0.429623160024501,1,0.405100216959253,0.997014340684581,"PWY.5083.NAD.NADH.phosphorylation.and.dephosphorylation"
-5.51302354143544,1.58291136735611,-6.37635319162375,-3.6025506208812,9.51348565987782,-0.444390527258026,0.341844001096385,0.1917835531947,1,0.261991056544075,0.999004145243624,"P122.PWY.heterolactic.fermentation"
-4.94828103930524,-0.140151410909104,-5.85120168931582,-1.56354131909057,8.39920989038163,-0.183903010946863,0.417021290902331,0.461356547479998,1,0.537646014250842,1,"PWY.5675.nitrate.reduction.V..assimilatory."
-6.86069717099711,-6.82648937743672,-6.91352205510514,-0.00685838066215982,7.33690473717861,-0.00141156340353388,0.5,0.743976576052767,1,0.754484441803037,0.999004145243624,"PWY.5918.superpathay.of.heme.biosynthesis.from.glutamate"
-5.92172459350448,-6.57599632007341,-5.21491698741485,0.766229575086055,10.0507735191375,0.0753056965238219,0.446022736455527,0.594318081240657,1,0.606867848353916,0.998171863812201,"PWY.7883.anhydromuropeptides.recycling.II"
-6.80467287069312,-6.81924251170515,-6.79576090462607,-0.33127226949802,7.6246201699201,-0.0451762321884235,0.473758869660076,0.690196359682678,1,0.737502693385046,0.998486671954296,"PWY.5838.superpathway.of.menaquinol.8.biosynthesis.I"
-7.06935326492911,-7.03700216144691,-7.12440184989164,-0.558379290980223,6.01287347561572,-0.0754647595256205,0.45596591655271,0.40608728702752,1,0.637990687798399,0.995544778988265,"PWY.622.starch.biosynthesis"
-6.40962856046603,-6.32931988006771,-6.54683093933031,0.0522311799616801,8.27279225603186,0.00517636637763425,0.495035461825365,0.774598388392205,1,0.789296222031323,1,"PWY.2723.trehalose.degradation.V"
-5.74988008894261,-5.89525467803526,-5.56964100465539,0.833490661461391,10.1505955867548,0.0833739240548182,0.431818193499543,0.770158921743497,1,0.640489489064857,1,"PWY.7209.superpathway.of.pyrimidine.ribonucleosides.degradation"
-5.70561328947537,-5.62291089463181,-5.77419486631764,0.126929774072277,8.96739044895673,0.0141963507473784,0.489361703912129,0.794153703813849,1,0.831414894525624,1,"ALLANTOINDEG.PWY.superpathway.of.allantoin.degradation.in.yeast"
-6.07638733513184,-6.26235037312117,-5.80562637548099,0.0302108246086776,8.73069473528972,0.00285666492059962,0.497159091386779,0.861338622145965,1,0.834218318526803,1,"PWY.6803.phosphatidylcholine.acyl.editing"
-6.00964319030541,-5.58966916072101,-6.36868084142602,-0.8922857166155,8.44974144132694,-0.103093844988004,0.434042564446035,0.566156175585209,1,0.616125429169644,1,"PWY.7013.L.1.2.propanediol.degradation"
-6.86344524626671,-6.80497980493412,-6.96902414864054,-0.382348566684448,7.22161168602944,-0.0525957652939789,0.475177309136698,0.657792149755338,1,0.692375691420293,0.995615776042198,"PWY.5497.purine.nucleobases.degradation.II..anaerobic."
0.467055439675881,0.663277058085368,-4.00647942585251,-0.207906897523881,8.4055521514372,-0.0247545503450786,0.471590913883107,0.608940421059642,1,0.793406314322288,1,"P185.PWY.formaldehyde.assimilation.III..dihydroxyacetone.cycle."
-6.04712753739257,-5.6641580135516,-6.27766082121318,-0.74546707702887,8.42219659891213,-0.106390052535631,0.42269504873968,0.512559586701714,1,0.507932993541546,1,"CRNFORCAT.PWY.creatinine.degradation.I"
-6.50170984316014,-6.20272154137027,-6.74982641434705,-0.63847739071222,7.6849428447707,-0.090144723855583,0.441134761781361,0.563113425063856,1,0.658069164533222,1,"PWY.5656.mannosylglycerate.biosynthesis.I"
-6.02253523538795,-5.76785504607783,-6.27144982740087,-0.555109681258315,9.24228963256437,-0.0594749658971029,0.454545462251908,0.56317506629068,1,0.651426360017691,1,"P23.PWY.reductive.TCA.cycle.I"
-6.11265031722371,-5.72168810066218,-6.41523396013321,-0.710975882368952,8.47023328802126,-0.0929845286858036,0.450284099351835,0.589980294194079,1,0.640483087845462,1,"PWY.5173.superpathway.of.acetyl.CoA.biosynthesis"
-7.20594305567929,-7.29176357490936,-7.1217457683571,0.0129159206468774,4.98679426080165,0.00153951344542316,0.499290780260755,0.679177221083571,1,0.733497058362819,0.997112440508259,"PWY.7312.dTDP.D..beta..fucofuranose.biosynthesis"
-6.51332538765212,-6.31365977912914,-6.73674494140012,-0.49470677724107,8.69351796012175,-0.0579129239792706,0.452482277543178,0.704096857254303,1,0.693730069836639,0.999208192924351,"PWY.6531.mannitol.cycle"
-6.66874084269346,-6.31355319176377,-6.95178012195776,-0.77460581748217,7.3057325072589,-0.102446155994024,0.44034091926691,0.564654128623954,1,0.630105891673471,1,"PWY.4702.phytate.degradation.I"
-6.12695449031996,-6.42544554145647,-5.83556835333338,0.643477339886099,8.83646344069988,0.0840164495232292,0.41193183346378,0.750283947878939,1,0.590286076475124,0.994772827426903,"RUMP.PWY.formaldehyde.oxidation.I"
-7.19553906365287,-7.27775856445766,-7.07174530158335,0.0313509503121523,4.97299303175552,0.00529916317396329,0.495035461825365,0.66583265407874,1,0.732495765892389,0.996519333503559,"P105.PWY.TCA.cycle.IV..2.oxoglutarate.decarboxylase."
-7.13562867112266,-7.27806551747246,-6.97162334650166,0.224081117085524,4.78969241898259,0.0367229806292334,0.478693185407245,0.63706958359146,1,0.761702403633518,0.980487581099554,"PWY.5837.2.carboxy.1.4.naphthoquinol.biosynthesis"
-6.84478983682728,-6.93543741205823,-6.76631395988274,-0.105991225857798,6.79232425211983,-0.0204758850839461,0.490780143390337,0.700588504428294,1,0.760328732960796,0.999404424172305,"PWY66.391.fatty.acid..beta..oxidation.VI..mammalian.peroxisome."
-6.63498514302579,-6.32750527821093,-6.7981809007625,-0.93583608023147,7.08823065117556,-0.118159181113306,0.446022736455527,0.534536326190153,1,0.606739536021899,0.995658467081164,"PWY.7616.methanol.oxidation.to.carbon.dioxide"
-6.96577686384827,-6.78816612822149,-7.15784203863118,-0.731531614213297,5.77743175639502,-0.117500167054911,0.434659102086448,0.46997340925539,1,0.58352020907047,0.99898465585627,"PWY.6953.dTDP.3.acetamido.3.6.dideoxy..alpha..D.galactose.biosynthesis"
-6.57077413617855,-6.85151109192574,-6.33412894247161,0.48998769208827,7.55244160736205,0.0724714749619269,0.461647733759475,0.785057202041809,1,0.728010881098391,0.999041930790535,"METSYN.PWY.superpathway.of.L.homoserine.and.L.methionine.biosynthesis"
-7.30270034007814,-7.35689857144663,-7.2604967033309,-0.0337736720715505,4.96973048594353,-0.00393853609738662,0.497159091386779,0.639681286431914,1,0.741276599835278,0.995615776042198,"PWY.5861.superpathway.of.demethylmenaquinol.8.biosynthesis.I"
-7.20331475141722,-7.14048076772995,-7.21522121770149,-0.181992321101827,5.12034772320902,-0.0280539603437467,0.487215911241843,0.60377266461317,1,0.71813944770722,1,"PWY.7196.superpathway.of.pyrimidine.ribonucleosides.salvage"
-6.49534635191336,-6.19124804938966,-6.81741066652952,-0.994274672655769,7.43279414208691,-0.145140943039976,0.420454559176688,0.482013378727094,1,0.556157388309575,1,"PWY66.367.ketogenesis"
-7.03023132130464,-7.21084688401652,-6.73768496431944,0.506777516811265,5.93063486015457,0.0744827901889446,0.445390080188655,0.686626952096708,1,0.646036156745087,0.995586434292305,"PWY.5837.1.4.dihydroxy.2.naphthoate.biosynthesis.I"
-7.11072078140369,-7.18104575327226,-6.98685004098217,0.0221816902990932,4.85454825014763,0.00387229730994302,0.49787234078227,0.65863981569548,1,0.745341440599519,0.996663871984354,"PWY.561.superpathway.of.glyoxylate.cycle.and.fatty.acid.degradation"
-7.21314000778003,-7.20632043013739,-7.21956969091118,-0.0205211623716686,5.11384277810137,-0.00353856333350047,0.495738637080198,0.64458028753773,1,0.73144824731512,0.996683980082418,"PWY.5464.superpathway.of.cytosolic.glycolysis..plants...pyruvate.dehydrogenase.and.TCA.cycle"
-7.12224203727566,-7.17025922406211,-7.0986074514325,-0.146580804134214,4.67266383085015,-0.0276494422424503,0.484375002629768,0.668091866552996,1,0.754524310989578,1,"PROPFERM.PWY.L.alanine.fermentation.to.propanoate.and.acetate"
-6.92782558166426,-6.69795473470422,-7.18529127461282,-0.859314684817237,5.63414911576253,-0.14131372292543,0.424715922042867,0.455865432610063,1,0.592356904173613,1,"PWY0.1415.superpathway.of.heme.biosynthesis.from.uroporphyrinogen.III"
-7.22274876657892,-7.25580383375644,-7.20313746485242,0.0206541107296161,4.91639924413558,0.00769048129226679,0.497159091386779,0.677290739856468,1,0.739544837418773,0.995883876124694,"PWY.7094.fatty.acid.salvage"
-6.96891573794417,-6.69502206840241,-7.16503486822907,-0.967238713251522,5.76067366270069,-0.140368478235727,0.42411348820075,0.487033936367478,1,0.596958782880561,0.998190761628538,"PWY.5304.superpathway.of.sulfur.oxidation..Acidianus.ambivalens."
-6.94782088564022,-6.72906337182074,-7.16235908085475,-0.770345274605964,5.82037331025884,-0.134755600239113,0.426136376332936,0.476499949658738,1,0.593732236062441,0.993193947777745,"PWY.6834.spermidine.biosynthesis.III"
-7.14263387380387,-7.19222212966306,-7.10102057432776,-0.0828387993135582,4.85728771576607,-0.0167283356866811,0.491477274160707,0.665376342138103,1,0.75568129263345,0.995658467081164,"PWY.5971.palmitate.biosynthesis.II..bacteria.and.plants."
-7.23363876953864,-7.26467570582815,-7.18900302337656,-0.0192771391533348,4.88341470954154,-0.0023035035831088,0.49787234078227,0.661532786184768,1,0.761563437368875,0.998408877548535,"P163.PWY.L.lysine.fermentation.to.acetate.and.butanoate"
-7.04923875674808,-7.17157492801633,-7.00027506708908,0.0342223721852593,4.98972024937152,0.00902694396621423,0.495035461825365,0.732919190613464,1,0.776870392008018,0.99327118707704,"REDCITCYC.TCA.cycle.VI..Helicobacter."
-7.22487683788322,-7.14730785111716,-7.30673051448798,-0.35380934188859,5.07411508877524,-0.0574078428464228,0.465248232805265,0.651967507354246,1,0.709996742244469,0.99996412541665,"PWY.6953.dTDP.3.acetamido..alpha..D.fucose.biosynthesis"
-7.21874601025677,-7.3884551184775,-7.0959481585528,-0.0243990775602914,4.98990410049084,-0.00372232369841336,0.497159091386779,0.641310216979589,1,0.740622767325554,0.995658467081164,"PWY.7013..S..propane.1.2.diol.degradation"
