"baseMean","log2FoldChange","lfcSE","stat","pvalue","padj","Pathway"
186.972538476811,30,2.95441689877993,10.1542879789203,3.17116432800194e-24,1.02745724227263e-21,"PWY-6470: peptidoglycan biosynthesis V (&beta;-lactam resistance)"
160.661776810931,26.0504210392462,2.60008295138249,10.0190730551096,1.25676065956528e-23,2.03595226849576e-21,"P162-PWY: L-glutamate degradation V (via hydroxyglutarate)"
64.8703284594498,24.4918239469466,2.97322489371615,8.23746094643215,1.75903712369801e-16,1.89976009359385e-14,"PYRIDNUCSAL-PWY: NAD salvage pathway I"
20.8467164109164,22.9511556121543,2.97329014117911,7.71911065599964,1.17144172443559e-14,9.48867796792824e-13,"PWY-7616: methanol oxidation to carbon dioxide"
31.3551186327284,19.1715948908515,2.96997879301113,6.45512854703392,1.08127081674577e-10,7.00663489251259e-09,"PWY-8131: 5'-deoxyadenosine degradation II"
336.091202737744,8.35229725586689,1.93511589023569,4.3161741878155,1.58756719984164e-05,0.000857286287914486,"PWY-7316: dTDP-N-acetylviosamine biosynthesis"
89.4272201740909,9.39175500420477,2.48981475111636,3.77206978952703,0.000161898955356003,0.00749360879076357,"KETOGLUCONMET-PWY: ketogluconate metabolism"
288.572461437572,5.03655881676527,1.3538782043282,3.72009742136624,0.000199145945409482,0.00806541078908401,"PWY-6731: starch degradation III"
1881.46095860171,5.39698195796466,1.56403329310499,3.45068227240249,0.000559171438524614,0.0201301717868861,"POLYISOPRENSYN-PWY: polyisoprenoid biosynthesis (E. coli)"
2434.96985027343,4.29873423454218,1.25896266392804,3.41450493943153,0.000638980349389819,0.0207029633202301,"PHOSLIPSYN-PWY: superpathway of phospholipid biosynthesis I (bacteria)"
10372.5890819939,4.14148438972314,1.28754622065906,3.21657143120129,0.00129732233760205,0.0382120397620967,"NONMEVIPP-PWY: methylerythritol phosphate pathway I"
250.408083979535,-5.4769255151765,1.78965665880961,-3.06032192723462,0.00221099195794512,0.0596967828645183,"PWY-7388: octanoyl-[acyl-carrier protein] biosynthesis (mitochondria, yeast)"
4857.32983155703,-3.37316314349797,1.26484349308128,-2.6668620757819,0.00765630853632095,0.190818766597538,"PWY-7184: pyrimidine deoxyribonucleotides de novo biosynthesis I"
763.928761298998,4.62012007657894,1.8809218820618,2.45630619784939,0.0140373494224315,0.324864372347701,"PWY-5723: Rubisco shunt"
12566.9867649304,-0.288020163429221,0.127886003337465,-2.25216330100796,0.0243119542429445,0.525138211647601,"PYRIDNUCSYN-PWY: NAD biosynthesis I (from aspartate)"
5726.23439111863,-3.31330349109321,1.50522590754383,-2.2012001484214,0.0277218578066328,0.561367620584314,"PWY0-166: superpathway of pyrimidine deoxyribonucleotides de novo biosynthesis (E. coli)"
5597.3906804585,-3.228403177697,1.50781504056507,-2.14111352575919,0.032264884193726,0.61493073404513,"PWY-7187: pyrimidine deoxyribonucleotides de novo biosynthesis II"
55.4064606630645,6.01805098617626,2.92589010359838,2.05682741767198,0.0397028297422652,0.681246314314502,"GLUCARDEG-PWY: D-glucarate degradation I"
2468.12857444162,-2.78892478927438,1.35762371649238,-2.05426934974293,0.0399496295431344,0.681246314314502,"PWY-6545: pyrimidine deoxyribonucleotides de novo biosynthesis III"
1414.76038128844,2.91884365189403,1.49701601738238,1.94977449673371,0.0512030025551218,0.829488641392973,"PYRIDOXSYN-PWY: pyridoxal 5'-phosphate biosynthesis I"
30660.743379719,-0.208263750953003,0.108597356606636,-1.91776077669533,0.055141351346556,0.850752277918292,"PWY-6124: inosine-5'-phosphate biosynthesis II"
32437.9636195521,-0.186499787161354,0.100190841935838,-1.86144545307632,0.0626812968563414,0.884954138064605,"PWY-6123: inosine-5'-phosphate biosynthesis I"
30490.8979811887,-0.200152701874631,0.108729575763078,-1.8408303395827,0.065646425245527,0.884954138064605,"PWY-3841: folate transformations II"
3844.70145855481,2.28805802898366,1.26354913125268,1.81081841013597,0.0701689655438305,0.884954138064605,"PWY-6270: isoprene biosynthesis I"
3546.52463239184,2.27875353744957,1.26011183509047,1.80837404585282,0.0705483045651756,0.884954138064605,"PWY-7560: methylerythritol phosphate pathway II"
1965.89744534516,2.73127816226149,1.51285285567816,1.80538256051157,0.0710148382397523,0.884954138064605,"PWY0-845: superpathway of pyridoxal 5'-phosphate biosynthesis and salvage"
20313.6953864763,-0.235767953884531,0.132168076739177,-1.78384947183427,0.0744481282416005,0.893377538899207,"1CMET2-PWY: N10-formyl-tetrahydrofolate biosynthesis"
14514.8524632889,0.25765177455114,0.149555687686342,1.72278151728676,0.0849280423652026,0.982738775940202,"PWY-6317: galactose degradation I (Leloir pathway)"
8307.19715126497,-1.32666000190433,0.80001698184634,-1.65828980135217,0.0972589865306766,0.996309178820003,"PWY0-1241: ADP-L-glycero-&beta;-D-manno-heptose biosynthesis"
103.000180557836,4.783062098899,2.92505596800145,1.63520361703268,0.102006370174645,0.996309178820003,"POLYAMINSYN3-PWY: superpathway of polyamine biosynthesis II"
35421.163298182,-0.129755152307848,0.0794363075190003,-1.6334489399172,0.102374611245913,0.996309178820003,"PWY-6386: UDP-N-acetylmuramoyl-pentapeptide biosynthesis II (lysine-containing)"
33594.8908508478,-0.0860052337587804,0.0549527418689771,-1.56507629708161,0.117565020576094,0.996309178820003,"PWY-6385: peptidoglycan biosynthesis III (mycobacteria)"
4751.00981711879,-1.52984474931269,0.985610194779594,-1.55218032181049,0.120619083212765,0.996309178820003,"PWY-7383: anaerobic energy metabolism (invertebrates, cytosol)"
48171.0204494088,0.0935839697265434,0.0605191843293944,1.54635213219636,0.122019547941854,0.996309178820003,"PWY-7221: guanosine ribonucleotides de novo biosynthesis"
158.980294587345,-4.55157077589976,2.95354291149733,-1.54105456134791,0.123303507410341,0.996309178820003,"PWY-7210: pyrimidine deoxyribonucleotides biosynthesis from CTP"
34873.2113753449,-0.157754403364743,0.105323559038129,-1.49780737382444,0.134183304452253,0.996309178820003,"DTDPRHAMSYN-PWY: dTDP-L-rhamnose biosynthesis I"
1282.23644617312,1.15121717634325,0.783984288831735,1.46841868229113,0.141990529922214,0.996309178820003,"PWY-7117: C4 photosynthetic carbon assimilation cycle, PEPCK type"
36854.245259537,0.156073412863353,0.110384306505109,1.41390943880351,0.157388494218557,0.996309178820003,"PWY-5103: L-isoleucine biosynthesis III"
217.367520677817,-4.15349937553406,2.95342064064589,-1.40633518922849,0.159624615558518,0.996309178820003,"PWY-7211: superpathway of pyrimidine deoxyribonucleotides de novo biosynthesis"
2469.26646017614,0.462684927351005,0.334252931090009,1.38423596119913,0.166286215401377,0.996309178820003,"PWY0-1261: anhydromuropeptides recycling"
57768.0337195995,0.117741003718192,0.0855874299335758,1.37568102944055,0.168920407710716,0.996309178820003,"ILEUSYN-PWY: L-isoleucine biosynthesis I (from threonine)"
1619.3135650057,2.06102668704955,1.50109799502344,1.37301275058819,0.169748382861609,0.996309178820003,"PWY4FS-7: phosphatidylglycerol biosynthesis I (plastidic)"
1619.3135650057,2.06102668704955,1.50109799502344,1.37301275058819,0.169748382861609,0.996309178820003,"PWY4FS-8: phosphatidylglycerol biosynthesis II (non-plastidic)"
857.981267769181,2.31794939271188,1.69879747758054,1.36446481896897,0.172421319449922,0.996309178820003,"PWY-6143: CMP-pseudaminate biosynthesis"
23913.9615456686,0.234586390974166,0.178208482968847,1.31635928361039,0.188053481614306,0.996309178820003,"PWY-6737: starch degradation V"
5282.1979237912,-1.27256872812336,0.967067361904355,-1.3159049495967,0.188205947278824,0.996309178820003,"COLANSYN-PWY: colanic acid building blocks biosynthesis"
5231.1070882955,-1.2759406548167,0.97449715205988,-1.30933235886799,0.190421793041448,0.996309178820003,"PWY-7197: pyrimidine deoxyribonucleotide phosphorylation"
18128.6017522807,0.274127418653273,0.211337915923683,1.29710476918048,0.194595140799985,0.996309178820003,"GLUTORN-PWY: L-ornithine biosynthesis"
349.549826726952,-2.09445586618327,1.63531596556673,-1.28076525288336,0.200276132198273,0.996309178820003,"FAO-PWY: fatty acid &beta;-oxidation I"
24146.443307814,0.158546705299548,0.124845619083852,1.2699420809717,0.204105262111022,0.996309178820003,"BRANCHED-CHAIN-AA-SYN-PWY: superpathway of branched amino acid biosynthesis"
40089.9180768028,-0.0991228622512446,0.0783002356257598,-1.26593312854137,0.205537024517306,0.996309178820003,"PWY-6387: UDP-N-acetylmuramoyl-pentapeptide biosynthesis I (meso-diaminopimelate containing)"
4948.82549268528,-0.550174138737154,0.440792918020902,-1.24814650200679,0.211977411331267,0.996309178820003,"PWY-6936: seleno-amino acid biosynthesis"
29.459870180622,3.67750300235946,2.95379210982846,1.24501077449659,0.213127789730967,0.996309178820003,"GALACTITOLCAT-PWY: galactitol degradation"
330.196397863968,-2.00202962037945,1.60987975098342,-1.2435895408688,0.213650667527285,0.996309178820003,"PWY-5136: fatty acid &beta;-oxidation II (peroxisome)"
646.678685115421,0.705833012707526,0.589633847121736,1.19707003957288,0.231279256498145,0.996309178820003,"TEICHOICACID-PWY: teichoic acid (poly-glycerol) biosynthesis"
9300.71491448003,-1.25596314733114,1.0556361515188,-1.18976898008288,0.234137204826397,0.996309178820003,"PWY-7208: superpathway of pyrimidine nucleobases salvage"
7384.2382286414,0.371705210745538,0.312506737328031,1.18943103090724,0.234270095937454,0.996309178820003,"PWY-7315: dTDP-N-acetylthomosamine biosynthesis"
1589.10494575874,1.02103707933918,0.871708553507824,1.17130556449222,0.241475975546191,0.996309178820003,"PWY-241: C4 photosynthetic carbon assimilation cycle, NADP-ME type"
25733.9657673843,0.186672697658519,0.162986099648599,1.14532894560327,0.252072919804224,0.996309178820003,"PWY-7400: L-arginine biosynthesis IV (archaebacteria)"
11109.7415382889,-1.23419746933317,1.07835035130646,-1.14452364005622,0.252406539702131,0.996309178820003,"PWY-7228: superpathway of guanosine nucleotides de novo biosynthesis I"
990.126129805513,-0.752105602951283,0.663035928003583,-1.13433612144653,0.256653582871764,0.996309178820003,"PWY-5941: glycogen degradation II (eukaryotic)"
15446.9294844503,0.155268826800938,0.137206397883012,1.13164421773777,0.257784042174279,0.996309178820003,"PWY66-422: D-galactose degradation V (Leloir pathway)"
40924.0644963922,-0.082616607579971,0.0745337973367471,-1.10844490059597,0.267669722631214,0.996309178820003,"PEPTIDOGLYCANSYN-PWY: peptidoglycan biosynthesis I (meso-diaminopimelate containing)"
10348.8017275783,-1.20411237100708,1.08658627651763,-1.10816084928489,0.267792355601315,0.996309178820003,"PWY-6125: superpathway of guanosine nucleotides de novo biosynthesis II"
1891.48748781612,1.37461408517827,1.24340709798159,1.10552214750074,0.268933403111581,0.996309178820003,"PWY-7328: superpathway of UDP-glucose-derived O-antigen building blocks biosynthesis"
4240.20075937336,-0.600540604272961,0.546835181680231,-1.09821135214401,0.272112210301015,0.996309178820003,"PWY-5913: TCA cycle VI (obligate autotrophs)"
1060.09616865777,0.560723488075981,0.525249286966856,1.0675378377265,0.28572903691043,0.996309178820003,"PWY-5347: superpathway of L-methionine biosynthesis (transsulfuration)"
2199.95611670078,-1.1461120561027,1.08421648736481,-1.05708783205126,0.290471503955629,0.996309178820003,"PWY-7323: superpathway of GDP-mannose-derived O-antigen building blocks biosynthesis"
3986.63000166743,0.341639240079202,0.324749146691084,1.05200966210447,0.292795116690499,0.996309178820003,"PWY-7357: thiamin formation from pyrithiamine and oxythiamine (yeast)"
5913.47698887971,-0.376984162879483,0.369933665549779,-1.01905881509656,0.308175045034364,0.996309178820003,"PWY-5659: GDP-mannose biosynthesis"
18262.5359961211,-0.201132953177402,0.202314529491446,-0.994159706092219,0.320145121499892,0.996309178820003,"PWY-5100: pyruvate fermentation to acetate and lactate II"
39.8502935061078,2.90561464905929,2.95381614342832,0.983681619969385,0.325272079741673,0.996309178820003,"PWY-7254: TCA cycle VII (acetate-producers)"
25754.4992928181,0.147512204780663,0.150930304722829,0.97735312369214,0.32839436153249,0.996309178820003,"CALVIN-PWY: Calvin-Benson-Bassham cycle"
22089.5805782085,-0.245378931444405,0.253532410617317,-0.967840485746737,0.3331240408178,0.996309178820003,"OANTIGEN-PWY: O-antigen building blocks biosynthesis (E. coli)"
1759.49529262637,1.33968923745998,1.38822510619047,0.965037465095493,0.334526046888805,0.996309178820003,"PWY-7539: 6-hydroxymethyl-dihydropterin diphosphate biosynthesis III (Chlamydia)"
20795.4576179589,-0.298351838751611,0.311592113369907,-0.957507670925618,0.338311076460299,0.996309178820003,"UDPNAGSYN-PWY: UDP-N-acetyl-D-glucosamine biosynthesis I"
4046.7023440057,0.284324075550505,0.301986945317175,0.941511147946746,0.346442979100916,0.996309178820003,"PWY-6897: thiamin salvage II"
214.446672690633,-1.89195010122134,2.01183682811624,-0.940409318877438,0.347007643984789,0.996309178820003,"SO4ASSIM-PWY: sulfate reduction I (assimilatory)"
4212.57272454233,-0.525847424193887,0.56085754112485,-0.937577523053809,0.348461566900794,0.996309178820003,"PWY-6823: molybdopterin biosynthesis"
20334.8707319956,-0.189870981242236,0.202750449214407,-0.936476254321135,0.349028032941916,0.996309178820003,"HSERMETANA-PWY: L-methionine biosynthesis III"
3985.48704425602,-0.372082921824676,0.399081828146415,-0.932347442510376,0.351156996937686,0.996309178820003,"PWY-6606: guanosine nucleotides degradation II"
5209.45043498903,0.568018732010595,0.611895216321988,0.928294121050451,0.353255022796471,0.996309178820003,"PWY-7237: myo-, chiro- and scillo-inositol degradation"
1577.21429727626,0.627090271813211,0.678394156952009,0.924374517950885,0.355291357177173,0.996309178820003,"NAGLIPASYN-PWY: lipid IVA biosynthesis"
13116.5041155748,-1.02415536479689,1.11064084608836,-0.922130109300344,0.35646071330383,0.996309178820003,"PWY-841: superpathway of purine nucleotides de novo biosynthesis I"
79.6912252180039,2.51325318640448,2.73894258757644,0.917599805780645,0.358828419614517,0.996309178820003,"GLYCOCAT-PWY: glycogen degradation I (bacterial)"
40932.1598098938,0.104600012726331,0.114645112550896,0.912380915321574,0.361568232440068,0.996309178820003,"ARGSYNBSUB-PWY: L-arginine biosynthesis II (acetyl cycle)"
879.781658442883,1.31210081558469,1.45856406676366,0.899583943882593,0.368341704938314,0.996309178820003,"PWY-7198: pyrimidine deoxyribonucleotides de novo biosynthesis IV"
18619.6454804541,0.114640958307454,0.12800546405496,0.895594255712652,0.370469504758045,0.996309178820003,"PWY-724: superpathway of L-lysine, L-threonine and L-methionine biosynthesis II"
37757.7368712047,0.118701051605409,0.133282015199436,0.890600666772567,0.373143441380934,0.996309178820003,"ARGSYN-PWY: L-arginine biosynthesis I (via L-ornithine)"
3549.72893353498,-0.298694942747054,0.341113657939578,-0.875646388805581,0.381222298560752,0.996309178820003,"TRPSYN-PWY: L-tryptophan biosynthesis"
37107.228304678,0.17733642945107,0.204065035982709,0.869019176151744,0.384836642187724,0.996309178820003,"PWY0-1296: purine ribonucleosides degradation"
77.837207464555,2.3632161832279,2.75285750630124,0.858459320113207,0.390638884036347,0.996309178820003,"PWY-821: superpathway of sulfur amino acid biosynthesis (Saccharomyces cerevisiae)"
106.0452237619,2.40332710704348,2.84911849786883,0.843533573223155,0.398930097307243,0.996309178820003,"PWY-6588: pyruvate fermentation to acetone"
82.0067527821429,-2.16537995905034,2.58847190360046,-0.836547600164552,0.4028469100415,0.996309178820003,"PPGPPMET-PWY: ppGpp biosynthesis"
59487.3223777652,0.0685094937852193,0.0821261852061248,0.834197931065109,0.404169456824212,0.996309178820003,"VALSYN-PWY: L-valine biosynthesis"
1045.35796444151,-0.861263990724224,1.03437912284159,-0.832638605812348,0.405048579180771,0.996309178820003,"DAPLYSINESYN-PWY: L-lysine biosynthesis I"
36454.0831964089,-0.0673005396261666,0.0811180157571293,-0.82966205469901,0.406729880995785,0.996309178820003,"PWY-7219: adenosine ribonucleotides de novo biosynthesis"
10287.9682630187,0.212846985430535,0.260454025984262,0.817215186542732,0.41380546528872,0.996309178820003,"THRESYN-PWY: superpathway of L-threonine biosynthesis"
3926.91081980631,-0.678827951696882,0.83167374588084,-0.816219046301532,0.414374865338091,0.996309178820003,"GLCMANNANAUT-PWY: superpathway of N-acetylglucosamine, N-acetylmannosamine and N-acetylneuraminate degradation"
62.7971899419735,2.32189872832112,2.95351867719166,0.786146621063147,0.431781593953839,0.996309178820003,"PWY-7385: 1,3-propanediol biosynthesis (engineered)"
918.218129032559,0.949371313626673,1.2128219420136,0.782778807621563,0.433757014467273,0.996309178820003,"P108-PWY: pyruvate fermentation to propanoate I"
30769.6680075265,0.0690189214896464,0.08926592847104,0.773183258963555,0.439413932339407,0.996309178820003,"ARO-PWY: chorismate biosynthesis I"
49888.8829015646,0.149517500296993,0.194329748950387,0.769400985204614,0.441655303915882,0.996309178820003,"PWY-7111: pyruvate fermentation to isobutanol (engineered)"
24652.5863304448,0.0848133923020323,0.111231793504052,0.762492356099094,0.445766203574068,0.996309178820003,"PWY-6151: S-adenosyl-L-methionine cycle I"
971.171100589212,0.966000281160437,1.27365606667531,0.758446731763338,0.448183590761506,0.996309178820003,"PWY-5345: superpathway of L-methionine biosynthesis (by sulfhydrylation)"
6663.67098527607,-0.498151920352979,0.676308705406691,-0.736574757016355,0.461380990509384,0.996309178820003,"PWY0-162: superpathway of pyrimidine ribonucleotides de novo biosynthesis"
6156.05097079938,0.72141416061998,0.980530555984882,0.735738581747067,0.461889805032991,0.996309178820003,"PWY-6147: 6-hydroxymethyl-dihydropterin diphosphate biosynthesis I"
429.161786997062,1.01364328198072,1.38084545154813,0.734074389602596,0.462903401262491,0.996309178820003,"PWY-8004: Entner-Doudoroff pathway I"
8023.86562760323,-0.420918408483728,0.573487508582193,-0.733962644669184,0.462971505262535,0.996309178820003,"PWY-2941: L-lysine biosynthesis II"
24113.2071412263,0.12672011034755,0.178827414536171,0.708616800596414,0.47856230763243,0.996309178820003,"PWY-7199: pyrimidine deoxyribonucleosides salvage"
1930.38471424064,-0.313711744029395,0.445481699136915,-0.704207927367582,0.481303294923622,0.996309178820003,"ARGININE-SYN4-PWY: L-ornithine de novo  biosynthesis"
6997.78509282232,-0.216863094011883,0.309106043993841,-0.701581538846274,0.482940167925717,0.996309178820003,"PWY-6608: guanosine nucleotides degradation III"
49589.3104183986,-0.0370921614048625,0.0538674642290202,-0.68858190998491,0.491086408276092,0.996309178820003,"TRNA-CHARGING-PWY: tRNA charging"
4539.50100984936,-0.53501161018747,0.78999043348201,-0.677238087339007,0.498254905844443,0.996309178820003,"PWY-6892: thiazole biosynthesis I (E. coli)"
4488.69175433211,0.756094718122446,1.13110062846195,0.668459285669894,0.503840462664136,0.996309178820003,"PWY-6901: superpathway of glucose and xylose degradation"
23651.0814135231,-0.103390074100544,0.161961990936584,-0.638360108459194,0.523239292287461,0.996309178820003,"PWY-7663: gondoate biosynthesis (anaerobic)"
2677.16846160217,0.446127763241338,0.701406672430587,0.63604721879159,0.524745645956208,0.996309178820003,"FERMENTATION-PWY: mixed acid fermentation"
37430.1420873691,0.0504575722002588,0.0809700451719755,0.623163443877177,0.533177121547808,0.996309178820003,"PWY-5097: L-lysine biosynthesis VI"
431.548425194699,-1.20119254776268,1.95529508662244,-0.614328014211709,0.538998594056575,0.996309178820003,"PWY-5676: acetyl-CoA fermentation to butanoate II"
103.247513019582,-1.77883638304785,2.92819729136691,-0.607485154191053,0.54352899196014,0.996309178820003,"PWY0-1061: superpathway of L-alanine biosynthesis"
1879.25825172405,0.448746354946202,0.741882179439876,0.604875500965675,0.545261722518696,0.996309178820003,"PWY-6507: 4-deoxy-L-threo-hex-4-enopyranuronate degradation"
4361.33625844359,0.76014841891271,1.28150005430298,0.593170805073559,0.553066848836062,0.996309178820003,"PWY0-1297: superpathway of purine deoxyribonucleosides degradation"
5046.7941171024,0.165040727821361,0.279304592736528,0.590898725310421,0.55458828013117,0.996309178820003,"PWY-4981: L-proline biosynthesis II (from arginine)"
17463.2630273825,-0.063115876431506,0.106960051032497,-0.590088316359628,0.555131441430631,0.996309178820003,"PANTOSYN-PWY: pantothenate and coenzyme A biosynthesis I"
312.597130150702,0.861100347995104,1.46148771293319,0.589194380749796,0.555730886242595,0.996309178820003,"P562-PWY: myo-inositol degradation I"
29335.0593222312,0.053471027589488,0.0924951268747573,0.578095618614485,0.56319956494573,0.996309178820003,"PWY-6163: chorismate biosynthesis from 3-dehydroquinate"
2300.62171255445,0.384800371941274,0.690489582019828,0.557286282025648,0.577331846778607,0.996309178820003,"SALVADEHYPOX-PWY: adenosine nucleotides degradation II"
11957.1700771823,-0.117442101573007,0.212613828348621,-0.552372827699796,0.580692943267614,0.996309178820003,"PWY66-429: fatty acid biosynthesis initiation (mitochondria)"
25982.1280259686,-0.0800329497490349,0.144912726523046,-0.552283789486958,0.580753935163572,0.996309178820003,"PWY-5973: cis-vaccenate biosynthesis"
335.965402712944,0.437949617169778,0.802845062800805,0.545497054739238,0.585411705631145,0.996309178820003,"THISYNARA-PWY: superpathway of thiamine diphosphate biosynthesis III (eukaryotes)"
28367.1547584382,0.059687643083286,0.109885765911916,0.543179024034208,0.587006547405718,0.996309178820003,"GLYCOLYSIS: glycolysis I (from glucose 6-phosphate)"
4965.92034397757,-0.428797137182039,0.797035052266829,-0.537990312926021,0.590583736369907,0.996309178820003,"THISYN-PWY: superpathway of thiamin diphosphate biosynthesis I"
15449.251811833,0.414173680271982,0.772831568393916,0.535917135389164,0.592015821250909,0.996309178820003,"RIBOSYN2-PWY: flavin biosynthesis I (bacteria and plants)"
1082.74558178524,-0.293044576985174,0.549064698744029,-0.533715931210851,0.593538085258658,0.996309178820003,"PWY-7456: mannan degradation"
1097.37259441683,-0.612201075539267,1.15540701559736,-0.529857502399492,0.596210733157261,0.996309178820003,"FUCCAT-PWY: fucose degradation"
10820.2548856348,-0.303080665953874,0.575242604934922,-0.526874510604378,0.598280735660701,0.996309178820003,"LACTOSECAT-PWY: lactose and galactose degradation I"
13712.3123053961,0.230986562379064,0.44708336943838,0.516652101529131,0.605399038156555,0.996309178820003,"PWY-3001: superpathway of L-isoleucine biosynthesis I"
19664.7030210966,0.0898506922895334,0.174717286239783,0.514263323471163,0.607067900409291,0.996309178820003,"HISTSYN-PWY: L-histidine biosynthesis"
1533.03090959259,0.627970531417232,1.22708450556023,0.511758178488718,0.608820263210618,0.996309178820003,"PWY-4984: urea cycle"
15395.547913667,0.104760340323183,0.206906649119707,0.506316934563919,0.612634176658982,0.996309178820003,"BRANCHED-CHAIN-AA-SYN-PWY: superpathway of branched chain amino acid biosynthesis"
37375.0815399683,-0.0691958934542013,0.137325977141789,-0.503880583225392,0.614345295846578,0.996309178820003,"ANAGLYCOLYSIS-PWY: glycolysis III (from glucose)"
1811.31372753436,0.617530177665811,1.23174050496519,0.501347625718669,0.616126492781308,0.996309178820003,"CITRULBIO-PWY: L-citrulline biosynthesis"
29921.2194108152,0.0632294239730928,0.126272428595881,0.500738163320283,0.616555409983815,0.996309178820003,"PWY-6527: stachyose degradation"
19299.9207995185,-0.101931475545955,0.203664403484257,-0.500487438168516,0.616731899130664,0.996309178820003,"PWY-6703: preQ0 biosynthesis"
2201.41687465272,0.530598731273543,1.06200542150027,0.499619606954528,0.617342949322562,0.996309178820003,"PWY-6353: purine nucleotides degradation II (aerobic)"
41724.7520781177,0.0397693413494651,0.0802285644612801,0.495700522831349,0.620105718163923,0.996309178820003,"PWY-6121: 5-aminoimidazole ribonucleotide biosynthesis I"
2042.56609218966,0.392261752039043,0.795177170432423,0.49330107380438,0.621799869765122,0.996309178820003,"PWY-6595: superpathway of guanosine nucleotides degradation (plants)"
25426.4288056908,-0.0991489570327008,0.203702366783721,-0.486734438083241,0.626446536893627,0.996309178820003,"GLYCOGENSYNTH-PWY: glycogen biosynthesis I (from ADP-D-Glucose)"
110.110848118631,0.976350515765267,2.02186873928207,0.482895104314215,0.629170218100647,0.996309178820003,"PWY-6607: guanosine nucleotides degradation I"
8860.2831665181,0.186772291338533,0.388175130251122,0.481154707715831,0.630406548408656,0.996309178820003,"PWY-7977: L-methionine biosynthesis IV"
899.124760848947,0.420508929985023,0.890970622597362,0.471967222397472,0.636950184700442,0.996309178820003,"PWY-5177: glutaryl-CoA degradation"
27417.177215128,0.0405016752444855,0.0858505132075862,0.471769751061973,0.637091144134716,0.996309178820003,"COMPLETE-ARO-PWY: superpathway of aromatic amino acid biosynthesis"
12037.2358617599,0.118583468394872,0.252364016832796,0.469890556835762,0.638433211315892,0.996309178820003,"COA-PWY: coenzyme A biosynthesis I (prokaryotic)"
9237.99064681598,0.102090583941825,0.218542442476652,0.46714305370103,0.640397532931036,0.996309178820003,"NONOXIPENT-PWY: pentose phosphate pathway (non-oxidative branch) I"
246.679353794254,-1.18041213512309,2.58647115581635,-0.456379392620956,0.648117181814968,0.996309178820003,"PWY-6629: superpathway of L-tryptophan biosynthesis"
24.1374245651857,-1.34586455225514,2.95365127199867,-0.455661291166719,0.648633561446223,0.996309178820003,"PWY-6803: phosphatidylcholine acyl editing"
10539.2267053188,0.136674023138536,0.301446048918695,0.453394641027121,0.650264594637449,0.996309178820003,"1CMET2-PWY: folate transformations III (E. coli)"
39.8036223922731,-1.3003348731212,2.95349350501877,-0.440270097398755,0.65974149556785,0.996309178820003,"PWY-5088: L-glutamate degradation VIII (to propanoate)"
11055.3150014572,0.063441676555077,0.144652578432745,0.43857964539895,0.660966148387329,0.996309178820003,"PWY-8178: pentose phosphate pathway (non-oxidative branch) II"
66.5435903139919,1.29496424152661,2.9534179701755,0.438462911312773,0.661050750291267,0.996309178820003,"PWY-7115: C4 photosynthetic carbon assimilation cycle, NAD-ME type"
1220.83223404896,0.586080826441795,1.33770653051552,0.438123619098976,0.661296673634378,0.996309178820003,"COBALSYN-PWY: adenosylcobalamin salvage from cobinamide I"
11971.380145539,0.138316296945872,0.315989788844503,0.437723944978288,0.661586409453519,0.996309178820003,"PANTOSYN-PWY: superpathway of coenzyme A biosynthesis I (bacteria)"
20880.8427939875,0.0608505793104334,0.139149886720528,0.437302399193809,0.661892055630256,0.996309178820003,"PWY-6700: queuosine biosynthesis"
8663.00129518207,0.0974003184241398,0.226003628161856,0.430967941604837,0.666491680758328,0.996309178820003,"COA-PWY-1: superpathway of coenzyme A biosynthesis III (mammals)"
4063.31980493153,0.544406142240825,1.2636921661283,0.430805980153202,0.666609450951957,0.996309178820003,"HEXITOLDEGSUPER-PWY: superpathway of hexitol degradation (bacteria)"
59.701702050104,0.872449856405855,2.04671331164995,0.426268716502621,0.669912050591332,0.996309178820003,"PWY-5083: NAD/NADH phosphorylation and dephosphorylation"
2260.5765701763,0.434682470868597,1.0254182456889,0.423907486234133,0.671633284278118,0.996309178820003,"GLYCOLYSIS-E-D: superpathway of glycolysis and Entner-Doudoroff"
2757.7110943505,-0.618923125218938,1.46397331550621,-0.42276940341971,0.672463513030057,0.996309178820003,"PWY-6630: superpathway of L-tyrosine biosynthesis"
3679.20339227349,0.336216684587349,0.795464369017748,0.422667183701156,0.672538101644126,0.996309178820003,"PWY-621: sucrose degradation III (sucrose invertase)"
6666.85076476887,0.36559816709785,0.874624151567942,0.418006027437547,0.675942710343718,0.996309178820003,"PWY66-399: gluconeogenesis III"
3498.1121450145,0.188922710164129,0.453607123752214,0.416489733673868,0.677051678190853,0.996309178820003,"PWY-7282: 4-amino-2-methyl-5-diphosphomethylpyrimidine biosynthesis II"
405.602587888204,0.806100058349287,1.96108170143661,0.411048686935771,0.68103683476662,0.996309178820003,"PWY4LZ-257: superpathway of fermentation (Chlamydomonas reinhardtii)"
456.897142017974,-0.701694949820441,1.72406274077099,-0.407000820345231,0.684007385681599,0.996309178820003,"PWY-6305: putrescine biosynthesis IV"
15825.1714276123,-0.229167460602477,0.575434876408079,-0.398250905528985,0.690445245423908,0.996309178820003,"GLUCONEO-PWY: gluconeogenesis I"
1263.03841450382,0.769325351657198,1.9330216013374,0.397991078384703,0.690636762133871,0.996309178820003,"PWY-5971: palmitate biosynthesis (type II fatty acid synthase)"
144.307105478729,1.11318473380726,2.83480599569618,0.392684626566088,0.694552426658563,0.996309178820003,"P161-PWY: acetylene degradation"
8304.76625801058,-0.158252254695691,0.4037586888528,-0.391947613920912,0.6950969210864,0.996309178820003,"PWY-7237: myo-, chiro- and scyllo-inositol degradation"
7646.97152914359,0.0959388945390736,0.251334933087168,0.381717309888634,0.702671059177104,0.996309178820003,"PWY-7851: coenzyme A biosynthesis II (eukaryotic)"
287.326307062914,-0.406832668653006,1.0808752305364,-0.37639188794354,0.706625575853202,0.996309178820003,"PWY0-1479: tRNA processing"
1950.98380872316,0.303989603113559,0.812605340094788,0.374092549131046,0.708335461859956,0.996309178820003,"PWY-6549: L-glutamine biosynthesis III"
371.639557603439,0.443400219882192,1.19203991498049,0.371967594633314,0.709916976716131,0.996309178820003,"PWY-7761: NAD salvage pathway II (PNC IV cycle)"
137.125563520405,1.09634632801596,2.95333049262809,0.371223718697447,0.710470908325048,0.996309178820003,"PWY-7332: superpathway of UDP-N-acetylglucosamine-derived O-antigen building blocks biosynthesis"
6606.62391157221,0.107231421251172,0.28901619275953,0.371022191619526,0.710621003002211,0.996309178820003,"NONOXIPENT-PWY: pentose phosphate pathway (non-oxidative branch)"
13162.4445548135,0.0948067214068913,0.258587108994423,0.366633595060363,0.713892345440194,0.996309178820003,"PWY-6700: queuosine biosynthesis I (de novo)"
1013.63787582611,-0.451231997024787,1.24967034574991,-0.361080823082192,0.718039028520981,0.996309178820003,"CENTFERM-PWY: pyruvate fermentation to butanoate"
1252.63650616822,-0.454253851695208,1.26199860938347,-0.359947981176561,0.718886034707771,0.996309178820003,"PWY-6590: superpathway of Clostridium acetobutylicum acidogenic fermentation"
336.37679076693,0.538700781333633,1.55379520403766,0.346699989762987,0.728816717910418,0.996309178820003,"PWY-6519: 8-amino-7-oxononanoate biosynthesis I"
366.492698177725,-0.420788908881084,1.21716167495357,-0.345713242159992,0.729558231424342,0.996309178820003,"GLUDEG-I-PWY: GABA shunt"
418.19502509505,0.532541224867483,1.56089137987003,0.341177632047545,0.732969861195435,0.996309178820003,"BIOTIN-BIOSYNTHESIS-PWY: biotin biosynthesis I"
14.4895426379769,0.990488212194432,2.9539294456648,0.335312075123553,0.737389685840079,0.996309178820003,"PWY-6531: mannitol cycle"
393.845143358997,0.389887691688657,1.16288589515512,0.335275965864777,0.737416922038572,0.996309178820003,"PWY-702: L-methionine biosynthesis II"
1962.43143859584,0.389041511330453,1.1761545867837,0.33077413097059,0.740815102476532,0.996309178820003,"PWY0-1298: superpathway of pyrimidine deoxyribonucleosides degradation"
323.455470627022,-0.383259395612054,1.20999262057102,-0.316745233893399,0.751436922943145,0.996309178820003,"PWY-5022: 4-aminobutanoate degradation V"
8525.17054920618,0.0913497585968261,0.293085107261502,0.311683385929673,0.755281155529972,0.996309178820003,"RHAMCAT-PWY: L-rhamnose degradation I"
5772.45280129237,0.106021798912177,0.340914987507905,0.310991897678651,0.755806781158318,0.996309178820003,"PWY-5981: CDP-diacylglycerol biosynthesis III"
685.614518059941,-0.275205289267632,0.891596116811189,-0.308665867962626,0.757575710204576,0.996309178820003,"PWY-I9: L-cysteine biosynthesis VI (from L-methionine)"
39.4428276696014,0.908996517087115,2.95353290029447,0.307765834264615,0.75826052081317,0.996309178820003,"PWY-2723: trehalose degradation V"
2450.3720651219,0.334611993484052,1.09406497627186,0.305842889354047,0.759724271153038,0.996309178820003,"PWY-5121: superpathway of geranylgeranyl diphosphate biosynthesis II (via MEP)"
25236.5014704893,0.0383539882415911,0.126771729938002,0.302543700084777,0.762237625408644,0.996309178820003,"PWY-5484: glycolysis II (from fructose 6-phosphate)"
14702.9740849672,-0.121340068053468,0.401369155505196,-0.302315378222672,0.762411656355985,0.996309178820003,"ANAEROFRUCAT-PWY: homolactic fermentation"
6534.4450903757,0.181460626560489,0.601580429709787,0.301639843317425,0.762926631286382,0.996309178820003,"PWY-5695: inosine 5'-phosphate degradation"
7052.08193749956,-0.0692598212882023,0.231506533927848,-0.299170049817203,0.764810300142219,0.996309178820003,"PWY-5104: L-isoleucine biosynthesis IV"
218.54480896434,0.507490925001217,1.71956731579342,0.295127105720231,0.767896784056638,0.996309178820003,"POLYAMSYN-PWY: superpathway of polyamine biosynthesis I"
4699.56092732901,0.253818396424406,0.88117707941264,0.288044710143382,0.773312514548918,0.996309178820003,"PENTOSE-P-PWY: pentose phosphate pathway"
20.0320584312566,0.849642605392285,2.95372604958873,0.287651119680035,0.773613810005295,0.996309178820003,"PWY-6953: dTDP-3-acetamido-3,6-dideoxy-&alpha;-D-galactose biosynthesis"
7042.41007228665,0.108811625761516,0.379149084796103,0.286989023908715,0.77412072454767,0.996309178820003,"PWY-6151: S-adenosyl-L-methionine salvage I"
1593.84517176538,-0.357644351030392,1.24706441518697,-0.286788995560241,0.774273889443682,0.996309178820003,"P461-PWY: hexitol fermentation to lactate, formate, ethanol and acetate"
90.6165640797827,0.417937301133678,1.46191276876108,0.285883884500075,0.774967057165104,0.996309178820003,"HEMESYN2-PWY: heme biosynthesis II (anaerobic)"
35828.3314784599,-0.019697344002461,0.0712722688063976,-0.276367573704809,0.782265759621402,0.996309178820003,"PWY-2942: L-lysine biosynthesis III"
7919.09996695144,-0.127767476731201,0.463829158535596,-0.275462364493404,0.782961036512397,0.996309178820003,"PWY-7238: sucrose biosynthesis II"
3049.16937085892,0.182161910991846,0.669606357619957,0.272043281726476,0.785588739855182,0.996309178820003,"PWY-7242: D-fructuronate degradation"
227.180750272425,0.507760935103774,1.88066637001552,0.269989905280001,0.787168019738224,0.996309178820003,"P42-PWY: incomplete reductive TCA cycle"
49670.6804653172,0.0361625931840795,0.135797360758172,0.266298203309547,0.790009556711956,0.996309178820003,"PWY-6609: adenine and adenosine salvage III"
120.538321752938,0.781927425660636,2.95333391776361,0.264760926950226,0.791193638762631,0.996309178820003,"PRPP-PWY: superpathway of histidine, purine, and pyrimidine biosynthesis"
8068.37436332369,-0.0534067980370706,0.203543527173101,-0.262385145717022,0.793024523621571,0.996309178820003,"PWY-6168: flavin biosynthesis III (fungi)"
18275.8236177433,-0.0317768460961743,0.121181139997144,-0.262226003955098,0.793147206392852,0.996309178820003,"PWY-5686: UMP biosynthesis I"
18275.8236177433,-0.0317768460961743,0.121181139997144,-0.262226003955098,0.793147206392852,0.996309178820003,"PWY-7790: UMP biosynthesis II"
18275.8236177433,-0.0317768460961743,0.121181139997144,-0.262226003955098,0.793147206392852,0.996309178820003,"PWY-7791: UMP biosynthesis III"
1742.27268804697,0.181199358807168,0.694797087419141,0.260794643627885,0.794250875314389,0.996309178820003,"GLUCUROCAT-PWY: superpathway of &beta;-D-glucuronide and D-glucuronate degradation"
44930.4642044049,-0.0191217756118262,0.0734332819030354,-0.260396581989559,0.794557879219567,0.996309178820003,"PWY-6122: 5-aminoimidazole ribonucleotide biosynthesis II"
44930.4642044049,-0.0191217756118262,0.0734332819030354,-0.260396581989559,0.794557879219567,0.996309178820003,"PWY-6277: superpathway of 5-aminoimidazole ribonucleotide biosynthesis"
167.126621892487,0.768147888336507,2.95331236854851,0.260097068131684,0.794788899413289,0.996309178820003,"PWY-6895: superpathway of thiamin diphosphate biosynthesis II"
37.4559184929428,0.757763688886812,2.95350263014335,0.256564419869852,0.797515044570223,0.996309178820003,"PWY-6891: thiazole biosynthesis II (Bacillus)"
11026.9242270392,0.0665539332120816,0.260346719859407,0.255635766212159,0.798232098348457,0.996309178820003,"PWY-7234: inosine-5'-phosphate biosynthesis III"
1480.38616246119,0.480957982645581,1.92576114107612,0.249749552209169,0.802781035046882,0.996309178820003,"PWY-6285: superpathway of fatty acids biosynthesis (E. coli)"
251.797535926683,0.35509373526981,1.4410190989435,0.24641847948452,0.805358302640983,0.996309178820003,"SO4ASSIM-PWY: assimilatory sulfate reduction I"
3743.16428220441,-0.142921071533983,0.588993877009576,-0.242652898633884,0.808274298418209,0.996309178820003,"P164-PWY: purine nucleobases degradation I (anaerobic)"
78.6811132837756,-0.663108291033501,2.78883925018961,-0.237772145163411,0.812057824088204,0.996309178820003,"PWY-5189: tetrapyrrole biosynthesis II (from glycine)"
6904.49597307888,0.0878714439772902,0.386804479573083,0.227172767167211,0.820289402777427,0.996309178820003,"PWY-5941: glycogen degradation II"
351.23779423573,0.431056080922832,1.94469433314596,0.221657498340886,0.824580518455502,0.996309178820003,"P441-PWY: superpathway of N-acetylneuraminate degradation"
89.9072993018121,-0.599260956186744,2.75537696077265,-0.217487830056727,0.827828190237688,0.996309178820003,"ARGORNPROST-PWY: arginine, ornithine and proline interconversion"
5258.84537405591,0.167462908113988,0.798678831114108,0.209674905093437,0.833921412985403,0.996309178820003,"HISDEG-PWY: L-histidine degradation I"
2950.22442280716,0.28549416217939,1.38270050210853,0.206475778192044,0.836419283300211,0.996309178820003,"PWY-6628: superpathway of L-phenylalanine biosynthesis"
22531.258995422,0.0195593773852628,0.0949593719985656,0.205976271468584,0.836809446498647,0.996309178820003,"COA-PWY-1: coenzyme A biosynthesis II (mammalian)"
15660.2840225633,0.0292134562951092,0.150871118696844,0.193631866373377,0.846464144633393,0.996309178820003,"PWY-7953: UDP-N-acetylmuramoyl-pentapeptide biosynthesis III (meso-diaminopimelate containing)"
3183.6881726511,0.190057003448592,0.998917580509943,0.190262947771495,0.849103086665848,0.996309178820003,"PWY-5384: sucrose degradation IV (sucrose phosphorylase)"
55.9559791460748,0.519423145628438,2.78232612489753,0.186686650777708,0.85190632322668,0.996309178820003,"GALACTARDEG-PWY: D-galactarate degradation I"
55.9559791460748,0.519423145628438,2.78232612489753,0.186686650777708,0.85190632322668,0.996309178820003,"GLUCARGALACTSUPER-PWY: superpathway of D-glucarate and D-galactarate degradation"
1887.36665267689,0.129288600069393,0.698625647060196,0.185061342384777,0.853180922135535,0.996309178820003,"GALACT-GLUCUROCAT-PWY: superpathway of hexuronide and hexuronate degradation"
19671.8781632353,-0.0235999064197187,0.128139797994533,-0.184173120209895,0.853877645727003,0.996309178820003,"PWY-4242: pantothenate and coenzyme A biosynthesis III"
4598.38179657765,0.0885101465318822,0.481796680694887,0.183708502109698,0.85424213871207,0.996309178820003,"PWY-5265: peptidoglycan biosynthesis II (staphylococci)"
13012.3324186013,-0.082572501436818,0.471798459749846,-0.175016470974914,0.861066691369746,0.996309178820003,"PWY-7220: adenosine deoxyribonucleotides de novo biosynthesis II"
13012.3324186013,-0.082572501436818,0.471798459749846,-0.175016470974914,0.861066691369746,0.996309178820003,"PWY-7222: guanosine deoxyribonucleotides de novo biosynthesis II"
14.2449860506477,0.508633923997346,2.95360015521002,0.172208117981081,0.863273915999236,0.996309178820003,"ALLANTOINDEG-PWY: superpathway of allantoin degradation in yeast"
81.9259693762696,0.294549707246386,1.73074154024987,0.170186998114035,0.864863076560012,0.996309178820003,"GLUCOSE1PMETAB-PWY: glucose and glucose-1-phosphate degradation"
4395.64544805633,-0.285668507365932,1.71631845989594,-0.166442600275506,0.867808651303566,0.996309178820003,"PWY66-409: superpathway of purine nucleotide salvage"
7176.94641788651,-0.0511623271037843,0.312985153188825,-0.16346566788399,0.870151802588812,0.996309178820003,"PWY-6317: D-galactose degradation I (Leloir pathway)"
250.263030218908,0.275127497444776,1.70498532957586,0.161366489595085,0.871804758182547,0.996309178820003,"PWY-1861: formaldehyde assimilation II (RuMP Cycle)"
5500.90623580322,0.0514566141812068,0.328037265264773,0.156862099614426,0.875353530141129,0.996309178820003,"PYRIDNUCSYN-PWY: NAD de novo biosynthesis I (from aspartate)"
8348.00971562705,0.070161206828391,0.45124013050264,0.155485299479543,0.876438742317321,0.996309178820003,"ASPASN-PWY: superpathway of L-aspartate and L-asparagine biosynthesis"
405.101485157267,0.179849915889272,1.16553057425084,0.154307334241209,0.877367414691114,0.996309178820003,"GLUCUROCAT-PWY: superpathway of &beta;-D-glucuronosides degradation"
457.228975243645,0.166690282706461,1.08984443650146,0.152948693523232,0.878438735745059,0.996309178820003,"PWY-6749: CMP-legionaminate biosynthesis I"
5940.1061595029,0.0517962594734295,0.345919642686681,0.149734947316491,0.880973735024613,0.996309178820003,"P41-PWY: pyruvate fermentation to acetate and (S)-lactate I"
5987.23172380836,0.0749035093864355,0.50089963812416,0.149537958675604,0.881129159383982,0.996309178820003,"PWY-6897: thiamine diphosphate salvage II"
3119.31368339223,0.162772788466853,1.0994301549174,0.148051959225261,0.882301762501151,0.996309178820003,"PWY-6292: superpathway of L-cysteine biosynthesis (mammalian)"
6391.28777995504,-0.0625060151715755,0.426591940150506,-0.146524135335334,0.883507638287478,0.996309178820003,"GLUTORN-PWY: L-ornithine biosynthesis I"
507.406422520247,0.166162944743169,1.15471733739904,0.143899237814723,0.885580037559897,0.996309178820003,"PWY-6305: superpathway of putrescine biosynthesis"
2443.59663990901,0.138580708559073,1.07408685589175,0.129021882912827,0.897340333488698,0.996309178820003,"PWY-7356: thiamine diphosphate salvage IV (yeast)"
306.255296565201,-0.188196893220176,1.45973606681314,-0.128925288275601,0.897416766506921,0.996309178820003,"PWY-6969: TCA cycle V (2-oxoglutarate synthase)"
394.018465004634,-0.235140886976878,1.86355184062023,-0.126178881559109,0.899590327818478,0.996309178820003,"SULFATE-CYS-PWY: superpathway of sulfate assimilation and cysteine biosynthesis"
2732.11733597791,0.13812786203473,1.12208533064382,0.123099249462138,0.902028505603317,0.996309178820003,"PWY-6902: chitin degradation II (Vibrio)"
13004.2094029309,-0.017061257238835,0.14311510693695,-0.119213531010052,0.905106186902407,0.996309178820003,"DTDPRHAMSYN-PWY: dTDP-&beta;-L-rhamnose biosynthesis"
2501.69572198335,-0.0807599329106654,0.697613653073463,-0.115765986739025,0.907838007873814,0.996309178820003,"GALACTUROCAT-PWY: D-galacturonate degradation I"
4181.15884001014,0.0937630887095003,0.811643570432676,0.11552249303166,0.908030992967195,0.996309178820003,"FASYN-ELONG-PWY: fatty acid elongation -- saturated"
2895.849754202,0.129413827744195,1.12191257627563,0.115351080361186,0.908166852261183,0.996309178820003,"PWY-6936: seleno-amino acid biosynthesis (plants)"
33067.8496730508,0.0107372686950654,0.0985210343065773,0.108984530771909,0.913214759900221,0.996309178820003,"PWY-1042: glycolysis IV (plant cytosol)"
21266.6142517218,-0.0173196090706036,0.160715972961847,-0.107765325072668,0.914181849243242,0.996309178820003,"PWY-5695: urate biosynthesis/inosine 5'-phosphate degradation"
3837.94618543134,0.0877046997105247,0.815458793810137,0.107552583130209,0.914350611897265,0.996309178820003,"PWY-7664: oleate biosynthesis IV (anaerobic)"
307.442743359617,0.148843205679289,1.39587437685566,0.106630802991435,0.915081880641176,0.996309178820003,"ARG+POLYAMINE-SYN: superpathway of arginine and polyamine biosynthesis"
15470.2330733697,-0.0312038207959754,0.297460493667203,-0.104900722819636,0.916454585407163,0.996309178820003,"PWY-1042: glycolysis IV"
438.229543925509,0.148044165719043,1.43617125630889,0.103082529377125,0.917897470687852,0.996309178820003,"PWY1ZNC-1: assimilatory sulfate reduction IV"
3676.40773286662,0.0839353237219972,0.814537238046763,0.103046637773457,0.917925956350056,0.996309178820003,"PWY-6282: palmitoleate biosynthesis I (from (5Z)-dodec-5-enoate)"
620.112505644011,0.126206951238687,1.24463554924024,0.101400728362393,0.919232358306039,0.996309178820003,"HOMOSER-METSYN-PWY: L-methionine biosynthesis I"
1154.38914115486,0.133205207673772,1.40192009895726,0.0950162621770314,0.924301910010981,0.996309178820003,"P161-PWY: acetylene degradation (anaerobic)"
3259.99918388368,0.0788013856538685,0.830568864088614,0.094876402259959,0.924413000220863,0.996309178820003,"PWY-8187: L-arginine degradation XIII (reductive Stickland reaction)"
16925.6657231974,-0.0188184796675085,0.202339329545335,-0.0930045567996811,0.925899941113348,0.996309178820003,"PWY-5188: tetrapyrrole biosynthesis I (from glutamate)"
1315.92470639676,0.108949266374141,1.17187909538455,0.0929697157353842,0.925927620335895,0.996309178820003,"PWY-7391: isoprene biosynthesis II (engineered)"
1385.41467441804,0.106140033430721,1.16591640768862,0.0910357146796998,0.927464212656692,0.996309178820003,"PWY-922: mevalonate pathway I (eukaryotes and bacteria)"
1187.74885644916,0.113054303820658,1.26525492738283,0.089352984425447,0.92880138694265,0.996309178820003,"METSYN-PWY: L-homoserine and L-methionine biosynthesis"
1351.85911184536,0.102776387145414,1.16721327137782,0.088052791778227,0.929834717276353,0.996309178820003,"PWY-5910: superpathway of geranylgeranyldiphosphate biosynthesis I (via mevalonate)"
7010.93814993102,0.0442013602226045,0.507499117890164,0.0870964276871331,0.930594864889598,0.996309178820003,"PWY-7357: thiamine phosphate formation from pyrithiamine and oxythiamine (yeast)"
308.848711569565,0.14916899970198,1.72263219445711,0.0865936444134498,0.930994517947934,0.996309178820003,"FUC-RHAMCAT-PWY: superpathway of fucose and rhamnose degradation"
3329.42996518107,0.0954723511549634,1.10278282529015,0.0865740279640677,0.931010111051469,0.996309178820003,"PWY0-862: (5Z)-dodecenoate biosynthesis I"
20336.11869453,-0.0095458909458506,0.11226710551171,-0.0850283874545508,0.932238822501457,0.996309178820003,"COA-PWY: coenzyme A biosynthesis I"
1787.69505873913,0.117681260735144,1.39845167158062,0.0841511102075717,0.932936288647398,0.996309178820003,"TCA: TCA cycle I (prokaryotic)"
1389.25040376663,0.095495105952912,1.16652627502163,0.0818627989765096,0.934755817226836,0.996309178820003,"PWY-6859: all-trans-farnesol biosynthesis"
239.201804083867,0.094030296370794,1.15362646040496,0.0815084428089367,0.935037610830833,0.996309178820003,"FASYN-INITIAL-PWY: superpathway of fatty acid biosynthesis initiation (E. coli)"
71.7741320277426,0.167631250806593,2.06217592075849,0.0812885307791472,0.935212494917108,0.996309178820003,"HEME-BIOSYNTHESIS-II: heme biosynthesis I (aerobic)"
284.2499788629,0.0900414580163851,1.14615047505185,0.0785598924192843,0.93738269011141,0.996309178820003,"PWY0-862: (5Z)-dodec-5-enoate biosynthesis"
816.084476693077,0.0761377732986667,0.987296607538747,0.0771174262296639,0.938530130156304,0.996309178820003,"PWY-5505: L-glutamate and L-glutamine biosynthesis"
65.2552231101062,-0.227419801204426,2.95338299682148,-0.0770031524692809,0.938621037108422,0.996309178820003,"PWY-5918: superpathay of heme biosynthesis from glutamate"
3678.8074739112,0.0844155760071021,1.10102108787067,0.0766702626653213,0.93888586184059,0.996309178820003,"PWY-6284: superpathway of unsaturated fatty acids biosynthesis (E. coli)"
339.316688951637,0.0870407902387463,1.13897172392692,0.0764205014138974,0.939084559528673,0.996309178820003,"PWYG-321: mycolate biosynthesis"
249.559934781086,0.174771062800548,2.28989131890746,0.0763228636038213,0.939162236368928,0.996309178820003,"PWY-5005: biotin biosynthesis II"
2928.402055651,0.081692351558663,1.11177937413839,0.0734789234797356,0.941425015356974,0.996309178820003,"PWY0-1477: ethanolamine utilization"
30921.128129679,0.0104345733264873,0.144639325666154,0.0721420213930722,0.942488885090639,0.996309178820003,"PANTO-PWY: phosphopantothenate biosynthesis I"
26.5402445904594,0.210226069766318,2.95343973276087,0.0711800777359351,0.943254436856551,0.996309178820003,"PWY-1861: formaldehyde assimilation II (assimilatory RuMP Cycle)"
3100.24837272046,0.0774856245318363,1.11808719210893,0.0693019516534159,0.944749272280038,0.996309178820003,"PWY-5367: petroselinate biosynthesis"
42.2414311707276,-0.132073368935881,2.15025993003997,-0.0614220481397455,0.951023093632067,0.996309178820003,"GLYOXYLATE-BYPASS: glyoxylate cycle"
1850.34005608012,0.0347182820884252,0.568727211044222,0.0610455793466961,0.951322909648604,0.996309178820003,"PWY-4041: &gamma;-glutamyl cycle"
2068.85706199972,-0.049370437343495,0.826779141962012,-0.0597141785971221,0.952383278999904,0.996309178820003,"PWY-1269: CMP-3-deoxy-D-manno-octulosonate biosynthesis I"
61.3880183863524,0.095745229437561,1.8172082487705,0.0526880887219947,0.957980429666856,0.996309178820003,"PWY-5675: nitrate reduction V (assimilatory)"
364.514535562932,0.0720495274955822,1.4356270064641,0.0501868014262546,0.959973529236428,0.996309178820003,"PWY0-301: L-ascorbate degradation I (bacterial, anaerobic)"
2814.5677824443,0.0394639390820965,0.82145691727528,0.0480413984618887,0.961683249477711,0.996309178820003,"PWY-5989: stearate biosynthesis II (bacteria and plants)"
1153.88975953508,-0.05084653502087,1.07849749062075,-0.047145714721695,0.962397092743701,0.996309178820003,"PWY-5690: TCA cycle II (plants and fungi)"
2285.75144033058,0.054508744031884,1.16245795149964,0.0468909382585103,0.962600150373399,0.996309178820003,"PWY-7858: (5Z)-dodecenoate biosynthesis II"
5236.26700344245,-0.0217589513745684,0.536981786207295,-0.040520836895143,0.967677895242377,0.996309178820003,"SER-GLYSYN-PWY: superpathway of L-serine and glycine biosynthesis I"
14.5837166370026,0.111207180171254,2.95382728246449,0.037648504647323,0.969967934196699,0.996309178820003,"PWY-7013: L-1,2-propanediol degradation"
33778.9375523898,-0.0025775564002748,0.0705262625307757,-0.036547469095644,0.970845829105966,0.996309178820003,"PWY-5686: UMP biosynthesis"
76.6985941765329,-0.097576131894951,2.79805606965369,-0.0348728293736543,0.972181146449434,0.996309178820003,"P4-PWY: superpathway of L-lysine, L-threonine and L-methionine biosynthesis I"
25053.0429053116,0.0169529075793757,0.491984588434315,0.0344582086063435,0.972511767242993,0.996309178820003,"PWY-7229: superpathway of adenosine nucleotides de novo biosynthesis I"
1208.97307766916,0.0401623126594817,1.27134578384702,0.0315903927709996,0.974798705025652,0.996309178820003,"MET-SAM-PWY: superpathway of S-adenosyl-L-methionine biosynthesis"
2837.66009026577,0.033198148594893,1.14117942963039,0.0290910857073944,0.976791945365568,0.996309178820003,"METH-ACETATE-PWY: methanogenesis from acetate"
76.5722716677971,0.0740230734522011,2.79727551942794,0.0264625607803337,0.978888395303264,0.996309178820003,"PWY0-781: aspartate superpathway"
22217.0247042064,-0.00314783435018268,0.173409727291603,-0.0181525823224976,0.985517130220688,0.996309178820003,"PWY66-400: glycolysis VI (metazoan)"
327.783717935851,-0.0215897365736481,1.44780354691233,-0.0149120622198306,0.988102336733136,0.996309178820003,"PWY-5913: partial TCA cycle (obligate autotrophs)"
5723.7675403578,0.0037670567744057,0.266117712560166,0.0141556033161604,0.988705839855827,0.996309178820003,"THISYNARA-PWY: superpathway of thiamin diphosphate biosynthesis III (eukaryotes)"
20889.0426834175,-0.00594235574246849,0.497334992431427,-0.0119483966197851,0.990466785644855,0.996309178820003,"PWY-6126: superpathway of adenosine nucleotides de novo biosynthesis II"
6831.36850345387,-0.00501730798592564,0.521330758419993,-0.00962403983438783,0.992321245740885,0.996309178820003,"PWY0-1586: peptidoglycan maturation (meso-diaminopimelate containing)"
58.7529310466666,0.0220439280608179,2.89494961045614,0.00761461546038607,0.993924474599989,0.996309178820003,"GOLPDLCAT-PWY: superpathway of glycerol degradation to 1,3-propanediol"
15616.6624789525,-0.000932250982703214,0.134658200443074,-0.00692309105301995,0.994476216660875,0.996309178820003,"PWY-3841: folate transformations II (plants)"
1561.80274064024,-0.00730658615383273,1.12365003276652,-0.00650254611379603,0.994811755412435,0.996309178820003,"PWY-5030: L-histidine degradation III"
26029.5284649145,0.000630652513546643,0.136334459118441,0.00462577486003567,0.996309178820003,0.996309178820003,"PWY-5667: CDP-diacylglycerol biosynthesis I"
26029.5284649145,0.000630652513546643,0.136334459118441,0.00462577486003567,0.996309178820003,0.996309178820003,"PWY0-1319: CDP-diacylglycerol biosynthesis II"
8025.10277026363,-3.07750257722673,1.54203941325294,-1.99573535590424,NA,NA,"DENOVOPURINE2-PWY: superpathway of purine nucleotides de novo biosynthesis II"
3021.30678265102,-2.90752063617409,1.32397823547571,-2.19604866474969,NA,NA,"PWY-5154: L-arginine biosynthesis III (via N-acetyl-L-citrulline)"
397.92670385441,4.72475157463124,2.14080771741703,2.20699483479621,NA,NA,"PWY-7282: 4-amino-2-methyl-5-phosphomethylpyrimidine biosynthesis (yeast)"
33.4220489185655,-9.26497154873992,2.9281046241954,-3.16415317683049,NA,NA,"PWY66-389: phytol degradation"
