Species,Abundance,OverallMean,C57BL.Mean,RAG1.Mean,Fold.Difference,p_Unadjusted,FDR,HigherIn
Bacteroides.sp.AM23.18,0.00227142857142857,17.0357142857143,21.6818181818182,0,1.27272727272727,0.00021837495535297,0.00309244242320543,C57BL
Alistipes.obesi,0.00672857142857143,50.4642857142857,64.2272727272727,0,1.27272727272727,0.000228257632950554,0.00309244242320543,C57BL
Bacteroides.sp.AM16.13,0.0010952380952381,8.21428571428571,10.4545454545455,0,1.27272727272727,0.000411882858036539,0.00359245419367703,C57BL
Prevotellaceae.bacterium.HUN156,0.00161904761904762,12.1428571428571,15.4545454545455,0,1.27272727272727,0.000746943733091478,0.00476259256364964,C57BL
Gemella.haemolysans,0.000747619047619048,5.60714285714286,7.13636363636364,0,1.27272727272727,0.00554734627146858,0.0206523424691317,C57BL
Anoxybacillus.tepidamans,0.000538095238095238,4.03571428571429,5.13636363636364,0,1.27272727272727,0.00859559243330945,0.0291441145797621,C57BL
Clostridium.ventriculi,0.000847619047619048,6.35714285714286,8.09090909090909,0,1.27272727272727,0.0130028095243284,0.0402947280098005,C57BL
Burkholderia.pseudomallei,0.00162857142857143,12.2142857142857,15.5454545454545,0,1.27272727272727,0.000221038520943314,0.00309244242320543,C57BL
Parabacteroides.sp.AF17.3,0.00166666666666667,12.5,15.9090909090909,0,1.27272727272727,0.000221931640410367,0.00309244242320543,C57BL
Parabacteroides.sp.D13,0.00596666666666667,44.75,56.9545454545455,0,1.27272727272727,0.000223276270152376,0.00309244242320543,C57BL
Prevotella.albensis,0.00175714285714286,13.1785714285714,16.7727272727273,0,1.27272727272727,0.000223725802433871,0.00309244242320543,C57BL
Butyricimonas.faecihominis,0.00326666666666667,24.5,31.1818181818182,0,1.27272727272727,0.000224626853882141,0.00309244242320543,C57BL
Bacteroides.massiliensis,0.00179047619047619,13.4285714285714,17.0909090909091,0,1.27272727272727,0.000225078374160081,0.00309244242320543,C57BL
Bacteroides.sp.3.1.40A,0.00224285714285714,16.8214285714286,21.4090909090909,0,1.27272727272727,0.000225530558214579,0.00309244242320543,C57BL
Bacteroides.sp.AM32.11AC,0.00276666666666667,20.75,26.4090909090909,0,1.27272727272727,0.000225530558214579,0.00309244242320543,C57BL
Bacteroides.sp.AF37.16AC,0.00226666666666667,17,21.6363636363636,0,1.27272727272727,0.000225983406601082,0.00309244242320543,C57BL
Turicimonas.muris,0.0054,40.5,51.5454545454545,0,1.27272727272727,0.000225983406601082,0.00309244242320543,C57BL
Bacteroides.sp.AF29.11,0.00245238095238095,18.3928571428571,23.4090909090909,0,1.27272727272727,0.000226891098591627,0.00309244242320543,C57BL
Bacteroides.sp.OF03.11BH,0.00358095238095238,26.8571428571429,34.1818181818182,0,1.27272727272727,0.000226891098591627,0.00309244242320543,C57BL
Alistipes.shahii,0.00311904761904762,23.3928571428571,29.7727272727273,0,1.27272727272727,0.000227345943306293,0.00309244242320543,C57BL
Bacteroides.sp.AF34.31BH,0.00380952380952381,28.5714285714286,36.3636363636364,0,1.27272727272727,0.000227345943306293,0.00309244242320543,C57BL
Bacteroides.sp.2.1.33B,0.00396190476190476,29.7142857142857,37.8181818181818,0,1.27272727272727,0.000227801454574211,0.00309244242320543,C57BL
Bacteroides.sp.AM44.19,0.00328571428571429,24.6428571428571,31.3636363636364,0,1.27272727272727,0.000227801454574211,0.00309244242320543,C57BL
Parolsenella.catena,0.00948095238095238,71.1071428571429,90.5,0,1.27272727272727,0.000227801454574211,0.00309244242320543,C57BL
Bacteroides.nordii,0.0036952380952381,27.7142857142857,35.2727272727273,0,1.27272727272727,0.000228257632950554,0.00309244242320543,C57BL
Bacteroides.sp.3.1.23,0.0065047619047619,48.7857142857143,62.0909090909091,0,1.27272727272727,0.000228257632950554,0.00309244242320543,C57BL
Bacteroides.uniformis.CAG.3,0.0098047619047619,73.5357142857143,93.5909090909091,0,1.27272727272727,0.000228714478990437,0.00309244242320543,C57BL
Parabacteroides.sp.AF14.59,0.00105238095238095,7.89285714285714,10.0454545454545,0,1.27272727272727,0.000391535739829467,0.00359245419367703,C57BL
Bacteroides.coprophilus,0.00132380952380952,9.92857142857143,12.6363636363636,0,1.27272727272727,0.00040805951567508,0.00359245419367703,C57BL
Bacteroides.caccae.CAG.21,0.00108571428571429,8.14285714285714,10.3636363636364,0,1.27272727272727,0.000414189023849204,0.00359245419367703,C57BL
Bacteroides.sp.D22,0.0012047619047619,9.03571428571429,11.5,0,1.27272727272727,0.000414189023849204,0.00359245419367703,C57BL
Paucibacter.toxinivorans,0.0038,28.5,36.2727272727273,0,1.27272727272727,0.000418828802593852,0.00359245419367703,C57BL
Eggerthella.sp.CAG.209,0.000961904761904762,7.21428571428571,9.18181818181818,0,1.27272727272727,0.000720358051018486,0.00473989018957826,C57BL
Amanita.inopinata,8e-04,6,7.63636363636364,0,1.27272727272727,0.000727886718719886,0.00474608489445862,C57BL
Gottschalkia.acidurici,0.000871428571428571,6.53571428571429,8.31818181818182,0,1.27272727272727,0.000734201629349216,0.00476259256364964,C57BL
Lactobacillus.apodemi,0.00462857142857143,34.7142857142857,44.1818181818182,0,1.27272727272727,0.000739280477789286,0.00476259256364964,C57BL
Olsenella.sp.HMSC062G07,0.00174761904761905,13.1071428571429,16.6818181818182,0,1.27272727272727,0.000746943733091478,0.00476259256364964,C57BL
Olsenella.umbonata,0.0015952380952381,11.9642857142857,15.2272727272727,0,1.27272727272727,0.00128056869601397,0.00666679684485574,C57BL
Olsenella.sp.oral.taxon.809,0.0019047619047619,14.2857142857143,18.1818181818182,0,1.27272727272727,0.00128874587268568,0.00666679684485574,C57BL
Prevotella.oris,0.00137619047619048,10.3214285714286,13.1363636363636,0,1.27272727272727,0.00128874587268568,0.00666679684485574,C57BL
Olsenella.sp.kh2p3,0.00263333333333333,19.75,25.1363636363636,0,1.27272727272727,0.00129079550292488,0.00666679684485574,C57BL
Olsenella.sp.SIT9,0.00211904761904762,15.8928571428571,20.2272727272727,0,1.27272727272727,0.00129079550292488,0.00666679684485574,C57BL
Atopobium.sp.oral.taxon.810,0.000995238095238095,7.46428571428571,9.5,0,1.27272727272727,0.00212911560762314,0.0100591986576556,C57BL
Asaccharospora.irregularis,0.00099047619047619,7.42857142857143,9.45454545454546,0,1.27272727272727,0.00216078187586374,0.0101093723477911,C57BL
Chryseobacterium.shandongense,0.00115238095238095,8.64285714285714,11,0,1.27272727272727,0.00216078187586374,0.0101093723477911,C57BL
Salinibacterium.sp.CGMCC.1.16371,0.00691904761904762,51.8928571428571,66.0454545454545,0,1.27272727272727,0.00217033875752,0.010121223785069,C57BL
Firmicutes.bacterium.AF36.3BH,0.00231904761904762,17.3928571428571,22.1363636363636,0,1.27272727272727,0.00352400798017136,0.0151584940281401,C57BL
Clostridium.novyi,0.000647619047619048,4.85714285714286,6.18181818181818,0,1.27272727272727,0.00551222662582209,0.0206523424691317,C57BL
Clostridium.sp.CAG.245.30.32,0.00069047619047619,5.17857142857143,6.59090909090909,0,1.27272727272727,0.00553328367262285,0.0206523424691317,C57BL
Bacteroides.sp.AR29,0.000838095238095238,6.28571428571429,8,0,1.27272727272727,0.00554031251556467,0.0206523424691317,C57BL
Clostridium.sp.CAG.921,0.00111428571428571,8.35714285714286,10.6363636363636,0,1.27272727272727,0.00558258873036372,0.0206523424691317,C57BL
Bacteroides.sp.A1C1,0.00145238095238095,10.8928571428571,13.8636363636364,0,1.27272727272727,0.00558965195497938,0.0206523424691317,C57BL
Turicibacter.sp.H121,0.00462857142857143,34.7142857142857,44.1818181818182,0,1.27272727272727,0.00559672008951862,0.0206523424691317,C57BL
Burkholderiales.bacterium.YL45,0.0214809523809524,161.107142857143,205.045454545455,0,1.27272727272727,0.00560379313353955,0.0206523424691317,C57BL
Metarhizium.robertsii,0.0052,39,49.6363636363636,0,1.27272727272727,0.00560379313353955,0.0206523424691317,C57BL
Bacteroides.sp.D20,0.00111428571428571,8.35714285714286,10.6363636363636,0,1.27272727272727,0.00858548992517573,0.0291441145797621,C57BL
Clostridium.mediterraneense,0.000904761904761905,6.78571428571429,8.63636363636364,0,1.27272727272727,0.00858548992517573,0.0291441145797621,C57BL
Firmicutes.bacterium.AM55.24TS,0.00102380952380952,7.67857142857143,9.77272727272727,0,1.27272727272727,0.00859559243330945,0.0291441145797621,C57BL
Bacteroides.sp.AF39.16AC,0.00137142857142857,10.2857142857143,13.0909090909091,0,1.27272727272727,0.00862593598994239,0.0291783421631619,C57BL
Deinococcus.aquatilis,0.000785714285714286,5.89285714285714,7.5,0,1.27272727272727,0.0129744680823096,0.0402935528159657,C57BL
Parabacteroides.sp.20.3,0.00181428571428571,13.6071428571429,17.3181818181818,0,1.27272727272727,0.000221931640410367,0.00309244242320543,C57BL
Pandoraea.thiooxydans,0.0014047619047619,10.5357142857143,13.4090909090909,0,1.27272727272727,0.000226436919874985,0.00309244242320543,C57BL
Bacteroides.sp.AM41.16,0.0134142857142857,100.607142857143,128.045454545455,0,1.27272727272727,0.000227801454574211,0.00309244242320543,C57BL
Mycolicibacterium.porcinum,0.00561904761904762,42.1428571428571,53.6363636363636,0,1.27272727272727,0.000416504332548737,0.00359245419367703,C57BL
Olsenella.phocaeensis,0.00109047619047619,8.17857142857143,10.4090909090909,0,1.27272727272727,0.002144912223236,0.0101007140970035,C57BL
Clostridium.septicum,0.00113809523809524,8.53571428571429,10.8636363636364,0,1.27272727272727,0.00555438493990634,0.0206523424691317,C57BL
Firmicutes.bacterium.CAG.41,0.00525238095238095,39.3928571428571,50.1363636363636,0,1.27272727272727,0.00559672008951862,0.0206523424691317,C57BL
Alistipes.sp.,2.63215714285714,19741.1785714286,25088.4545454545,134.5,1.26405596581606,5.30870096087487e-06,0.000546417006044335,C57BL
Mailhella.sp.,0.161571428571429,1211.78571428571,1540,8.33333333333333,1.26397485018175,0.00391872879680035,0.016314319426514,C57BL
Lactobacillus.murinus,3.23322857142857,24249.2142857143,30808.0454545455,200.166666666667,1.26222146529137,6.37044115304985e-05,0.00309244242320543,C57BL
Faecalibaculum.rodentium,1.46924761904762,11019.3571428571,13999.8181818182,91,1.26221684273424,0.000100865318256623,0.00309244242320543,C57BL
Lactobacillus.reuteri,2.49507142857143,18713.0357142857,23761.1818181818,203.166666666667,1.25890932455875,5.30870096087487e-06,0.000546417006044335,C57BL
Clostridium.celatum,0.00867619047619048,65.0714285714286,82.3181818181818,1.83333333333333,1.23686924126002,0.0041814247151617,0.0172717307462966,C57BL
Odoribacter.laneus,0.00703809523809524,52.7857142857143,66.7272727272727,1.66666666666667,1.23254192807643,0.000235180738947593,0.00309244242320543,C57BL
Libanicoccus.massiliensis,0.0113,84.75,107.090909090909,2.83333333333333,1.23017788504514,0.000331680903326135,0.00348079903129932,C57BL
Cronobacter.dublinensis,0.0211571428571429,158.678571428571,199.636363636364,8.5,1.20455056984429,0.000243689397312521,0.00309244242320543,C57BL
Lactobacillus.taiwanensis,0.692752380952381,5195.64285714286,6531.45454545455,297.666666666667,1.19981069719174,0.00264373307851569,0.011905060519191,C57BL
Firmicutes.bacterium.CAG.582,0.0019047619047619,14.2857142857143,17.9545454545455,0.833333333333333,1.19848484848485,0.0140907936171219,0.0427470181100476,C57BL
Alistipes.sp.CAG.29,0.00193333333333333,14.5,18.1818181818182,1,1.18495297805643,0.000401700356662682,0.00359245419367703,C57BL
Bacteroides.coprocola,0.00142857142857143,10.7142857142857,13.4090909090909,0.833333333333333,1.17373737373737,0.000724241951157554,0.00474378478008198,C57BL
Garciella.nitratireducens,0.00134285714285714,10.0714285714286,12.5909090909091,0.833333333333333,1.16741886954653,0.00099448885483105,0.00556348326147456,C57BL
Clostridium.taeniosporum,0.00079047619047619,5.92857142857143,7.40909090909091,0.5,1.16538882803943,0.00834037027334308,0.0288496249589444,C57BL
Allobaculum.stercoricanis,0.00458095238095238,34.3571428571429,42.9090909090909,3,1.16159516159516,0.000623990669149455,0.00436490560312798,C57BL
Pseudomonas.oryzae,0.00147619047619048,11.0714285714286,13.8181818181818,1,1.15777126099707,0.000321146336107264,0.00345352142037737,C57BL
Olsenella.sp.KH3B4,0.00351428571428571,26.3571428571429,32.8636363636364,2.5,1.1520078837152,0.000457281246979342,0.00370675281103458,C57BL
Olsenella.sp.GAM18,0.0166190476190476,124.642857142857,155.318181818182,12.1666666666667,1.14849353130155,0.000303498528368857,0.00328828104796634,C57BL
Azospirillum.sp.TSO35.2,0.00112380952380952,8.42857142857143,10.5,0.833333333333333,1.14689265536723,0.0139788726342978,0.0424969524599644,C57BL
Bacteroidales.bacterium.Phil12,0.00269047619047619,20.1785714285714,25.1363636363636,2,1.14658085277554,0.00101555721504581,0.00565026234316991,C57BL
Parabacteroides.bouchesdurhonensis,0.00217619047619048,16.3214285714286,20.3181818181818,1.66666666666667,1.14276241628539,0.000356977366903458,0.00348079903129932,C57BL
Prevotella.timonensis,0.00257619047619048,19.3214285714286,24.0454545454545,2,1.14098470845236,0.000287596624530857,0.00328828104796634,C57BL
Bacteroidales.bacterium.M13,1.21822380952381,9136.67857142857,11365.2272727273,965.333333333333,1.13825761277359,0.000100865318256623,0.00309244242320543,C57BL
Trichosporon.faecale,0.00181428571428571,13.6071428571429,16.9090909090909,1.5,1.13242662848962,0.000669409983284476,0.00457165775314185,C57BL
Bacteroides.sp.CAG.754,0.164661904761905,1234.96428571429,1533.5,140.333333333333,1.12810279842293,1.06174019217497e-05,0.000899980951131846,C57BL
Clostridium.sp.AF36.4,0.00209047619047619,15.6785714285714,19.4545454545455,1.83333333333333,1.12390418996342,0.0059606708629864,0.0219115477386822,C57BL
Bacteroides.clarus,0.0349238095238095,261.928571428571,324.636363636364,32,1.11723727595012,0.000244648463737279,0.00309244242320543,C57BL
Bacteroidales.bacterium.M10,4.19971904761905,31497.8928571429,39034.1363636364,3865,1.11655520968162,0.0142697881828317,0.0431990856543286,C57BL
Prevotella.bryantii,0.00216190476190476,16.2142857142857,20.0909090909091,2,1.115738886664,0.000827954481448993,0.00494532029188354,C57BL
Olsenella.urininfantis,0.00730952380952381,54.8214285714286,67.9090909090909,6.83333333333333,1.11408548020926,0.000514224608906351,0.00394147692252155,C57BL
Clostridium.sp.CAG.1219,0.000880952380952381,6.60714285714286,8.18181818181818,0.833333333333333,1.11220311220311,0.0164275856393106,0.0480165332783905,C57BL
Burkholderia.cenocepacia,0.00170952380952381,12.8214285714286,15.8636363636364,1.66666666666667,1.10728454461045,0.000537404819381285,0.00407579128804438,C57BL
Rubellimicrobium.thermophilum,0.00811428571428571,60.8571428571429,75.2727272727273,8,1.10542040119505,0.000244648463737279,0.00309244242320543,C57BL
Lachnospiraceae.bacterium.3.1.46FAA,0.00576190476190476,43.2142857142857,53.4090909090909,5.83333333333333,1.10092662158778,0.00464105970232581,0.0185519301860004,C57BL
Ammoniphilus.sp.CFH.90114,0.00113333333333333,8.5,10.5,1.16666666666667,1.09803921568627,0.000597452088641529,0.00424102689523371,C57BL
Phoenicibacter.congonensis,0.00196666666666667,14.75,18.1818181818182,2.16666666666667,1.08577298407807,0.00342134677248516,0.0148052873848382,C57BL
Clostridium.sp.CAG.356,0.00166190476190476,12.4642857142857,15.3636363636364,1.83333333333333,1.08552574455153,0.0126225378859645,0.039511773124119,C57BL
Bacteroides.sp.AM16.15,0.00646190476190476,48.4642857142857,59.7272727272727,7.16666666666667,1.08452245371921,0.000242255940901783,0.00309244242320543,C57BL
Clostridium.sp.USBA.49,0.0011952380952381,8.96428571428571,11.0454545454545,1.33333333333333,1.08342388023663,0.0135805492032585,0.0418737447891646,C57BL
Clostridium.sp.DSM.8431,0.00103809523809524,7.78571428571429,9.59090909090909,1.16666666666667,1.08201278843481,0.01365232215935,0.0418737447891646,C57BL
Bacteroides.sp.3.1.13,0.00299047619047619,22.4285714285714,27.5909090909091,3.5,1.07411696583671,0.00377283561537429,0.0160373336924907,C57BL
Parabacteroides.sp.TM07.1AC,0.0024047619047619,18.0357142857143,22.1818181818182,2.83333333333333,1.07278727872787,0.000236583551815459,0.00309244242320543,C57BL
Prevotella.disiens,0.00248095238095238,18.6071428571429,22.8636363636364,3,1.06752748211481,0.000367147581890999,0.00348079903129932,C57BL
Alistipes.sp.Zagget8,0.0299857142857143,224.892857142857,275.909090909091,37.8333333333333,1.05861858220124,0.00037682487778119,0.00348079903129932,C57BL
uncultured.Olsenella.sp.,0.0368809523809524,276.607142857143,339.136363636364,47.3333333333333,1.05493671381341,6.37044115304985e-05,0.00309244242320543,C57BL
Butyricimonas.virosa,0.011447619047619,85.8571428571429,105.090909090909,15.3333333333333,1.04542933494681,0.00037682487778119,0.00348079903129932,C57BL
Candidatus.Stoquefichus.massiliensis,0.00587142857142857,44.0357142857143,53.8181818181818,8.16666666666667,1.03669296370026,0.000858577262744608,0.00494532029188354,C57BL
Clostridium.hydrogeniformans,0.00119047619047619,8.92857142857143,10.9090909090909,1.66666666666667,1.03515151515152,0.00343472377387392,0.0148186735274021,C57BL
Paeniclostridium.sordellii,0.00197142857142857,14.7857142857143,18.0454545454545,2.83333333333333,1.02883911579564,0.00725382997647043,0.0254945585270583,C57BL
Bacteroidales.bacterium.M1,1.04031428571429,7802.35714285714,9520.81818181818,1501.33333333333,1.02782847563271,5.30870096087487e-06,0.000546417006044335,C57BL
Olsenella.sp.Marseille.P2300,0.0124380952380952,93.2857142857143,113.772727272727,18.1666666666667,1.02487354401596,0.00227133134064138,0.010324884737742,C57BL
Alistipes.sp.CHKCI003,0.0224142857142857,168.107142857143,204.909090909091,33.1666666666667,1.02162478835519,0.000573578173998166,0.00409171360758098,C57BL
Enterococcus.termitis,0.000780952380952381,5.85714285714286,7.13636363636364,1.16666666666667,1.01921655580192,0.0159388426508776,0.0468732086937033,C57BL
Collinsella.vaginalis,0.00740952380952381,55.5714285714286,67.6818181818182,11.1666666666667,1.01698216094103,0.000704522034323834,0.00465695528192956,C57BL
Alistipes.sp.AL.1,0.00252857142857143,18.9642857142857,23.0909090909091,3.83333333333333,1.01546538834674,0.00152031698496216,0.00760686380323081,C57BL
Enorma.phocaeensis,0.0037047619047619,27.7857142857143,33.7727272727273,5.83333333333333,1.00553088727896,0.000374736035991934,0.00348079903129932,C57BL
Flavobacterium.anhuiense,0.00194285714285714,14.5714285714286,17.6818181818182,3.16666666666667,0.996137849079026,0.00219312650087143,0.0101945009282443,C57BL
Bacillus.alkalitelluris,0.0014047619047619,10.5357142857143,12.7727272727273,2.33333333333333,0.990857729840781,0.00263507741040031,0.0119032807159462,C57BL
Bacteroides.sp.4.1.36,0.00239047619047619,17.9285714285714,21.7272727272727,4,0.988772183991308,0.00203040165538639,0.00962437100464405,C57BL
Faecalicoccus.pleomorphus,0.00487619047619048,36.5714285714286,44.3181818181818,8.16666666666667,0.988517992424243,0.00226185667590517,0.010324884737742,C57BL
Bacteroides.sp.HMSC067B03,0.00126190476190476,9.46428571428571,11.4545454545455,2.16666666666667,0.981360777587193,0.00527950547278342,0.0204269134913732,C57BL
Collinsella.stercoris,0.00546666666666667,41,49.4545454545455,10,0.962305986696231,0.000692680776533598,0.00464257208830193,C57BL
Bacteroides.sp.Phil13,0.00321904761904762,24.1428571428571,29.0909090909091,6,0.956428187197418,0.00167882019765968,0.008172905083877,C57BL
Coprobacillus.cateniformis,0.00258571428571429,19.3928571428571,23.3636363636364,4.83333333333333,0.955522071544171,0.00540642655239013,0.0206523424691317,C57BL
Bacteroides.faecis,0.00287619047619048,21.5714285714286,25.9545454545455,5.5,0.948223961468994,0.0124524565005382,0.0393508548624462,C57BL
Solobacterium.moorei,0.00121904761904762,9.14285714285714,11,2.33333333333333,0.947916666666667,0.00962542607507355,0.0319590759773755,C57BL
Alistipes.timonensis,0.0199666666666667,149.75,180.090909090909,38.5,0.945515252693884,0.000477783086478739,0.00378288696492232,C57BL
Erysipelotrichaceae.bacterium.21.3,0.00129047619047619,9.67857142857143,11.6363636363636,2.5,0.943978530694398,0.00954553670187364,0.0317670170609698,C57BL
Bacillus.foraminis,0.000852380952380952,6.39285714285714,7.68181818181818,1.66666666666667,0.940917555442695,0.0107815765102651,0.0348707497376098,C57BL
Enterococcus.faecium,0.00201904761904762,15.1428571428571,18.1818181818182,4,0.936535162950257,0.0145562959451634,0.0439740512724957,C57BL
Candidatus.Melainabacteria.bacterium,0.0018952380952381,14.2142857142857,17.0454545454545,3.83333333333333,0.929495964671844,0.00540642655239013,0.0206523424691317,C57BL
Olsenella.provencensis,0.0126809523809524,95.1071428571429,113.636363636364,27.1666666666667,0.90918194335393,0.00468059757015378,0.0185519301860004,C57BL
Bacteroides.vulgatus,0.159561904761905,1196.71428571429,1424.81818181818,360.333333333333,0.889506259925264,5.30870096087487e-06,0.000546417006044335,C57BL
Bacteroidales.bacterium,3.54304285714286,26572.8214285714,31615.3636363636,8083.5,0.885561350706323,5.30870096087487e-06,0.000546417006044335,C57BL
Collinsella.intestinalis,0.00605238095238095,45.3928571428571,54,13.8333333333333,0.884867558353003,0.000778649796123439,0.00481559809533852,C57BL
Candidatus.Stoquefichus.sp.SB1,0.00602380952380952,45.1785714285714,53.6363636363636,14.1666666666667,0.873637561384597,0.00843807615482975,0.0289506374740707,C57BL
Collinsella.provencensis,0.00300476190476191,22.5357142857143,26.7272727272727,7.16666666666667,0.867982519329587,0.00712020998034162,0.0251476043668438,C57BL
Bdellovibrio.bacteriovorus,0.00214285714285714,16.0714285714286,19.0454545454545,5.16666666666667,0.863569023569024,0.00134849551421014,0.00693993584277432,C57BL
Bacteroides.pyogenes,0.0294857142857143,221.142857142857,261.954545454545,71.5,0.861228564716937,0.000159261028826246,0.00309244242320543,C57BL
Bacteroides.sp.CAG.1076,0.00177142857142857,13.2857142857143,15.7272727272727,4.33333333333333,0.857608341479309,0.00704946260940287,0.0250979033516923,C57BL
Parabacteroides.goldsteinii,0.0320619047619048,240.464285714286,283.318181818182,83.3333333333333,0.831661333369339,0.000465594905480402,0.00370675281103458,C57BL
Cronobacter.sakazakii,0.0119904761904762,89.9285714285714,105.954545454545,31.1666666666667,0.83163645991287,0.000243210893298433,0.00309244242320543,C57BL
Coriobacteriaceae.bacterium,0.0081047619047619,60.7857142857143,71.5454545454545,21.3333333333333,0.826051347790478,0.00155247148054373,0.00766134042282024,C57BL
Clostridium.sp.AF23.8,0.00257142857142857,19.2857142857143,22.6818181818182,6.83333333333333,0.821773288439955,0.0124282890740422,0.0393508548624462,C57BL
Nonomuraea.solani,0.00118095238095238,8.85714285714286,10.4090909090909,3.16666666666667,0.817693059628543,0.0152861735145392,0.0455111075091964,C57BL
Clostridium.sp.26.22,0.00593809523809524,44.5357142857143,52.2727272727273,16.1666666666667,0.810721489149717,0.00272959128982885,0.0120609749931544,C57BL
Bacteroides.eggerthii,0.00986190476190476,73.9642857142857,86.7727272727273,27,0.808129581668935,0.000270220316381308,0.00328828104796634,C57BL
Bacteroides.thetaiotaomicron,0.0845904761904762,634.428571428571,743.454545454545,234.666666666667,0.801962429974139,0.000233582842278494,0.00309244242320543,C57BL
Muribaculum.intestinale,3.66909047619048,27518.1785714286,32190.5,10386.3333333333,0.792355010345975,6.37044115304985e-05,0.00309244242320543,C57BL
Olsenella.sp.Marseille.P4559,0.00476666666666667,35.75,41.6818181818182,14,0.774316592498411,0.0171965095955672,0.0495712448161061,C57BL
Prevotella.pallens,0.00249047619047619,18.6785714285714,21.7727272727273,7.33333333333333,0.773045947042123,0.00980637502951759,0.0324105193062726,C57BL
Bacteroides.bouchesdurhonensis,0.00869047619047619,65.1785714285714,75.8181818181818,26.1666666666667,0.761776670817767,0.000857168939003246,0.00494532029188354,C57BL
Dorea.sp.AF36.15AT,0.00237142857142857,17.7857142857143,20.6818181818182,7.16666666666667,0.759888036996471,0.0158293661823451,0.0468732086937033,C57BL
Lactobacillus.delbrueckii,0.00185238095238095,13.8928571428571,16.1363636363636,5.66666666666667,0.753602866713406,0.00541281643651647,0.0206523424691317,C57BL
Oscillospiraceae.bacterium.Zagget12,0.00700952380952381,52.5714285714286,61.0454545454545,21.5,0.752223320158103,0.00779213875063295,0.0271806684932069,C57BL
Bacteroides.uniformis,0.18487619047619,1386.57142857143,1608.90909090909,571.333333333333,0.748303142698362,0.000233582842278494,0.00309244242320543,C57BL
Clostridium.sp.CAG.440,0.00709523809523809,53.2142857142857,61.7272727272727,22,0.746552776082977,0.012683122351521,0.039511773124119,C57BL
Bacteroides.intestinalis,0.013,97.5,113.090909090909,40.3333333333333,0.746231546231546,1.06174019217497e-05,0.000899980951131846,C57BL
Bacillus.thermoamylovorans,0.00134285714285714,10.0714285714286,11.6818181818182,4.16666666666667,0.746185256823555,0.0114541878727388,0.0368425998317334,C57BL
Clostridium.sp.CAG.452,0.00706666666666667,53,61.2727272727273,22.6666666666667,0.7284162378502,0.0172881945051516,0.0495712448161061,C57BL
Bacteroides.sp.OM08.11,0.00607142857142857,45.5357142857143,52.6363636363636,19.5,0.727700534759358,0.000776059291050838,0.00481559809533852,C57BL
Capronia.epimyces,0.00301904761904762,22.6428571428571,26.0909090909091,10,0.710639518210496,0.00991776874539988,0.032554680551529,C57BL
Clostridium.sp.CAG.492,0.00411904761904762,30.8928571428571,35.4090909090909,14.3333333333333,0.68222105447539,0.0136931334969681,0.0418737447891646,C57BL
Bacteroides.xylanisolvens,0.0262380952380952,196.785714285714,223.409090909091,99.1666666666667,0.631358961667492,0.0126953164167017,0.039511773124119,C57BL
Gabonibacter.massiliensis,0.00992380952380952,74.4285714285714,84.3636363636364,38,0.622927935787821,0.000859987151969224,0.00494532029188354,C57BL
Bacteroides.caecimuris,1.09101428571429,8182.60714285714,9225.09090909091,4360.16666666667,0.594544520773063,0.00653501088283697,0.0236811238062554,C57BL
Collinsella.tanakaei,0.00614761904761905,46.1071428571429,51.7727272727273,25.3333333333333,0.573433795742084,0.0159303117509596,0.0468732086937033,C57BL
Clostridium.perfringens,0.00394761904761905,29.6071428571429,33.2272727272727,16.3333333333333,0.570603501845963,0.00421866543656146,0.0172717307462966,C57BL
Alistipes.putredinis,0.0177809523809524,133.357142857143,149.636363636364,73.6666666666667,0.569671000308386,0.0118649466475553,0.03774257862942,C57BL
Parabacteroides.distasonis,0.0462428571428571,346.821428571429,381.545454545455,219.5,0.467230226266371,0.0117401141453325,0.0375944544076093,C57BL
Clostridium.sp.CAG.1024,0.00248571428571429,18.6428571428571,17,24.6666666666667,-0.411238825031929,0.0169681811712404,0.0494962531735981,RAG1
Pseudomonas.chlororaphis,0.00235238095238095,17.6428571428571,16.0454545454545,23.5,-0.422524843577475,0.00834857294092977,0.0288496249589444,RAG1
Adlercreutzia.equolifaciens,0.0268904761904762,201.678571428571,181.727272727273,274.833333333333,-0.46165569275185,0.0148561966518517,0.0443225245865804,RAG1
uncultured.proteobacterium,0.0042,31.5,28.1363636363636,43.8333333333333,-0.498316498316498,0.0107305236258542,0.0348258660920177,RAG1
Caproiciproducens.sp.NJN.50,0.00820952380952381,61.5714285714286,54.2727272727273,88.3333333333333,-0.553188497504043,0.000769608751121126,0.00481559809533852,RAG1
Anaerotruncus.massiliensis,0.00829047619047619,62.1785714285714,54.5454545454545,90.1666666666667,-0.572885663063722,0.0148425068873906,0.0443225245865804,RAG1
Clostridiaceae.bacterium.JG1575,0.00173333333333333,13,11.3636363636364,19,-0.587412587412587,0.0134360252343747,0.0415478806067252,RAG1
Proteobacteria.bacterium,0.00398571428571429,29.8928571428571,26.0909090909091,43.8333333333333,-0.593533905361862,0.00322446023831835,0.0140801430406568,RAG1
Firmicutes.bacterium.CAG.170,0.00589047619047619,44.1785714285714,38.5,65,-0.59983831851253,0.00918940080110008,0.0307484525426724,RAG1
Rhizoctonia.solani,0.00181428571428571,13.6071428571429,11.7727272727273,20.3333333333333,-0.629125904716456,0.00504618342889887,0.0198134886131969,RAG1
Ruminococcus.sp.A254.MGS.254,0.0159047619047619,119.285714285714,102.909090909091,179.333333333333,-0.640682271819996,0.00556742456897999,0.0206523424691317,RAG1
Megasphaera.massiliensis,0.00155714285714286,11.6785714285714,10.0454545454545,17.6666666666667,-0.652580854415717,0.00635353575283508,0.0232371701011049,RAG1
Paenibacillus.sp.UNC496MF,0.00202380952380952,15.1785714285714,13.0454545454545,23,-0.655828877005348,0.0125129695497124,0.0394555560637541,RAG1
Clostridiales.bacterium.Firm.08,0.00388571428571429,29.1428571428571,25.0454545454545,44.1666666666667,-0.656120023767082,0.00357019294321417,0.0153114524737251,RAG1
Phormidesmis.priestleyi,0.00168095238095238,12.6071428571429,10.7727272727273,19.3333333333333,-0.679028242767619,0.00150666932496827,0.00760686380323081,RAG1
Coprococcus.comes,0.0200809523809524,150.607142857143,128.272727272727,232.5,-0.692047340849807,0.0137448169918632,0.0418737447891646,RAG1
Selenomonas.ruminantium,0.0223809523809524,167.857142857143,142.5,260.833333333333,-0.704964539007092,0.00141163680904783,0.00716256564027438,RAG1
Blautia.sp.N6H1.15,0.0256428571428571,192.321428571429,163.227272727273,299,-0.705967755549928,0.0126953164167017,0.039511773124119,RAG1
Listeria.monocytogenes,0.0056047619047619,42.0357142857143,35.6363636363636,65.5,-0.710434849772148,0.000463089717609662,0.00370675281103458,RAG1
Faecalibacterium.prausnitzii,0.0918238095238095,688.678571428571,583.454545454545,1074.5,-0.713025604276965,0.0126953164167017,0.039511773124119,RAG1
Prevotella.bivia,0.00399047619047619,29.9285714285714,25.3181818181818,46.8333333333333,-0.718883344181674,0.0106659218361791,0.0346943416838241,RAG1
Clostridiales.bacterium.36.14,0.0157714285714286,118.285714285714,99.4545454545455,187.333333333333,-0.74293661250183,0.0173034948941717,0.0495712448161061,RAG1
Pseudonocardiales.bacterium,0.00204761904761905,15.3571428571429,12.9090909090909,24.3333333333333,-0.743904157857646,0.00081428341423069,0.00494532029188354,RAG1
Clostridium.sp.AM32.2,0.00195714285714286,14.6785714285714,12.3181818181818,23.3333333333333,-0.750423947504239,0.0146650413048456,0.0442098839336455,RAG1
Blautia.sp.CAG.52,0.00208095238095238,15.6071428571429,13.0909090909091,24.8333333333333,-0.752375008667915,0.00383080611180215,0.0162358576679615,RAG1
Lachnospiraceae.bacterium.KH1T2,0.00223809523809524,16.7857142857143,14.0454545454545,26.8333333333333,-0.761831076724694,0.0159014422856485,0.0468732086937033,RAG1
Edhazardia.aedis,0.00187619047619048,14.0714285714286,11.7727272727273,22.5,-0.762344254730042,0.00449586767423801,0.0181981610072387,RAG1
Paenibacillus.sp.FSL.H7.0357,0.0019,14.25,11.9090909090909,22.8333333333333,-0.766613503455609,0.0171659927579831,0.0495712448161061,RAG1
Clostridiales.bacterium.Nov.37.41,0.00315714285714286,23.6785714285714,19.7727272727273,38,-0.769779240367476,0.0136544280265031,0.0418737447891646,RAG1
Lachnospiraceae.bacterium.AC3007,0.00785238095238095,58.8928571428571,49.1363636363636,94.6666666666667,-0.773103993237408,0.00392856963289408,0.016314319426514,RAG1
Butyrivibrio.sp.YAB3001,0.0045047619047619,33.7857142857143,28.1818181818182,54.3333333333333,-0.774040617592415,0.0160170536794296,0.0469965516956149,RAG1
Hydrogenoanaerobacterium.saccharovorans,0.0032047619047619,24.0357142857143,20.0454545454545,38.6666666666667,-0.77473096492413,0.00226185667590517,0.010324884737742,RAG1
bacterium,0.00354761904761905,26.6071428571429,22.1818181818182,42.8333333333333,-0.77616432784218,0.000844564352583903,0.00494532029188354,RAG1
Chloroflexi.bacterium,0.00699047619047619,52.4285714285714,43.6363636363636,84.6666666666667,-0.782594335727851,0.000463089717609662,0.00370675281103458,RAG1
Peptoanaerobacter.stomatis,0.0019952380952381,14.9642857142857,12.4090909090909,24.3333333333333,-0.796846749114052,0.0115910193734715,0.0371996857843485,RAG1
Asaccharobacter.celatus,0.0349142857142857,261.857142857143,217.045454545455,426.166666666667,-0.798608011373969,0.00273694574792608,0.0120609749931544,RAG1
Butyrivibrio.sp.WCD3002,0.00582857142857143,43.7142857142857,36.2272727272727,71.1666666666667,-0.799267181620123,0.0137318879601824,0.0418737447891646,RAG1
Acidaminococcus.fermentans,0.0041047619047619,30.7857142857143,25.5,50.1666666666667,-0.80123743232792,0.0155138943402418,0.046093859266574,RAG1
Clostridium.hathewayi.CAG.224,0.00287142857142857,21.5357142857143,17.8181818181818,35.1666666666667,-0.805568119000955,0.00388929227701098,0.016314319426514,RAG1
Lachnospiraceae.bacterium.2.1.46FAA,0.0129238095238095,96.9285714285714,79.9090909090909,159.333333333333,-0.819410017641411,0.00921813428066236,0.0307484525426724,RAG1
Mesorhizobium.sp.,0.00537619047619048,40.3214285714286,33.2272727272727,66.3333333333333,-0.821053761709209,0.000943049562100547,0.00531693616668537,RAG1
Firmicutes.bacterium.CAG.129,0.00195714285714286,14.6785714285714,12.0909090909091,24.1666666666667,-0.822679348226793,0.015843770243144,0.0468732086937033,RAG1
Anaerotruncus.colihominis,0.0270809523809524,203.107142857143,167.227272727273,334.666666666667,-0.824389490118346,0.00528746615703137,0.0204269134913732,RAG1
Oribacterium.asaccharolyticum,0.00626190476190476,46.9642857142857,38.6363636363636,77.5,-0.827514690632561,0.00990761659738648,0.032554680551529,RAG1
Ruminococcus.sp.CAG.579,0.00355238095238095,26.6428571428571,21.8636363636364,44.1666666666667,-0.837111056950199,0.00422913683096789,0.0172717307462966,RAG1
Firmicutes.bacterium.CAG.238,0.00213809523809524,16.0357142857143,13.1363636363636,26.6666666666667,-0.843760545319565,0.00268935682580783,0.0120609749931544,RAG1
Butyrivibrio.sp.Su6,0.00347619047619048,26.0714285714286,21.3181818181818,43.5,-0.850809464508095,0.00914161094515548,0.0307064367644966,RAG1
Prevotella.sp.CAG.1031,0.0837714285714286,628.285714285714,513.727272727273,1048.33333333333,-0.850896412970083,0.0170833996920953,0.0495315471957935,RAG1
Clostridium.aldenense,0.0200047619047619,150.035714285714,122.5,251,-0.856462746965008,0.016046012098711,0.0469965516956149,RAG1
Acetonema.longum,0.00201904761904762,15.1428571428571,12.3636363636364,25.3333333333333,-0.856489422527158,0.00547694469328921,0.0206523424691317,RAG1
Ruminococcus.sp.CAG.724,0.00227142857142857,17.0357142857143,13.9090909090909,28.5,-0.856489422527158,0.00707300374265318,0.0250979033516923,RAG1
Roseburia.sp.AM59.24XD,0.00641428571428572,48.1071428571429,39.2272727272727,80.6666666666667,-0.861397943803289,0.00998897604885481,0.0326397153886616,RAG1
Sorangium.cellulosum,0.00605238095238095,45.3928571428571,37,76.1666666666667,-0.862837660634671,0.000299465014843835,0.00328828104796634,RAG1
Catabacter.hongkongensis,0.0046,34.5,28.0909090909091,58,-0.866930171277997,0.000568593656541678,0.00409171360758098,RAG1
Tuber.calosporum,0.00175238095238095,13.1428571428571,10.6363636363636,22.3333333333333,-0.889986824769433,0.00769963328177732,0.0269955512385429,RAG1
Ruminococcus.sp.AF20.12LB,0.00164761904761905,12.3571428571429,10,21,-0.890173410404624,0.00419776739507609,0.0172717307462966,RAG1
Succiniclasticum.ruminis,0.00266666666666667,20,16.1363636363636,34.1666666666667,-0.901515151515151,0.00657352499826659,0.0236811238062554,RAG1
Blautia.sp.CAG.257,0.0370428571428571,277.821428571429,224.090909090909,474.833333333333,-0.902530900988286,0.0118649466475553,0.03774257862942,RAG1
Clostridiales.bacterium.Firm.04,0.00353333333333333,26.5,21.3181818181818,45.5,-0.912521440823328,0.000514224608906351,0.00394147692252155,RAG1
Clostridiales.bacterium.41.21.two.genomes,0.00396190476190476,29.7142857142857,23.8636363636364,51.1666666666667,-0.918851981351981,0.00552208254660062,0.0206523424691317,RAG1
Ruminococcus.gnavus,0.114461904761905,858.464285714286,687.863636363636,1484,-0.927396022041777,0.0148561966518517,0.0443225245865804,RAG1
Flavobacterium.sp.,0.00165714285714286,12.4285714285714,9.95454545454546,21.5,-0.928944618599791,0.000653444537899486,0.00454885787011188,RAG1
Dendrothele.bispora,0.00351904761904762,26.3928571428571,21.1363636363636,45.6666666666667,-0.92942961413868,0.00104023512925719,0.00572129321091453,RAG1
Rhizobiales.bacterium,0.0315380952380952,236.535714285714,188.727272727273,411.833333333333,-0.943223568921893,0.000244648463737279,0.00309244242320543,RAG1
Clostridium.leptum,0.00556666666666667,41.75,33.2272727272727,73,-0.95264017419706,0.00461855189809313,0.0185519301860004,RAG1
Azospirillum.brasilense,0.00263809523809524,19.7857142857143,15.7272727272727,34.6666666666667,-0.957225686467564,0.000370583148181188,0.00348079903129932,RAG1
Clostridium.asparagiforme,0.0420333333333333,315.25,250.090909090909,554.166666666667,-0.964554345997645,0.00188467254984987,0.00899275875607173,RAG1
Aquanectria.penicillioides,0.00208095238095238,15.6071428571429,12.3181818181818,27.6666666666667,-0.983426946813674,0.00912252977809061,0.0307064367644966,RAG1
Ruminococcaceae.bacterium,0.0144761904761905,108.571428571429,85.4545454545455,193.333333333333,-0.993620414673046,0.000516964638917381,0.00394151346391505,RAG1
Parabacteroides.merdae,0.0159333333333333,119.5,93.9090909090909,213.333333333333,-0.99936604539115,0.010816950126795,0.0348707497376098,RAG1
Prevotella.sp.Marseille.P4334,0.00235238095238095,17.6428571428571,13.8636363636364,31.5,-0.999631947000368,0.00647036417191692,0.0236045437259045,RAG1
Firmicutes.bacterium.CAG.137,0.0091047619047619,68.2857142857143,53.2727272727273,123.333333333333,-1.02599213896285,0.00115929413217992,0.00627630516676829,RAG1
Enterorhabdus.caecimuris,0.404380952380952,3032.85714285714,2359.09090909091,5503.33333333333,-1.03672618792732,0.0012050751181186,0.00643153053781073,RAG1
Bacteroidales.bacterium.M2,0.262595238095238,1969.46428571429,1530.63636363636,3578.5,-1.03980744978116,0.0118649466475553,0.03774257862942,RAG1
Prevotella.sp.CAG.279,0.016252380952381,121.892857142857,94.6363636363636,221.833333333333,-1.04351454776301,0.0108061286641624,0.0348707497376098,RAG1
Clostridium.clostridioforme.CAG.132,0.00344285714285714,25.8214285714286,20.0454545454545,47,-1.04388281151767,0.00708872079398943,0.0250979033516923,RAG1
Bifidobacterium.adolescentis,0.00274761904761905,20.6071428571429,15.9545454545455,37.6666666666667,-1.05362113334384,0.0123318357159377,0.0391413552129212,RAG1
Clostridium.sp.A254.MGS.251,0.00726190476190476,54.4642857142857,42.1363636363636,99.6666666666667,-1.05629408842524,0.00105355882284304,0.00575067524135158,RAG1
Sphingomonadales.bacterium,0.00141904761904762,10.6428571428571,8.22727272727273,19.5,-1.05918242830995,0.000668260775639873,0.00457165775314185,RAG1
Streptomyces.specialis,0.00134285714285714,10.0714285714286,7.77272727272727,18.5,-1.06511927788524,0.00124559286161784,0.00662324469959894,RAG1
Eubacterium.sp.CAG.180,0.00344761904761905,25.8571428571429,19.9545454545455,47.5,-1.0652938221999,0.00717549266035607,0.0252808922336751,RAG1
Clostridium.sp.CAG.169,0.0058047619047619,43.5357142857143,33.5909090909091,80,-1.06600044746066,0.00051240358265966,0.00394147692252155,RAG1
Pseudobutyrivibrio.sp.YE44,0.00274285714285714,20.5714285714286,15.8636363636364,37.8333333333333,-1.06797138047138,0.00655134565371149,0.0236811238062554,RAG1
Clostridium.sp.CAG.413,0.00306190476190476,22.9642857142857,17.6818181818182,42.3333333333333,-1.0734718884019,0.000845958619582376,0.00494532029188354,RAG1
Lachnospiraceae.bacterium.OF09.6,0.0052047619047619,39.0357142857143,29.9545454545455,72.3333333333333,-1.08564140952064,0.00187925237463641,0.00899275875607173,RAG1
Gemmiger.formicilis,0.0031047619047619,23.2857142857143,17.8636363636364,43.1666666666667,-1.08663320319762,0.00082658041438909,0.00494532029188354,RAG1
Clostridiales.bacterium.DTU064,0.00198095238095238,14.8571428571429,11.3636363636364,27.6666666666667,-1.09731934731935,0.000561666095621273,0.00409171360758098,RAG1
Christensenella.minuta,0.00438095238095238,32.8571428571429,25.0909090909091,61.3333333333333,-1.1030303030303,0.000370583148181188,0.00348079903129932,RAG1
Clostridium.sp.CAG.230,0.00220952380952381,16.5714285714286,12.6363636363636,31,-1.10815047021944,0.00426064051014028,0.0173159659607426,RAG1
Firmicutes.bacterium.CAG.176.63.11,0.0107142857142857,80.3571428571429,61.2272727272727,150.5,-1.11094949494949,0.012683122351521,0.039511773124119,RAG1
Firmicutes.bacterium.CAG.103,0.00335714285714286,25.1785714285714,19.1363636363636,47.3333333333333,-1.11987964753922,0.00605152926889882,0.022188940652629,RAG1
Acidaminococcus.sp.CAG.542,0.00185714285714286,13.9285714285714,10.5,26.5,-1.14871794871795,0.00700250441231036,0.0250979033516923,RAG1
Prevotella.stercorea,0.00619523809523809,46.4642857142857,35,88.5,-1.15142198308993,0.00226817038508673,0.010324884737742,RAG1
Clostridiales.bacterium.44.9,0.00419047619047619,31.4285714285714,23.5909090909091,60.1666666666667,-1.1637741046832,0.00841117426619078,0.0289506374740707,RAG1
Ruminococcus.sp.Phil11,0.00352380952380952,26.4285714285714,19.8181818181818,50.6666666666667,-1.16723996723997,0.000850150777218267,0.00494532029188354,RAG1
Bacteroidales.bacterium.H7,0.227961904761905,1709.71428571429,1280.63636363636,3283,-1.17116857073408,0.00336571640919467,0.0146084257399082,RAG1
uncultured.Oscillibacter.sp.,0.0127809523809524,95.8571428571429,71.7727272727273,184.166666666667,-1.17251501603215,0.00997878834375954,0.0326397153886616,RAG1
Fusobacterium.periodonticum,0.00194285714285714,14.5714285714286,10.9090909090909,28,-1.1729055258467,0.00531107914817832,0.0204632755415106,RAG1
Acidobacteria.bacterium,0.0424095238095238,318.071428571429,238.045454545455,611.5,-1.1741216340363,0.000244168587274489,0.00309244242320543,RAG1
Oscillibacter.valericigenes,0.0327142857142857,245.357142857143,183.272727272727,473,-1.18083895725817,0.0170833996920953,0.0495315471957935,RAG1
Ruminococcaceae.bacterium.TF06.43,0.00375238095238095,28.1428571428571,21,54.3333333333333,-1.1844331641286,0.017227048847242,0.0495712448161061,RAG1
Lachnospiraceae.bacterium.28.4,2.08667142857143,15650.0357142857,11675.8636363636,30222,-1.18505393228637,0.00528746615703137,0.0204269134913732,RAG1
Prevotella.sp.AGR2160,0.00426666666666667,32,23.8636363636364,61.8333333333333,-1.18655303030303,0.00115025228195159,0.00625476806902733,RAG1
Opitutaceae.bacterium.TSB47,0.00241428571428571,18.1071428571429,13.5,35,-1.18737672583826,0.00420298631207501,0.0172717307462966,RAG1
Anaerostipes.hadrus,0.00474761904761905,35.6071428571429,26.5454545454545,68.8333333333333,-1.18762347649008,0.00508845832285936,0.0198711881930633,RAG1
Mycobacteroides.abscessus,0.00503333333333333,37.75,28.1363636363636,73,-1.18844069837447,0.000238935133556235,0.00309244242320543,RAG1
Blautia.wexlerae,0.0192761904761905,144.571428571429,107.727272727273,279.666666666667,-1.18930410827644,0.00158199288634071,0.00775391751434342,RAG1
Clostridium.sp.KLE.1755,0.00412380952380952,30.9285714285714,23.0454545454545,59.8333333333333,-1.18944642732172,0.00846502165205685,0.0289741002389879,RAG1
Lachnospiraceae.bacterium.AC2014,0.0102238095238095,76.6785714285714,56.8636363636364,149.333333333333,-1.20593922456987,0.000337357344052063,0.00348079903129932,RAG1
Bacteroides.sp.OF04.15BH,0.0113619047619048,85.2142857142857,63.0454545454545,166.5,-1.21405166501562,0.00914161094515548,0.0307064367644966,RAG1
Clostridiales.bacterium.Firm.11,0.00412380952380952,30.9285714285714,22.8636363636364,60.5,-1.21688011757296,0.000776059291050838,0.00481559809533852,RAG1
Desulfuromonas.sp.,0.00486666666666667,36.5,26.9545454545455,71.5,-1.22042341220423,0.000271270175723775,0.00328828104796634,RAG1
Firmicutes.bacterium.AM59.13,0.0031952380952381,23.9642857142857,17.6818181818182,47,-1.22341146186154,0.0147331869697789,0.0443225245865804,RAG1
Prevotella.colorans,0.00627619047619048,47.0714285714286,34.7272727272727,92.3333333333333,-1.22380098404378,0.0148014706036184,0.0443225245865804,RAG1
Meiothermus.taiwanensis,0.00438095238095238,32.8571428571429,24.1818181818182,64.6666666666667,-1.23214756258235,0.0038746223807206,0.016314319426514,RAG1
Eubacterium.ramulus,0.00989047619047619,74.1785714285714,54.5,146.333333333333,-1.23800353073343,0.00659574437791045,0.0237019143355834,RAG1
Christensenella.sp.Marseille.P3954,0.00509047619047619,38.1785714285714,28.0454545454545,75.3333333333333,-1.23859738639907,0.0038990901196405,0.016314319426514,RAG1
Ruminococcus.sp.CAG.488,0.00132857142857143,9.96428571428571,7.31818181818182,19.6666666666667,-1.23927446508092,0.00179124287478647,0.00866168114955471,RAG1
Lachnospiraceae.bacterium.Choco86,0.00225714285714286,16.9285714285714,12.4090909090909,33.5,-1.24587648638282,0.000567600383194011,0.00409171360758098,RAG1
Lactobacillus.fermentum,0.020347619047619,152.607142857143,111.363636363636,303.833333333333,-1.26121027735818,0.0012050751181186,0.00643153053781073,RAG1
Firmicutes.bacterium.CAG.110,0.00496666666666667,37.25,27.1818181818182,74.1666666666667,-1.26133821435835,0.000243689397312521,0.00309244242320543,RAG1
Cantharellus.appalachiensis,0.0025,18.75,13.6818181818182,37.3333333333333,-1.26141414141414,0.000324836541873567,0.00346732930992452,RAG1
Bacteroides.helcogenes,0.0112857142857143,84.6428571428571,61.7272727272727,168.666666666667,-1.26341900012786,0.00780901926175409,0.0271806684932069,RAG1
Phialocephala.scopiformis,0.00218571428571429,16.3928571428571,11.9545454545455,32.6666666666667,-1.26348451838648,0.000944577139952432,0.00531693616668537,RAG1
Hungatella.effluvii,0.0830714285714286,623.035714285714,453.727272727273,1243.83333333333,-1.26815532800056,0.00528746615703137,0.0204269134913732,RAG1
Klebsiella.oxytoca,1.0593380952381,7945.03571428571,5784.77272727273,15866,-1.26887123422246,0.000663587620109359,0.00457165775314185,RAG1
Bacteroides.barnesiae,0.00264761904761905,19.8571428571429,14.4545454545455,39.6666666666667,-1.26967516895574,0.00322446023831835,0.0140801430406568,RAG1
Streptococcus.pyogenes,0.00318095238095238,23.8571428571429,17.3636363636364,47.6666666666667,-1.27018689892941,0.000566608318270518,0.00409171360758098,RAG1
Oscillibacter.ruminantium,0.0244333333333333,183.25,132.954545454545,367.666666666667,-1.28083012939766,0.0173034948941717,0.0495712448161061,RAG1
Mucinivorans.hirudinis,0.00311904761904762,23.3928571428571,16.9090909090909,47.1666666666667,-1.29345362017118,0.000770895922248037,0.00481559809533852,RAG1
Oscillibacter.sp.57.20,0.0326571428571429,244.928571428571,177,494,-1.29425488480607,0.0170833996920953,0.0495315471957935,RAG1
Cohnella.thermotolerans,0.0021952380952381,16.4642857142857,11.8636363636364,33.3333333333333,-1.3040163018471,0.000621838117951486,0.00436490560312798,RAG1
Coprococcus.eutactus,0.0042,31.5,22.6818181818182,63.8333333333333,-1.30639730639731,0.00461855189809313,0.0185519301860004,RAG1
Bacteroides.ilei,0.0102047619047619,76.5357142857143,55.0909090909091,155.166666666667,-1.30756939436361,0.000376127677133381,0.00348079903129932,RAG1
Sphingobacteriales.bacterium,0.00686190476190476,51.4642857142857,37,104.5,-1.31158917418459,0.00045976426356451,0.00370675281103458,RAG1
Verrucomicrobia.bacterium,0.0147714285714286,110.785714285714,79.6363636363636,225,-1.31211535080007,0.000303498528368857,0.00328828104796634,RAG1
Prevotella.baroniae,0.00698571428571429,52.3928571428571,37.5,107,-1.32651670074983,0.00426590417492272,0.0173159659607426,RAG1
Bacteroidetes.bacterium.HGW.Bacteroidetes.17,0.00352380952380952,26.4285714285714,18.8181818181818,54.3333333333333,-1.34381654381654,0.00708872079398943,0.0250979033516923,RAG1
Pseudobutyrivibrio.xylanivorans,0.00154285714285714,11.5714285714286,8.22727272727273,23.8333333333333,-1.34867190422746,0.00102373923548159,0.00565213884417232,RAG1
Microcystis.aeruginosa,0.00645238095238095,48.3928571428571,34.3181818181818,100,-1.35726266353573,0.00657352499826659,0.0236811238062554,RAG1
Colletotrichum.lindemuthianum,0.00297142857142857,22.2857142857143,15.7727272727273,46.1666666666667,-1.36383061383061,0.000859987151969224,0.00494532029188354,RAG1
Paludibacter.propionicigenes,0.00224761904761905,16.8571428571429,11.9090909090909,35,-1.36979969183359,0.00966549377218589,0.0320183368407353,RAG1
Clostridiales.bacterium.CHKCI001,0.0229333333333333,172,121.409090909091,357.5,-1.37262156448203,0.000861398607399561,0.00494532029188354,RAG1
Prevotellaceae.bacterium.Marseille.P2826,0.0024047619047619,18.0357142857143,12.7272727272727,37.5,-1.37353735373537,0.00221796658845955,0.0102768162507081,RAG1
Bacteroidales.bacterium.H3,0.17867619047619,1340.07142857143,945.409090909091,2787.16666666667,-1.37437269125345,0.00423103466581727,0.0172717307462966,RAG1
Anaerovirgula.multivorans,0.00196190476190476,14.7142857142857,10.3636363636364,30.6666666666667,-1.37981759340983,0.00246532518849116,0.0111714892975338,RAG1
Roseburia.sp.TF10.5,0.0109857142857143,82.3928571428571,57.9545454545455,172,-1.38416676518107,0.00188196122644399,0.00899275875607173,RAG1
Pseudomonas.aeruginosa,0.00576190476190476,43.2142857142857,30.3636363636364,90.3333333333333,-1.38772852491861,0.000851551284400652,0.00494532029188354,RAG1
Erysipelotrichaceae.bacterium.NK3D112,0.00452857142857143,33.9642857142857,23.8636363636364,71,-1.38782143198547,0.000242733074679214,0.00309244242320543,RAG1
Bacteroidales.bacterium.GP4,0.239861904761905,1798.96428571429,1263.54545454545,3762.16666666667,-1.38892207697671,0.00158199288634071,0.00775391751434342,RAG1
Bacteroidales.bacterium.M12,0.714080952380952,5355.60714285714,3745.86363636364,11258,-1.40266755257719,0.00803206455380368,0.0278896506554966,RAG1
Clostridium.sp.AM43.3BH,0.00312857142857143,23.4642857142857,16.4090909090909,49.3333333333333,-1.40316406069831,0.013712432072631,0.0418737447891646,RAG1
Pedobacter.sp.,0.00774761904761905,58.1071428571429,40.5909090909091,122.333333333333,-1.40675345961148,0.000374041594231582,0.00348079903129932,RAG1
Rubrivivax.sp.,0.00188095238095238,14.1071428571429,9.81818181818182,29.8333333333333,-1.41879555044112,0.000484752532976116,0.003796350000101,RAG1
Clavaria.fumosa,0.00363809523809524,27.2857142857143,18.9545454545455,57.8333333333333,-1.42487704267809,0.000236583551815459,0.00309244242320543,RAG1
Bacteroidales.bacterium.Bact.11,0.00303333333333333,22.75,15.7727272727273,48.3333333333333,-1.43123543123543,0.00773320554356318,0.0270474494861033,RAG1
Bacteroidales.bacterium.M9,0.806576190476191,6049.32142857143,4192.54545454545,12857.5,-1.43238454887341,5.30870096087487e-06,0.000546417006044335,RAG1
Rhodocyclaceae.bacterium.Zagget5,0.00224761904761905,16.8571428571429,11.6818181818182,35.8333333333333,-1.43271700051361,0.000996099015586702,0.00556348326147456,RAG1
Clostridiales.bacterium.42.27,0.0173142857142857,129.857142857143,89.7727272727273,276.833333333333,-1.44051071773844,0.00392856963289408,0.016314319426514,RAG1
Syntrophobotulus.glycolicus,0.00316666666666667,23.75,16.4090909090909,50.6666666666667,-1.44242424242424,0.00152717067049246,0.00761471604214408,RAG1
Clostridium.innocuum,0.00561904761904762,42.1428571428571,29.0909090909091,90,-1.44530046224961,0.000455631165862018,0.00370675281103458,RAG1
Christensenellaceae.bacterium.Phil10,0.0021952380952381,16.4642857142857,11.3636363636364,35.1666666666667,-1.4457371984487,0.000761916505731398,0.00481559809533852,RAG1
Salmonella.enterica,0.00362380952380952,27.1785714285714,18.7272727272727,58.1666666666667,-1.45112093338112,0.000362376075868398,0.00348079903129932,RAG1
Aminipila.sp.JN.39,0.00617142857142857,46.2857142857143,31.8636363636364,99.1666666666667,-1.45407781518893,0.000571580734090305,0.00409171360758098,RAG1
Actinobacteria.bacterium,0.00466666666666667,35,24.0909090909091,75,-1.45454545454545,0.000240828643088333,0.00309244242320543,RAG1
Pseudomonas.fluorescens,0.00595238095238095,44.6428571428571,30.7272727272727,95.6666666666667,-1.45464242424242,0.000242255940901783,0.00309244242320543,RAG1
Oscillibacter.sp.CAG.155,0.0571904761904762,428.928571428571,295.181818181818,919.333333333333,-1.45514091792193,0.00920855149316295,0.0307484525426724,RAG1
Desmospora.sp.8437,0.000819047619047619,6.14285714285714,4.22727272727273,13.1666666666667,-1.45525017618041,0.0102683085088616,0.033476544256266,RAG1
Alloprevotella.tannerae,0.00457619047619048,34.3214285714286,23.5909090909091,73.6666666666667,-1.45902311354965,0.00465798125063832,0.0185519301860004,RAG1
Cladosporium.sphaerospermum,0.00318571428571429,23.8928571428571,16.4090909090909,51.3333333333333,-1.46170222403406,0.00503681822851856,0.0198134886131969,RAG1
Prevotella.sp.AM23.5,0.00201428571428571,15.1071428571429,10.3636363636364,32.5,-1.46529120997206,0.000481262732024413,0.00378961528331792,RAG1
Prevotella.sp.CAG.485,0.0361857142857143,271.392857142857,185.954545454545,584.666666666667,-1.46913270087372,0.00359307172340914,0.0153638467460907,RAG1
Bacteroides.sp.AM16.24,0.00277619047619048,20.8214285714286,14.1818181818182,45.1666666666667,-1.48812308332034,0.00842910401181413,0.0289506374740707,RAG1
Lyophyllum.shimeji,0.0015952380952381,11.9642857142857,8.13636363636364,26,-1.49308005427408,0.00102209932065199,0.00565213884417232,RAG1
butyrate.producing.bacterium.SS3.4,0.00314285714285714,23.5714285714286,16,51.3333333333333,-1.4989898989899,0.000460594043745817,0.00370675281103458,RAG1
Dehalobacterium.formicoaceticum,0.00424285714285714,31.8214285714286,21.5909090909091,69.3333333333333,-1.50032309628269,0.00140950170882674,0.00716256564027438,RAG1
Tuber.magnatum,0.0028952380952381,21.7142857142857,14.7272727272727,47.3333333333333,-1.50159489633174,0.000413693688607097,0.00359245419367703,RAG1
uncultured.Prevotella.sp.,0.1423,1067.25,722.818181818182,2330.16666666667,-1.50606557493416,0.00468626133775444,0.0185519301860004,RAG1
Prevotella.maculosa,0.00611904761904762,45.8928571428571,31,100.5,-1.51439688715953,0.00507635967373488,0.0198711881930633,RAG1
Mailhella.massiliensis,0.00471428571428571,35.3571428571429,23.8181818181818,77.6666666666667,-1.52298745026018,0.00656612743427381,0.0236811238062554,RAG1
Butyrivibrio.crossotus,0.00407142857142857,30.5357142857143,20.5454545454545,67.1666666666667,-1.52677653730285,0.0038990901196405,0.016314319426514,RAG1
Clostridium.sp.ATCC.BAA.442,0.00317142857142857,23.7857142857143,16,52.3333333333333,-1.52752752752753,0.00224298112668326,0.010324884737742,RAG1
Acetobacteroides.hydrogenigenes,0.00241428571428571,18.1071428571429,12.0454545454545,40.3333333333333,-1.56224971609587,0.000554797542337429,0.00409171360758098,RAG1
Pseudomonas.putida,0.00451904761904762,33.8928571428571,22.5454545454545,75.5,-1.56241019254718,0.000297177596066147,0.00328828104796634,RAG1
Pasteurella.multocida,0.00331904761904762,24.8928571428571,16.5454545454545,55.5,-1.56488848310943,0.00462417303527361,0.0185519301860004,RAG1
Flavobacteriales.bacterium,0.00435714285714286,32.6785714285714,21.6818181818182,73,-1.57039244908097,0.000457281246979342,0.00370675281103458,RAG1
Cantharellus.lutescens,0.00755238095238095,56.6428571428571,37.5454545454545,126.666666666667,-1.57338836027361,0.000298891973024609,0.00328828104796634,RAG1
Paenibacillus.pasadenensis,0.00184761904761905,13.8571428571429,9.18181818181818,31,-1.57450796626054,0.000234714487363584,0.00309244242320543,RAG1
Prevotella.sp.CAG.924,0.00723809523809524,54.2857142857143,35.6818181818182,122.5,-1.59928229665072,0.00272591857446204,0.0120609749931544,RAG1
Fermentimonas.caenicola,0.00274761904761905,20.6071428571429,13.4545454545455,46.8333333333333,-1.61976786933459,0.000402442613700866,0.00359245419367703,RAG1
Bacteroidales.bacterium.H8,0.00294761904761905,22.1071428571429,14.4090909090909,50.3333333333333,-1.62500611935184,0.000622913750162956,0.00436490560312798,RAG1
Butyricimonas.sp.Marseille.P2440,0.00941428571428572,70.6071428571429,45.7272727272727,161.833333333333,-1.64439539553348,0.000571580734090305,0.00409171360758098,RAG1
Pseudomonas.syringae,0.00300952380952381,22.5714285714286,14.5454545454545,52,-1.65937859608746,0.000855762180022084,0.00494532029188354,RAG1
Monosporascus.ibericus,0.00172380952380952,12.9285714285714,8.31818181818182,29.8333333333333,-1.66415536581282,0.000287040085543417,0.00328828104796634,RAG1
Hypholoma.sublateritium,0.00138571428571429,10.3928571428571,6.68181818181818,24,-1.66635426429241,0.000256838955722346,0.00321830378431218,RAG1
Prevotella.bergensis,0.00775238095238095,58.1428571428571,37.2727272727273,134.666666666667,-1.6750800387164,0.00467493767753642,0.0185519301860004,RAG1
Bacteroides.neonati,0.00644285714285714,48.3214285714286,30.9545454545455,112,-1.67721561513136,0.000239880525278651,0.00309244242320543,RAG1
Parabacteroides.sp.Marseille.P3160,0.00291428571428571,21.8571428571429,14,50.6666666666667,-1.67755991285403,0.0015134832091637,0.00760686380323081,RAG1
Prevotella.brevis,0.00791428571428571,59.3571428571429,37.9090909090909,138,-1.68624876928126,0.00325831197639246,0.0141849775165605,RAG1
Candidatus.Rokubacteria.bacterium,0.016252380952381,121.892857142857,77.5909090909091,284.333333333333,-1.6960995835886,0.000243210893298433,0.00309244242320543,RAG1
Enterococcus.faecalis,0.0842095238095238,631.571428571429,401.681818181818,1474.5,-1.69864900989081,0.000464758784632394,0.00370675281103458,RAG1
Prevotella.sp.CAG.873,0.0331619047619048,248.714285714286,158,581.333333333333,-1.7020869232242,0.000704522034323834,0.00465695528192956,RAG1
Candidatus.Homeothermus.arabinoxylanisolvens,0.16867619047619,1265.07142857143,803.227272727273,2958.5,-1.70367670836306,0.001162923996896,0.00627630516676829,RAG1
Paenibacillus.sp.598K,0.0020047619047619,15.0357142857143,9.54545454545454,35.1666666666667,-1.70402360901173,0.000293770156760945,0.00328828104796634,RAG1
Chlamydia.abortus,2.28298095238095,17122.3571428571,10846.2272727273,40134.8333333333,-1.71054754998054,0.0012050751181186,0.00643153053781073,RAG1
Clostridiales.bacterium.Firm.05,0.00144761904761905,10.8571428571429,6.86363636363636,25.5,-1.71650717703349,0.000213118491351687,0.00309244242320543,RAG1
Homo.sapiens,0.442128571428571,3315.96428571429,2096.09090909091,7788.83333333333,-1.71676831646459,0.000897170462387854,0.00508985289882243,RAG1
Lysobacter.enzymogenes,0.00151904761904762,11.3928571428571,7.18181818181818,26.8333333333333,-1.72489788163769,0.000807505754099122,0.00494532029188354,RAG1
Bacteroidales.bacterium.55.9,0.0137571428571429,103.178571428571,64.8636363636364,243.666666666667,-1.73294733419344,0.00226817038508673,0.010324884737742,RAG1
Clostridium.scindens,0.0194761904761905,146.071428571429,91.8181818181818,345,-1.73327406090242,0.000463923722231231,0.00370675281103458,RAG1
Prevotella.enoeca,0.00636190476190476,47.7142857142857,29.9090909090909,113,-1.74142623843223,0.0018496179589696,0.00891404507985017,RAG1
Prevotella.denticola,0.00871904761904762,65.3928571428571,40.9090909090909,155.166666666667,-1.74724856428843,0.00170119122308358,0.00825392778607219,RAG1
Metarhizium.album,0.0111761904761905,83.8214285714286,52.2272727272727,199.666666666667,-1.75897018760248,0.00273326701418293,0.0120609749931544,RAG1
Coprococcus.sp.CAG.131.related.45.246,0.0051952380952381,38.9642857142857,23.8636363636364,94.3333333333333,-1.80857150792989,0.00127679309615014,0.00666679684485574,RAG1
Bacteroidales.bacterium.H9,0.00480952380952381,36.0714285714286,22.0909090909091,87.3333333333333,-1.80870087008701,0.00271858216907678,0.0120609749931544,RAG1
Prevotella.ruminicola,0.00808571428571428,60.6428571428571,37.1363636363636,146.833333333333,-1.80890173823036,0.00155247148054373,0.00766134042282024,RAG1
Lachnospiraceae.bacterium.NC2004,0.0171666666666667,128.75,78.8181818181818,311.833333333333,-1.80982641953516,0.000573578173998166,0.00409171360758098,RAG1
Rhodopseudomonas.palustris,0.00426190476190476,31.9642857142857,19.5454545454545,77.5,-1.8131030980193,0.000234248911208572,0.00309244242320543,RAG1
Clostridiales.bacterium.1.7.47FAA,0.0343238095238095,257.428571428571,157.227272727273,624.833333333333,-1.81644973598359,0.00128269966264401,0.00666679684485574,RAG1
Actinokineospora.bangkokensis,0.00184761904761905,13.8571428571429,8.45454545454546,33.6666666666667,-1.81943142767885,0.00069150422404237,0.00464257208830193,RAG1
Paenibacillus.riograndensis,0.00245714285714286,18.4285714285714,11.1363636363636,45.1666666666667,-1.84660559079164,0.000452343611362775,0.00370675281103458,RAG1
Bacteroides.salanitronis,0.0112761904761905,84.5714285714286,50.6818181818182,208.833333333333,-1.87003480753481,0.000297748264231484,0.00328828104796634,RAG1
Bacteroides.sp.CAG.598,0.00377142857142857,28.2857142857143,16.9090909090909,70,-1.87695133149679,0.000769608751121126,0.00481559809533852,RAG1
Prevotella.oryzae,0.00637619047619048,47.8214285714286,28.4545454545455,118.833333333333,-1.88992237535927,0.00504618342889887,0.0198134886131969,RAG1
Prevotella.sp.TF12.30,0.00445714285714286,33.4285714285714,19.8636363636364,83.1666666666667,-1.89368039368039,0.00271125779478785,0.0120609749931544,RAG1
Gemmatimonadetes.bacterium,0.0115285714285714,86.4642857142857,51.3636363636364,215.166666666667,-1.89445883869676,0.00030176511216594,0.00328828104796634,RAG1
Bacteroides.sp.43.108,0.0133428571428571,100.071428571429,59.4090909090909,249.166666666667,-1.8962213137802,0.00140950170882674,0.00716256564027438,RAG1
Bacteroides.sp.CAG.661,0.00236190476190476,17.7142857142857,10.4545454545455,44.3333333333333,-1.91251221896383,0.000668260775639873,0.00457165775314185,RAG1
Parabacteroides.sp.426.9,0.00294761904761905,22.1071428571429,13.0454545454545,55.3333333333333,-1.91286042982327,0.00139038032801663,0.00713002865719559,RAG1
Butyrivibrio.sp.XPD2002,0.0024952380952381,18.7142857142857,10.9545454545455,47.1666666666667,-1.93499884339579,0.000369206180537887,0.00348079903129932,RAG1
Bacteroides.sp.Marseille.P3684,0.00537619047619048,40.3214285714286,23.5909090909091,101.666666666667,-1.93633411171055,0.00152031698496216,0.00760686380323081,RAG1
Chitinophagaceae.bacterium,0.0122857142857143,92.1428571428571,53.9090909090909,232.333333333333,-1.9363871270848,0.000243210893298433,0.00309244242320543,RAG1
Prevotella.buccalis,0.00793809523809524,59.5357142857143,34.8181818181818,150.166666666667,-1.93746705204414,0.00297926158500347,0.0130887681219207,RAG1
Ralstonia.solanacearum,0.0028952380952381,21.7142857142857,12.6818181818182,54.8333333333333,-1.94118819776715,0.000239407488933308,0.00309244242320543,RAG1
Bacteroidales.bacterium.KA00344,0.00542857142857143,40.7142857142857,23.7727272727273,102.833333333333,-1.94183944710261,0.000513313530195223,0.00394147692252155,RAG1
Dermatophagoides.pteronyssinus,0.319271428571429,2394.53571428571,1396.63636363636,6053.5,-1.94478771336796,0.000897170462387854,0.00508985289882243,RAG1
Bacteroidia.bacterium.44.10,0.00283809523809524,21.2857142857143,12.4090909090909,53.8333333333333,-1.94610534878991,0.000222827399425112,0.00309244242320543,RAG1
Saccharomyces.cerevisiae,0.00287142857142857,21.5357142857143,12.5454545454545,54.5,-1.94813809739183,0.00164335418359331,0.00802736738494222,RAG1
Hungateiclostridium.cellulolyticum,0.0049047619047619,36.7857142857143,21.2272727272727,93.8333333333333,-1.97375698734922,0.00155247148054373,0.00766134042282024,RAG1
Chlamydia.trachomatis,0.217504761904762,1631.28571428571,936.227272727273,4179.83333333333,-1.98837397532555,0.000897170462387854,0.00508985289882243,RAG1
Verrucomicrobiaceae.bacterium,0.00270952380952381,20.3214285714286,11.6363636363636,52.1666666666667,-1.9944613090483,0.000231008743568031,0.00309244242320543,RAG1
Candidatus.Borkfalki.ceftriaxensis,0.00590952380952381,44.3214285714286,25.3636363636364,113.833333333333,-1.99609308231387,0.000334195234118258,0.00348079903129932,RAG1
Treponema.denticola,0.0026,19.5,11.1363636363636,50.1666666666667,-2.001554001554,0.000355636726991853,0.00348079903129932,RAG1
Coprobacter.sp.,0.00526190476190476,39.4642857142857,22.4545454545455,101.833333333333,-2.01140819964349,0.000241779491412985,0.00309244242320543,RAG1
Bacteroides.gallinarum,0.0180571428571429,135.428571428571,76.9090909090909,350,-2.01649405446874,0.000243689397312521,0.00309244242320543,RAG1
Pseudarthrobacter.sp.AG30,0.00718571428571429,53.8928571428571,30.4545454545455,139.833333333333,-2.02956001365544,0.00201529118257783,0.00958427258777112,RAG1
Porphyromonas.uenonis,0.00221428571428571,16.6071428571429,9.31818181818182,43.3333333333333,-2.04822417725644,0.000365779743924858,0.00348079903129932,RAG1
Prevotella.lascolaii,0.00257142857142857,19.2857142857143,10.8181818181818,50.3333333333333,-2.04893378226712,0.00984681054610015,0.0324696887801609,RAG1
Paenibacillus.naphthalenovorans,0.00163333333333333,12.25,6.86363636363636,32,-2.05194805194805,0.000746943733091478,0.00476259256364964,RAG1
Pelodictyon.luteolum,0.00230952380952381,17.3214285714286,9.68181818181818,45.3333333333333,-2.0582318025617,0.000293205006258589,0.00328828104796634,RAG1
Tannerella.forsythia,0.010452380952381,78.3928571428571,43.5909090909091,206,-2.07173327811141,0.000243210893298433,0.00309244242320543,RAG1
Uromyces.viciae.fabae,0.00380952380952381,28.5714285714286,15.8636363636364,75.1666666666667,-2.07560606060606,0.000242255940901783,0.00309244242320543,RAG1
Coprococcus.sp.AM27.12LB,0.015447619047619,115.857142857143,64.1363636363636,305.5,-2.08328662705975,0.000704522034323834,0.00465695528192956,RAG1
Prevotella.melaninogenica,0.00493333333333333,37,20.4090909090909,97.8333333333333,-2.09254709254709,0.000458107865850346,0.00370675281103458,RAG1
Duncaniella.sp.TLL.A3,1.41940476190476,10645.5357142857,5868.5,28161.3333333333,-2.09410159635439,5.30870096087487e-06,0.000546417006044335,RAG1
Bacteroides.sp.CAG.144,0.00287619047619048,21.5714285714286,11.8636363636364,57.1666666666667,-2.10014047762392,0.00126308059491151,0.00666679684485574,RAG1
Clostridia.bacterium,0.0930047619047619,697.535714285714,381.909090909091,1854.83333333333,-2.11161122256304,0.000339756861495992,0.00348079903129932,RAG1
Bacteroidetes.bacterium,0.00866666666666667,65,35.4090909090909,173.5,-2.12447552447552,0.000374041594231582,0.00348079903129932,RAG1
Bacteroides.sp.CAG.633,0.0122285714285714,91.7142857142857,49.1818181818182,247.666666666667,-2.1641650146323,0.000568593656541678,0.00409171360758098,RAG1
Clostridiales.bacterium.DTU013,0.00220952380952381,16.5714285714286,8.86363636363636,44.8333333333333,-2.17058516196447,0.000235180738947593,0.00309244242320543,RAG1
Prevotella.sp.CAG.891,0.0109619047619048,82.2142857142857,43.2727272727273,225,-2.21040992022747,0.000570583831294138,0.00409171360758098,RAG1
Prevotella.multiformis,0.00525714285714286,39.4285714285714,20.7272727272727,108,-2.21343873517787,0.000372655465163332,0.00348079903129932,RAG1
Bacteroides.togonis,0.00598095238095238,44.8571428571429,23.5,123.166666666667,-2.22186836518047,0.000843171643812277,0.00494532029188354,RAG1
Bacteroidales.bacterium.GP1,0.0241285714285714,180.964285714286,94.6363636363636,497.5,-2.22620521377182,5.30870096087487e-06,0.000546417006044335,RAG1
Xanthomonadaceae.bacterium,0.0031047619047619,23.2857142857143,12.1363636363636,64.1666666666667,-2.23443019148541,0.000291514267472174,0.00328828104796634,RAG1
Alkalibaculum.bacchi,0.00222857142857143,16.7142857142857,8.59090909090909,46.5,-2.26806526806527,0.000288712042734005,0.00328828104796634,RAG1
Prevotella.sp.tf2.5,0.00277619047619048,20.8214285714286,10.5,58.6666666666667,-2.31332189822756,0.00374404367475647,0.0159620323530298,RAG1
Hymenobacter.sp.,0.00619523809523809,46.4642857142857,23.3636363636364,131.166666666667,-2.3201267090583,0.000241303725659599,0.00309244242320543,RAG1
Paenibacillus.harenae,0.0023047619047619,17.2857142857143,8.63636363636364,49,-2.3350864012021,0.000260393153335472,0.00323471149962427,RAG1
Prevotella.multisaccharivorax,0.0084952380952381,63.7142857142857,31.6363636363636,181.333333333333,-2.34950400869683,0.000854356985077492,0.00494532029188354,RAG1
Bacteroidales.bacterium.H6,0.125490476190476,941.178571428571,466.272727272727,2682.5,-2.35473622116509,0.000244648463737279,0.00309244242320543,RAG1
Bacteroidales.bacterium.45.6,0.00611904761904762,45.8928571428571,22.5,131.666666666667,-2.378728923476,0.000241303725659599,0.00309244242320543,RAG1
Prevotella.sp.CAG.474,0.014352380952381,107.642857142857,52.5909090909091,309.5,-2.38668034023044,0.000861398607399561,0.00494532029188354,RAG1
Acutalibacter.muris,0.00384761904761905,28.8571428571429,14.0454545454545,83.1666666666667,-2.3952895289529,0.000415210504705725,0.00359245419367703,RAG1
Eubacterium.sp.CAG.251,0.00121428571428571,9.10714285714286,4.40909090909091,26.3333333333333,-2.40736779560309,0.000803783913042599,0.00494532029188354,RAG1
Cupriavidus.taiwanensis,0.00301428571428571,22.6071428571429,10.9090909090909,65.5,-2.41476375125664,0.000231469607243384,0.00309244242320543,RAG1
uncultured.Prevotellaceae.bacterium,0.547995238095238,4109.96428571429,1978.54545454545,11925.1666666667,-2.42012351462381,1.06174019217497e-05,0.000899980951131846,RAG1
Barnesiella.viscericola,0.046452380952381,348.392857142857,167.5,1011.66666666667,-2.42303092431232,5.30870096087487e-06,0.000546417006044335,RAG1
Prevotella.sp.CAG.755,0.00866666666666667,65,30.9090909090909,190,-2.44755244755245,0.000374041594231582,0.00348079903129932,RAG1
Porphyromonas.gulae,0.00486666666666667,36.5,17.3181818181818,106.833333333333,-2.4524699045247,0.000302342121983784,0.00328828104796634,RAG1
Stenotrophomonas.maltophilia,0.00482857142857143,36.2142857142857,17.1818181818182,106,-2.45257306795768,0.000241779491412985,0.00309244242320543,RAG1
uncultured.Bacteroidales.bacterium,0.196219047619048,1471.64285714286,697.363636363636,4310.66666666667,-2.45528527031221,5.30870096087487e-06,0.000546417006044335,RAG1
Prevotella.sp.CAG.1320,0.010647619047619,79.8571428571429,37.6818181818182,234.5,-2.46462839486095,0.00104688284040449,0.00573596263506795,RAG1
Prevotella.sp.ne3005,0.00288571428571429,21.6428571428571,10.1818181818182,63.6666666666667,-2.47124712471247,0.000686811747829306,0.00464257208830193,RAG1
Prevotella.sp.CAG.1185,0.0224380952380952,168.285714285714,79.0909090909091,495.333333333333,-2.47342696918249,0.000569588139009762,0.00409171360758098,RAG1
Bacteroides.heparinolyticus,0.0221904761904762,166.428571428571,77.8181818181818,491.333333333333,-2.48464039537001,0.000244168587274489,0.00309244242320543,RAG1
Desulfallas.arcticus,0.00318095238095238,23.8571428571429,11.0909090909091,70.6666666666667,-2.49718744329523,0.000240828643088333,0.00309244242320543,RAG1
Lactobacillus.camelliae,0.0021047619047619,15.7857142857143,7.27272727272727,47,-2.51665981077746,0.000439119396453696,0.00370675281103458,RAG1
Morganella.morganii,0.0030952380952381,23.2142857142857,10.5454545454545,69.6666666666667,-2.54675990675991,0.000236583551815459,0.00309244242320543,RAG1
Bacteroidales.bacterium.52.46,0.0936809523809524,702.607142857143,317.772727272727,2113.66666666667,-2.5560428151797,5.30870096087487e-06,0.000546417006044335,RAG1
Bacteroidales.bacterium.WCE2008,0.00358095238095238,26.8571428571429,12.0454545454545,81.1666666666667,-2.57366215344939,0.000231469607243384,0.00309244242320543,RAG1
Cryphonectria.radicalis,0.00259047619047619,19.4285714285714,8.63636363636364,59,-2.59224598930481,0.000404675230066931,0.00359245419367703,RAG1
Hungateiclostridiaceae.bacterium.KB18,0.00368571428571429,27.6428571428571,12.0909090909091,84.6666666666667,-2.62547960222379,0.000674020424771996,0.0045814312834738,RAG1
Bacteroidales.bacterium.GP3,0.0243,182.25,78.1363636363636,564,-2.66591844369622,5.30870096087487e-06,0.000546417006044335,RAG1
Prevotella.buccae,0.00642380952380952,48.1785714285714,20.5,149.666666666667,-2.6809982703237,0.000371273004471618,0.00348079903129932,RAG1
Dyadobacter.fermentans,0.00233809523809524,17.5357142857143,7.40909090909091,54.6666666666667,-2.6949330370919,0.000287596624530857,0.00328828104796634,RAG1
Xylaria.sp.JS573,0.0025,18.75,7.90909090909091,58.5,-2.69818181818182,0.000235180738947593,0.00309244242320543,RAG1
Prevotellaceae.bacterium,0.00432380952380952,32.4285714285714,13.2272727272727,102.833333333333,-2.76318248564945,0.000239407488933308,0.00309244242320543,RAG1
Inquilinus.limosus,0.00293333333333333,22,8.86363636363636,70.1666666666667,-2.78650137741047,0.000241303725659599,0.00309244242320543,RAG1
Cytophaga.xylanolytica,0.00361428571428571,27.1071428571429,10.8181818181818,86.8333333333333,-2.80424801373418,0.000236115270619408,0.00309244242320543,RAG1
Bacteroides.sp.CAG.462,0.00413809523809524,31.0357142857143,12.3636363636364,99.5,-2.80761585939952,0.000237522147697977,0.00309244242320543,RAG1
Petrimonas.mucosa,0.00604285714285714,45.3214285714286,17.8181818181818,146.166666666667,-2.83196026458438,0.000241303725659599,0.00309244242320543,RAG1
Sphingobacteriaceae.bacterium,0.00324285714285714,24.3214285714286,9.54545454545454,78.5,-2.83513549592845,0.000240828643088333,0.00309244242320543,RAG1
Lachnoanaerobaculum.saburreum,0.0192952380952381,144.714285714286,56.6363636363636,467.666666666667,-2.84028837237129,0.000242733074679214,0.00309244242320543,RAG1
Porphyromonas.sp.oral.taxon.278,0.00325238095238095,24.3928571428571,9.27272727272727,79.8333333333333,-2.89267491902924,0.000224175996825256,0.00309244242320543,RAG1
Bacteroidales.bacterium.M3,0.112180952380952,841.357142857143,306.181818181818,2803.66666666667,-2.96840036325561,5.30870096087487e-06,0.000546417006044335,RAG1
Bacteroidales.bacterium.6E,0.0032952380952381,24.7142857142857,8.81818181818182,83,-3.00157645822386,0.000237522147697977,0.00309244242320543,RAG1
Bacteroides.sp.CAG.1060.57.27,0.00697619047619048,52.3214285714286,18.6363636363636,175.833333333333,-3.00444720239942,0.000242733074679214,0.00309244242320543,RAG1
Lachnospiraceae.bacterium.6.1.37FAA,0.0023047619047619,17.2857142857143,5.90909090909091,59,-3.07137490608565,0.000216612361146033,0.00309244242320543,RAG1
Bacteroidales.bacterium.KHT7,0.00509047619047619,38.1785714285714,12.6818181818182,131.666666666667,-3.11653485273691,0.000240354243145827,0.00309244242320543,RAG1
Sphaerochaeta.globosa,0.00578095238095238,43.3571428571429,14.0909090909091,150.666666666667,-3.15001747291698,0.000229630176281008,0.00309244242320543,RAG1
Geobacteraceae.bacterium.GWC2.58.44,0.0017047619047619,12.7857142857143,4.09090909090909,44.6666666666667,-3.17352293888607,0.000207955448796029,0.00309244242320543,RAG1
Bacteroides.sp.CAG.545,0.00565714285714286,42.4285714285714,13.4090909090909,148.833333333333,-3.19181716151413,0.000236583551815459,0.00309244242320543,RAG1
Bacteroidales.bacterium.H1,0.0308190476190476,231.142857142857,72.8636363636364,811.5,-3.19558377345769,0.000243210893298433,0.00309244242320543,RAG1
Tannerella.sp.oral.taxon.HOT.286,0.0141666666666667,106.25,30.8636363636364,382.666666666667,-3.31108734402852,0.000241779491412985,0.00309244242320543,RAG1
Porphyromonas.cangingivalis,0.00500476190476191,37.5357142857143,10.3636363636364,137.166666666667,-3.37819681111784,0.000223725802433871,0.00309244242320543,RAG1
Bacteroidales.bacterium.43.8,0.00455714285714286,34.1785714285714,9.22727272727273,125.666666666667,-3.40679522497704,0.000237522147697977,0.00309244242320543,RAG1
Neolentinus.lepideus,0.00882857142857143,66.2142857142857,17.7727272727273,243.833333333333,-3.41407603543526,0.000242255940901783,0.00309244242320543,RAG1
Bacteroidales.bacterium.M8,0.60772380952381,4557.92857142857,1205.5,16850.1666666667,-3.43240716072986,0.000244648463737279,0.00309244242320543,RAG1
Alistipes.sp.CAG.831,0.0128428571428571,96.3214285714286,23.3181818181818,364,-3.53692655138706,0.000241779491412985,0.00309244242320543,RAG1
candidate.division.TA06.bacterium.JGI.Cruoil.03.38.101,0.00578095238095238,43.3571428571429,7.45454545454545,175,-3.86431031900554,0.000236115270619408,0.00309244242320543,RAG1
Clostridium.nexile.CAG.348,0.00374761904761905,28.1071428571429,4.27272727272727,115.5,-3.95726002079242,0.000173601366001378,0.00309244242320543,RAG1
Bacteroidales.bacterium.H5,0.333961904761905,2504.71428571429,306.136363636364,10566.1666666667,-4.09628769299105,5.30870096087487e-06,0.000546417006044335,RAG1
Bacteroidales.bacterium.GP2,0.0190333333333333,142.75,16.6818181818182,605,-4.12131826142334,0.000240354243145827,0.00309244242320543,RAG1
Neptunomonas.antarctica,0.000123809523809524,0.928571428571429,0,4.33333333333333,-4.66666666666667,0.00703822652732669,0.0250979033516923,RAG1
