Species,Abundance,OverallMean,Young.Mean,Old.Mean,Fold.Difference,p_Unadjusted,FDR,HigherIn
Clostridium.sp.29.15,0.000877777777777778,6.58333333333333,13.1666666666667,0,2,0.00272453179091941,0.0384080496653663,Young
Akkermansia.sp.54.46,0.00304444444444444,22.8333333333333,45.6666666666667,0,2,0.00277843011009903,0.0384080496653663,Young
Akkermansia.sp.CAG.344,0.000888888888888889,6.66666666666667,13.3333333333333,0,2,0.00277843011009903,0.0384080496653663,Young
Akkermansia.sp.UNK.MGS.1,0.00525555555555555,39.4166666666667,78.8333333333333,0,2,0.00277843011009903,0.0384080496653663,Young
Burkholderiales.bacterium.1.1.47,0.00926666666666667,69.5,139,0,2,0.00277843011009903,0.0384080496653663,Young
Parasutterella.excrementihominis,0.0176222222222222,132.166666666667,264.333333333333,0,2,0.00277843011009903,0.0384080496653663,Young
Lysinibacillus.chungkukjangi,0.00162222222222222,12.1666666666667,24.3333333333333,0,2,0.00962171958575914,0.0493800394454853,Young
Akkermansia.muciniphila,0.941611111111111,7062.08333333333,14024.1666666667,100,1.97167974511771,0.00216450216450216,0.0384080496653663,Young
Faecalibaculum.rodentium,1.90232222222222,14267.4166666667,26908.6666666667,1626.16666666667,1.77204469391212,0.00216450216450216,0.0384080496653663,Young
Muribaculum.sp.TLL.A4,2.24943333333333,16870.75,31313.6666666667,2427.83333333333,1.71218430320723,0.00216450216450216,0.0384080496653663,Young
Bacteroidales.bacterium.43.8,0.000777777777777778,5.83333333333333,10.6666666666667,1,1.65714285714286,0.00674340809694997,0.0452816702584912,Young
Clostridium.sp.AM43.3BH,0.00388888888888889,29.1666666666667,52.8333333333333,5.5,1.62285714285714,0.0438263654660942,0.112731126986771,Young
Mucispirillum.schaedleri,0.885955555555556,6644.66666666667,11820.1666666667,1469.16666666667,1.55779070934082,0.0411255411255411,0.108435601096152,Young
Prevotella.sp.CAG.1031,0.0896777777777778,672.583333333333,1193.5,151.666666666667,1.54900260190807,0.00216450216450216,0.0384080496653663,Young
Pleurotus.salmoneostramineus,0.00475555555555556,35.6666666666667,62,9.33333333333333,1.47663551401869,0.0367092579978252,0.102755849151766,Young
Prevotella.sp.CAG.1185,0.0153333333333333,115,197,33,1.42608695652174,0.00216450216450216,0.0384080496653663,Young
Prevotella.sp.CAG.592,0.00518888888888889,38.9166666666667,66.5,11.3333333333333,1.41755888650964,0.00499812476508246,0.0384080496653663,Young
Prevotella.sp.KCOM.3155,0.0099,74.25,126.666666666667,21.8333333333333,1.41189674523008,0.00216450216450216,0.0384080496653663,Young
Clostridium.cocleatum,0.0157111111111111,117.833333333333,199.666666666667,36,1.38896746817539,0.00216450216450216,0.0384080496653663,Young
Prevotella.bryantii,0.00384444444444444,28.8333333333333,48.5,9.16666666666667,1.36416184971098,0.00499812476508246,0.0384080496653663,Young
Bacteroidales.bacterium.H7,0.224522222222222,1683.91666666667,2831,536.833333333333,1.36239916860494,0.00216450216450216,0.0384080496653663,Young
Bacteroidales.bacterium.H9,0.00398888888888889,29.9166666666667,50.1666666666667,9.66666666666667,1.35376044568245,0.00216450216450216,0.0384080496653663,Young
Bacteroides.sp.CF01.10NS,0.00197777777777778,14.8333333333333,24.8333333333333,4.83333333333333,1.34831460674157,0.0100067943516595,0.0497255697343437,Young
Bilophila.wadsworthia,0.00671111111111111,50.3333333333333,84.1666666666667,16.5,1.34437086092715,0.0303479417395604,0.0882793365986808,Young
Prevotella.sp.CAG.1124,0.0187444444444444,140.583333333333,233.5,47.6666666666667,1.32187314759929,0.00216450216450216,0.0384080496653663,Young
Burkholderiales.bacterium,0.00682222222222222,51.1666666666667,84.1666666666667,18.1666666666667,1.28990228013029,0.00499812476508246,0.0384080496653663,Young
Prevotella.sp.CAG.1058,0.0261333333333333,196,322.333333333333,69.6666666666667,1.2891156462585,0.00499812476508246,0.0384080496653663,Young
Bacteroidales.bacterium.H3,0.154677777777778,1160.08333333333,1907.16666666667,413,1.28798218518785,0.00216450216450216,0.0384080496653663,Young
Prevotella.oris,0.00252222222222222,18.9166666666667,31,6.83333333333333,1.27753303964758,0.00499812476508246,0.0384080496653663,Young
Prevotella.sp.KH2C16,0.00675555555555556,50.6666666666667,83,18.3333333333333,1.27631578947368,0.00216450216450216,0.0384080496653663,Young
Clostridium.grantii,0.00917777777777778,68.8333333333333,112.666666666667,25,1.27360774818402,0.025974025974026,0.0804411106135244,Young
Coprococcus.sp.TF11.13,0.00844444444444444,63.3333333333333,103,23.6666666666667,1.25263157894737,0.00432900432900433,0.0384080496653663,Young
Clostridium.sp.OM05.9,0.00291111111111111,21.8333333333333,35,8.66666666666667,1.20610687022901,0.00216450216450216,0.0384080496653663,Young
Prevotella.sp.CAG.255,0.0240222222222222,180.166666666667,286.666666666667,73.6666666666667,1.18223866790009,0.00216450216450216,0.0384080496653663,Young
Prevotella.enoeca,0.00574444444444444,43.0833333333333,68.3333333333333,17.8333333333333,1.17214700193424,0.00499812476508246,0.0384080496653663,Young
Erysipelatoclostridium.ramosum,0.00466666666666667,35,55.1666666666667,14.8333333333333,1.15238095238095,0.0449512427024494,0.112731126986771,Young
Prevotella.buccalis,0.00723333333333333,54.25,85,23.5,1.13364055299539,0.00499812476508246,0.0384080496653663,Young
Bacteroides.sp.43.108,0.0108888888888889,81.6666666666667,127.666666666667,35.6666666666667,1.1265306122449,0.00499812476508246,0.0384080496653663,Young
Amanita.inopinata,0.00121111111111111,9.08333333333333,14.1666666666667,4,1.11926605504587,0.0125919114903797,0.0553634080389313,Young
Parabacteroides.johnsonii,0.0157111111111111,117.833333333333,182.166666666667,53.5,1.09193776520509,0.00499812476508246,0.0384080496653663,Young
Prevotella.fusca,0.00278888888888889,20.9166666666667,32.1666666666667,9.66666666666667,1.07569721115538,0.00492203567532315,0.0384080496653663,Young
Parabacteroides.sp.SN4,0.0083,62.25,95.3333333333333,29.1666666666667,1.06291834002677,0.00499812476508246,0.0384080496653663,Young
Bacteroidales.bacterium.M10,2.01454444444444,15109.0833333333,23028.8333333333,7189.33333333333,1.04834288424733,0.00865800865800866,0.0460798460798461,Young
Prevotella.sp.tf2.5,0.00232222222222222,17.4166666666667,26.5,8.33333333333333,1.04306220095694,0.0200223867508669,0.0708674132044229,Young
Bacteroides.sp.CAG.754,0.266088888888889,1995.66666666667,3034.33333333333,957,1.0409219976616,0.0151515151515152,0.0606482653836414,Young
Desulfovibrionaceae.bacterium,0.0131,98.25,149.333333333333,47.1666666666667,1.03986429177269,0.00432900432900433,0.0384080496653663,Young
Prevotella.sp.CAG.1092,0.00571111111111111,42.8333333333333,65,20.6666666666667,1.03501945525292,0.00492203567532315,0.0384080496653663,Young
Prevotella.sp.CAG.1320,0.00694444444444444,52.0833333333333,79,25.1666666666667,1.0336,0.00216450216450216,0.0384080496653663,Young
Bacteroides.sp.3.1.23,0.0112777777777778,84.5833333333333,128,41.1666666666667,1.02660098522168,0.037040730591938,0.102755849151766,Young
Prevotella.marshii,0.00502222222222222,37.6666666666667,57,18.3333333333333,1.02654867256637,0.00499812476508246,0.0384080496653663,Young
Clostridium.sp.AM34.9AC,0.00548888888888889,41.1666666666667,62,20.3333333333333,1.01214574898785,0.00865800865800866,0.0460798460798461,Young
Lactobacillus.animalis,0.0125111111111111,93.8333333333333,141,46.6666666666667,1.00532859680284,0.0200223867508669,0.0708674132044229,Young
Bacteroides.sp.AM32.11AC,0.00468888888888889,35.1666666666667,52.6666666666667,17.6666666666667,0.995260663507109,0.037040730591938,0.102755849151766,Young
Blautia.sp.AF19.34,0.00344444444444444,25.8333333333333,38.5,13.1666666666667,0.980645161290323,0.0159365705333911,0.0606489812783315,Young
Prevotella.maculosa,0.00633333333333333,47.5,70.6666666666667,24.3333333333333,0.975438596491228,0.00499812476508246,0.0384080496653663,Young
Prevotella.sp.CAG.520,0.00866666666666667,65,96.6666666666667,33.3333333333333,0.974358974358974,0.00499812476508246,0.0384080496653663,Young
Campylobacter.fetus,0.0379444444444444,284.583333333333,422.833333333333,146.333333333333,0.971595900439239,0.025974025974026,0.0804411106135244,Young
Bacteroides.sp.D2,0.00404444444444444,30.3333333333333,45,15.6666666666667,0.967032967032967,0.0151515151515152,0.0606482653836414,Young
Prevotella.buccae,0.00391111111111111,29.3333333333333,43.5,15.1666666666667,0.965909090909091,0.00432900432900433,0.0384080496653663,Young
Prevotella.shahii,0.00548888888888889,41.1666666666667,60.8333333333333,21.5,0.955465587044535,0.00492203567532315,0.0384080496653663,Young
Prevotella.intermedia,0.0156888888888889,117.666666666667,173.166666666667,62.1666666666667,0.943342776203966,0.00216450216450216,0.0384080496653663,Young
Bacteroides.sp.AM16.13,0.00171111111111111,12.8333333333333,18.8333333333333,6.83333333333333,0.935064935064935,0.0303479417395604,0.0882793365986808,Young
Prevotella.sp.Marseille.P4334,0.00248888888888889,18.6666666666667,27.3333333333333,10,0.928571428571428,0.0100067943516595,0.0497255697343437,Young
Prevotella.copri,0.0334666666666667,251,367.5,134.5,0.928286852589641,0.00216450216450216,0.0384080496653663,Young
Prevotella.sp.Marseille.P4119,0.00786666666666667,59,86.3333333333333,31.6666666666667,0.926553672316384,0.00432900432900433,0.0384080496653663,Young
Lachnospiraceae.bacterium.COE1,4.10233333333333,30767.5,44994.6666666667,16540.3333333333,0.92481785433764,0.0411255411255411,0.108435601096152,Young
Bacteroides.sp.3.1.13,0.00527777777777778,39.5833333333333,57.8333333333333,21.3333333333333,0.922105263157895,0.0151515151515152,0.0606482653836414,Young
Prevotellaceae.bacterium.HUN156,0.00324444444444444,24.3333333333333,35.5,13.1666666666667,0.917808219178082,0.0102718377307058,0.0500360366746583,Young
Bacteroides.sp.CAG.530,0.0119,89.25,130.166666666667,48.3333333333333,0.916900093370681,0.00216450216450216,0.0384080496653663,Young
Bacteroidales.bacterium.M3,0.0423111111111111,317.333333333333,462.666666666667,172,0.915966386554622,0.00216450216450216,0.0384080496653663,Young
Prevotella.sp.CAG.474,0.00968888888888889,72.6666666666667,105.833333333333,39.5,0.912844036697248,0.00620835573025265,0.0433287281476094,Young
Prevotella.albensis,0.00293333333333333,22,32,12,0.909090909090909,0.00499812476508246,0.0384080496653663,Young
uncultured.Prevotella.sp.,0.135544444444444,1016.58333333333,1475.66666666667,557.5,0.903188785966063,0.00216450216450216,0.0384080496653663,Young
Bacteroidales.bacterium.M2,0.2194,1645.5,2383.83333333333,907.166666666667,0.897396941152639,0.00216450216450216,0.0384080496653663,Young
Prevotella.melaninogenica,0.00322222222222222,24.1666666666667,35,13.3333333333333,0.896551724137931,0.00499812476508246,0.0384080496653663,Young
Bacteroides.finegoldii,0.0260555555555556,195.416666666667,281.666666666667,109.166666666667,0.88272921108742,0.0151515151515152,0.0606482653836414,Young
Bacteroides.faecis,0.00488888888888889,36.6666666666667,52.8333333333333,20.5,0.881818181818182,0.00865800865800866,0.0460798460798461,Young
Bacteroidales.bacterium.Phil12,0.00511111111111111,38.3333333333333,55.1666666666667,21.5,0.878260869565217,0.00865800865800866,0.0460798460798461,Young
Prevotella.brevis,0.00714444444444444,53.5833333333333,77,30.1666666666667,0.87402799377916,0.0129065704196534,0.0553634080389313,Young
Prevotella.paludivivens,0.00448888888888889,33.6666666666667,48.3333333333333,19,0.871287128712871,0.00432900432900433,0.0384080496653663,Young
Ignavibacteriales.bacterium.CG.4.9.14.3.um.filter.34.10,0.00223333333333333,16.75,24,9.5,0.865671641791045,0.00432900432900433,0.0384080496653663,Young
Prevotella.denticola,0.00732222222222222,54.9166666666667,78.6666666666667,31.1666666666667,0.8649468892261,0.00812704263106845,0.0460798460798461,Young
Bacteroides.sp.AM16.15,0.00977777777777778,73.3333333333333,104.833333333333,41.8333333333333,0.859090909090909,0.00216450216450216,0.0384080496653663,Young
Bacteroidales.bacterium.GP2,0.00252222222222222,18.9166666666667,27,10.8333333333333,0.854625550660793,0.00499812476508246,0.0384080496653663,Young
Prevotella.ihumii,0.00348888888888889,26.1666666666667,37.1666666666667,15.1666666666667,0.840764331210191,0.00812704263106845,0.0460798460798461,Young
Prevotella.sp.DNF00663,0.00946666666666667,71,100.5,41.5,0.830985915492958,0.00216450216450216,0.0384080496653663,Young
Bacteroides.caccae.CAG.21,0.0012,9,12.6666666666667,5.33333333333333,0.814814814814815,0.0408585106356871,0.108435601096152,Young
Prevotella.amnii,0.00453333333333333,34,47.8333333333333,20.1666666666667,0.813725490196078,0.0063922688707677,0.0433287281476094,Young
Flavobacterium.anhuiense,0.00295555555555556,22.1666666666667,31.1666666666667,13.1666666666667,0.81203007518797,0.0063922688707677,0.0433287281476094,Young
Bacteroides.ovatus,0.0496222222222222,372.166666666667,521.166666666667,223.166666666667,0.800716524854456,0.00216450216450216,0.0384080496653663,Young
Bacteroides.caccae,0.0452,339,474.5,203.5,0.799410029498525,0.00865800865800866,0.0460798460798461,Young
Prevotella.saccharolytica,0.00483333333333333,36.25,50.6666666666667,21.8333333333333,0.795402298850575,0.025974025974026,0.0804411106135244,Young
Prevotella.sp.MA2016,0.00445555555555556,33.4166666666667,46.3333333333333,20.5,0.773067331670823,0.0151515151515152,0.0606482653836414,Young
Prevotella.baroniae,0.00601111111111111,45.0833333333333,62.5,27.6666666666667,0.77264325323475,0.0063922688707677,0.0433287281476094,Young
Prevotella.bivia,0.0042,31.5,43.6666666666667,19.3333333333333,0.772486772486772,0.00499812476508246,0.0384080496653663,Young
Prevotella.colorans,0.0053,39.75,55,24.5,0.767295597484277,0.00812704263106845,0.0460798460798461,Young
Rubellimicrobium.thermophilum,0.0140333333333333,105.25,145.333333333333,65.1666666666667,0.761678543151227,0.0129065704196534,0.0553634080389313,Young
Bacteroidales.bacterium.H5,0.0391222222222222,293.416666666667,404.5,182.333333333333,0.757171258165294,0.00216450216450216,0.0384080496653663,Young
Bacteroidales.bacterium.KHT7,0.00221111111111111,16.5833333333333,22.8333333333333,10.3333333333333,0.753768844221105,0.0125919114903797,0.0553634080389313,Young
Prevotella.corporis,0.00421111111111111,31.5833333333333,43.3333333333333,19.8333333333333,0.744063324538259,0.00779582661735462,0.0460798460798461,Young
Bacteroides.xylanisolvens,0.0347333333333333,260.5,356.666666666667,164.333333333333,0.738323736404351,0.025974025974026,0.0804411106135244,Young
Prevotella.sp.ne3005,0.00193333333333333,14.5,19.8333333333333,9.16666666666667,0.735632183908046,0.0242185017919254,0.0804411106135244,Young
Prevotella.pallens,0.00344444444444444,25.8333333333333,35.3333333333333,16.3333333333333,0.735483870967742,0.00492203567532315,0.0384080496653663,Young
Prevotella.stercorea,0.00585555555555556,43.9166666666667,60,27.8333333333333,0.732447817836812,0.00499812476508246,0.0384080496653663,Young
Bacteroides.sp.OF03.11BH,0.00537777777777778,40.3333333333333,55,25.6666666666667,0.727272727272727,0.0159365705333911,0.0606489812783315,Young
Prevotella.sp.TF12.30,0.00275555555555556,20.6666666666667,28.1666666666667,13.1666666666667,0.725806451612903,0.0129065704196534,0.0553634080389313,Young
Prevotella.veroralis,0.00604444444444444,45.3333333333333,61.6666666666667,29,0.720588235294118,0.00216450216450216,0.0384080496653663,Young
Prevotella.timonensis,0.00395555555555556,29.6666666666667,40.3333333333333,19,0.719101123595506,0.00499812476508246,0.0384080496653663,Young
Prevotella.sp.CAG.924,0.00584444444444444,43.8333333333333,59.3333333333333,28.3333333333333,0.707224334600761,0.00216450216450216,0.0384080496653663,Young
Bacteroidales.bacterium.KA00344,0.00357777777777778,26.8333333333333,36.1666666666667,17.5,0.695652173913043,0.0161224153433004,0.0606489812783315,Young
Bacteroidales.bacterium.H8,0.0018,13.5,18.1666666666667,8.83333333333333,0.691358024691358,0.0195887872912736,0.0708674132044229,Young
Prevotella.ruminicola,0.00608888888888889,45.6666666666667,61.3333333333333,30,0.686131386861314,0.0200223867508669,0.0708674132044229,Young
Prevotella.disiens,0.00337777777777778,25.3333333333333,34,16.6666666666667,0.684210526315789,0.0129065704196534,0.0553634080389313,Young
Candidatus.Homeothermus.arabinoxylanisolvens,0.109177777777778,818.833333333333,1098.83333333333,538.833333333333,0.683899857520863,0.00216450216450216,0.0384080496653663,Young
Prevotella.oryzae,0.00566666666666667,42.5,57,28,0.682352941176471,0.025974025974026,0.0804411106135244,Young
Bacteroides.sp.Marseille.P3684,0.00336666666666667,25.25,33.8333333333333,16.6666666666667,0.67986798679868,0.0063922688707677,0.0433287281476094,Young
uncultured.Prevotellaceae.bacterium,0.3179,2384.25,3187,1581.5,0.67337737233931,0.00216450216450216,0.0384080496653663,Young
Bacteroidales.bacterium.K1,0.125766666666667,943.25,1260.33333333333,626.166666666667,0.672320876402509,0.00432900432900433,0.0384080496653663,Young
Paeniclostridium.sordellii,0.00332222222222222,24.9166666666667,33.1666666666667,16.6666666666667,0.662207357859532,0.0367092579978252,0.102755849151766,Young
Parabacteroides.goldsteinii,0.0435777777777778,326.833333333333,434.5,219.166666666667,0.658847526772055,0.00432900432900433,0.0384080496653663,Young
Prevotella.multiformis,0.00367777777777778,27.5833333333333,36.6666666666667,18.5,0.658610271903323,0.0200223867508669,0.0708674132044229,Young
bacterium.P201,0.00841111111111111,63.0833333333333,83.8333333333333,42.3333333333333,0.657859973579921,0.00432900432900433,0.0384080496653663,Young
Bacteroidales.bacterium.H1,0.00993333333333333,74.5,98.5,50.5,0.644295302013423,0.00499812476508246,0.0384080496653663,Young
Butyricimonas.faecihominis,0.00481111111111111,36.0833333333333,47.5,24.6666666666667,0.632794457274827,0.00779582661735462,0.0460798460798461,Young
Prevotella.multisaccharivorax,0.00564444444444444,42.3333333333333,55.6666666666667,29,0.62992125984252,0.0125919114903797,0.0553634080389313,Young
Cronobacter.dublinensis,0.0347,260.25,341,179.5,0.620557156580211,0.00865800865800866,0.0460798460798461,Young
Bacteroides.clarus,0.0472888888888889,354.666666666667,463.166666666667,246.166666666667,0.611842105263158,0.00432900432900433,0.0384080496653663,Young
Bacteroides.pyogenes,0.0468111111111111,351.083333333333,458.166666666667,244,0.610016615238547,0.00865800865800866,0.0460798460798461,Young
Prevotellaceae.bacterium,0.00213333333333333,16,20.5,11.5,0.5625,0.0157516428210676,0.0606489812783315,Young
Bacteroidales.bacterium.M5,0.0810777777777778,608.083333333333,778.666666666667,437.5,0.561052487323558,0.0449512427024494,0.112731126986771,Young
Mycolicibacterium.chubuense,0.00231111111111111,17.3333333333333,22.1666666666667,12.5,0.557692307692308,0.00987553919529288,0.0497255697343437,Young
Bacteroides.sartorii,0.208133333333333,1561,1995.5,1126.5,0.556694426649584,0.00865800865800866,0.0460798460798461,Young
Tricholoma.matsutake,0.00193333333333333,14.5,18.5,10.5,0.551724137931034,0.0159365705333911,0.0606489812783315,Young
Prevotella.bergensis,0.00651111111111111,48.8333333333333,62,35.6666666666667,0.539249146757679,0.025974025974026,0.0804411106135244,Young
Bacteroidales.bacterium.M9,0.7097,5322.75,6689,3956.5,0.5133624536189,0.00216450216450216,0.0384080496653663,Young
Bacteroides.caecimuris,1.34401111111111,10080.0833333333,12642.1666666667,7518,0.508345665131737,0.025974025974026,0.0804411106135244,Young
Pandoraea.thiooxydans,0.0027,20.25,25.3333333333333,15.1666666666667,0.502057613168724,0.037040730591938,0.102755849151766,Young
Bacteroidales.bacterium.H6,0.0411222222222222,308.416666666667,384.333333333333,232.5,0.492299378546339,0.0151515151515152,0.0606482653836414,Young
Butyricimonas.synergistica,0.0279333333333333,209.5,261,158,0.491646778042959,0.00865800865800866,0.0460798460798461,Young
Bacteroidales.bacterium.GP3,0.0105111111111111,78.8333333333333,98.1666666666667,59.5,0.490486257928119,0.00216450216450216,0.0384080496653663,Young
Bacteroidales.bacterium,4.57832222222222,34337.4166666667,42724.6666666667,25950.1666666667,0.488519569274528,0.025974025974026,0.0804411106135244,Young
Parabacteroides.sp.D13,0.00864444444444445,64.8333333333333,80.5,49.1666666666667,0.483290488431877,0.0449512427024494,0.112731126986771,Young
Porphyromonas.cangingivalis,0.00171111111111111,12.8333333333333,15.8333333333333,9.83333333333333,0.467532467532468,0.0357196496100077,0.102453366246669,Young
Bacteroides.sp.3.1.33FAA,0.00555555555555556,41.6666666666667,51.3333333333333,32,0.464,0.0129065704196534,0.0553634080389313,Young
Trichosporon.faecale,0.00312222222222222,23.4166666666667,28.8333333333333,18,0.462633451957295,0.0247217123384461,0.0804411106135244,Young
Petrimonas.mucosa,0.00281111111111111,21.0833333333333,25.8333333333333,16.3333333333333,0.450592885375494,0.0247217123384461,0.0804411106135244,Young
Achromobacter.denitrificans,0.0023,17.25,21,13.5,0.434782608695652,0.0161224153433004,0.0606489812783315,Young
Dysgonomonas.sp.HGC4,0.0023,17.25,21,13.5,0.434782608695652,0.0303479417395604,0.0882793365986808,Young
Bacteroidales.bacterium.GP4,0.152033333333333,1140.25,1377.66666666667,902.833333333333,0.416429145655193,0.025974025974026,0.0804411106135244,Young
Bacteroidales.bacterium.52.46,0.0318,238.5,287.166666666667,189.833333333333,0.408106219426974,0.025974025974026,0.0804411106135244,Young
Coprobacter.sp.,0.00276666666666667,20.75,24.6666666666667,16.8333333333333,0.377510040160643,0.0367092579978252,0.102755849151766,Young
Clostridium.beijerinckii,0.00693333333333333,52,61.6666666666667,42.3333333333333,0.371794871794872,0.0411255411255411,0.108435601096152,Young
Streptococcus.canis,0.00204444444444444,15.3333333333333,18.1666666666667,12.5,0.369565217391304,0.043079954193236,0.112731126986771,Young
Bacteroidales.bacterium.GP1,0.0122666666666667,92,107.666666666667,76.3333333333333,0.340579710144928,0.0411255411255411,0.108435601096152,Young
Bacteroidales.bacterium.H10,0.0993111111111111,744.833333333333,866,623.666666666667,0.325352427836205,0.025974025974026,0.0804411106135244,Young
Parabacteroides.sp.AM08.6,0.00543333333333333,40.75,47.3333333333333,34.1666666666667,0.323108384458078,0.0300577569306801,0.0882793365986808,Young
Holdemania.sp.Marseille.P2844,0.00243333333333333,18.25,15.3333333333333,21.1666666666667,-0.319634703196347,0.0438263654660942,0.112731126986771,Old
Hespellia.stercorisuis,0.0352888888888889,264.666666666667,219.5,309.833333333333,-0.341309823677582,0.0411255411255411,0.108435601096152,Old
Clostridium.symbiosum,0.0333444444444444,250.083333333333,207.166666666667,293,-0.343218927024325,0.00865800865800866,0.0460798460798461,Old
Clostridiales.bacterium.Firm.11,0.00464444444444444,34.8333333333333,28.6666666666667,41,-0.354066985645933,0.0445755964572093,0.112731126986771,Old
Mesorhizobium.sp.,0.00492222222222222,36.9166666666667,30.1666666666667,43.6666666666667,-0.36568848758465,0.0353914164297582,0.102123424517194,Old
Clostridium.citroniae,0.0183888888888889,137.916666666667,112.5,163.333333333333,-0.368580060422961,0.037040730591938,0.102755849151766,Old
Blautia.wexlerae,0.0198,148.5,120.5,176.5,-0.377104377104377,0.0411255411255411,0.108435601096152,Old
Candidatus.Rokubacteria.bacterium,0.0100888888888889,75.6666666666667,61.1666666666667,90.1666666666667,-0.383259911894273,0.0303479417395604,0.0882793365986808,Old
Clostridium.sp.AF23.8,0.0035,26.25,21.1666666666667,31.3333333333333,-0.387301587301587,0.0303479417395604,0.0882793365986808,Old
Raoultibacter.timonensis,0.00626666666666667,47,37.8333333333333,56.1666666666667,-0.390070921985815,0.0303479417395604,0.0882793365986808,Old
Lachnospiraceae.bacterium.3.2,0.796377777777778,5972.83333333333,4769.5,7176.16666666667,-0.402935513575355,0.0151515151515152,0.0606482653836414,Old
Clostridium.sp.AF18.27,0.0145444444444444,109.083333333333,86.5,131.666666666667,-0.41405653170359,0.0411255411255411,0.108435601096152,Old
Butyrivibrio.sp.LB2008,0.00434444444444444,32.5833333333333,25.8333333333333,39.3333333333333,-0.414322250639386,0.00768699880768741,0.0460798460798461,Old
Lachnospiraceae.bacterium.2.1.46FAA,0.0136444444444444,102.333333333333,80.8333333333333,123.833333333333,-0.420195439739414,0.0449512427024494,0.112731126986771,Old
uncultured.Erysipelotrichaceae.bacterium,0.00467777777777778,35.0833333333333,27.6666666666667,42.5,-0.422802850356295,0.0445755964572093,0.112731126986771,Old
Chloroflexi.bacterium,0.00577777777777778,43.3333333333333,34.1666666666667,52.5,-0.423076923076923,0.00216450216450216,0.0384080496653663,Old
Bacteroidetes.bacterium,0.00507777777777778,38.0833333333333,29.8333333333333,46.3333333333333,-0.433260393873085,0.0445755964572093,0.112731126986771,Old
Roseburia.sp.CAG.309,0.0110111111111111,82.5833333333333,64.3333333333333,100.833333333333,-0.441977800201816,0.0411255411255411,0.108435601096152,Old
Firmicutes.bacterium.CAG.110,0.00482222222222222,36.1666666666667,28.1666666666667,44.1666666666667,-0.442396313364055,0.0449512427024494,0.112731126986771,Old
Anaerostipes.sp.AF04.45,0.00485555555555556,36.4166666666667,28.3333333333333,44.5,-0.443935926773455,0.037040730591938,0.102755849151766,Old
Ruminococcaceae.bacterium.cv2,0.00705555555555556,52.9166666666667,41.1666666666667,64.6666666666667,-0.444094488188977,0.0411255411255411,0.108435601096152,Old
Ruminococcus.gauvreauii,0.0274555555555556,205.916666666667,159.5,252.333333333333,-0.450829623634156,0.0411255411255411,0.108435601096152,Old
Butyrivibrio.sp.INlla21,0.00622222222222222,46.6666666666667,36,57.3333333333333,-0.457142857142857,0.0303479417395604,0.0882793365986808,Old
Clostridium.lavalense,0.0145222222222222,108.916666666667,84,133.833333333333,-0.457536342769702,0.0411255411255411,0.108435601096152,Old
Halanaerobium.saccharolyticum,0.00242222222222222,18.1666666666667,14,22.3333333333333,-0.458715596330275,0.0445755964572093,0.112731126986771,Old
Clostridium.butyricum,0.00386666666666667,29,22.3333333333333,35.6666666666667,-0.459770114942529,0.0244696505769867,0.0804411106135244,Old
Clostridium.sp.CAG.448,0.00375555555555556,28.1666666666667,21.6666666666667,34.6666666666667,-0.461538461538461,0.0438263654660942,0.112731126986771,Old
Lachnospiraceae.bacterium.MC2017,0.00546666666666667,41,31.5,50.5,-0.463414634146341,0.0445755964572093,0.112731126986771,Old
Anaerostipes.caccae,0.00353333333333333,26.5,20.3333333333333,32.6666666666667,-0.465408805031446,0.0161224153433004,0.0606489812783315,Old
uncultured.Ruminococcus.sp.,0.0921333333333333,691,530,852,-0.465991316931983,0.025974025974026,0.0804411106135244,Old
Hungatella.hathewayi,0.205511111111111,1541.33333333333,1181.83333333333,1900.83333333333,-0.466479238754325,0.0411255411255411,0.108435601096152,Old
Firmicutes.bacterium.CAG.646,0.0228888888888889,171.666666666667,131.5,211.833333333333,-0.467961165048544,0.025974025974026,0.0804411106135244,Old
Clostridiaceae.bacterium.14S0207,0.0016,12,9.16666666666667,14.8333333333333,-0.472222222222222,0.0438263654660942,0.112731126986771,Old
Clostridium.sp.AM33.3,0.0216333333333333,162.25,123.833333333333,200.666666666667,-0.473549049820236,0.025974025974026,0.0804411106135244,Old
Anaerobacterium.chartisolvens,0.00376666666666667,28.25,21.5,35,-0.47787610619469,0.0200223867508669,0.0708674132044229,Old
Rhodopseudomonas.palustris,0.00291111111111111,21.8333333333333,16.5,27.1666666666667,-0.488549618320611,0.0367092579978252,0.102755849151766,Old
Eisenbergiella.tayi,0.0165111111111111,123.833333333333,93.5,154.166666666667,-0.489905787348587,0.0151515151515152,0.0606482653836414,Old
Ruminococcus.albus,0.00993333333333333,74.5,56.1666666666667,92.8333333333333,-0.492170022371365,0.0200223867508669,0.0708674132044229,Old
Phormidesmis.priestleyi,0.00171111111111111,12.8333333333333,9.66666666666667,16,-0.493506493506494,0.0129065704196534,0.0553634080389313,Old
Ruminococcaceae.bacterium.Marseille.P2935,0.00543333333333333,40.75,30.6666666666667,50.8333333333333,-0.494887525562372,0.0151515151515152,0.0606482653836414,Old
Clostridium.sp.D5,0.0320111111111111,240.083333333333,180.333333333333,299.833333333333,-0.497743838944811,0.0411255411255411,0.108435601096152,Old
Ruminococcus.lactaris,0.0295888888888889,221.916666666667,166.5,277.333333333333,-0.499436725497559,0.0151515151515152,0.0606482653836414,Old
Dorea.longicatena,0.0600111111111111,450.083333333333,337.666666666667,562.5,-0.499537122755045,0.00432900432900433,0.0384080496653663,Old
Ruminococcus.sp.AF41.9,0.0134888888888889,101.166666666667,75.8333333333333,126.5,-0.500823723228995,0.0367092579978252,0.102755849151766,Old
Dorea.sp.D27,0.0265444444444444,199.083333333333,149.166666666667,249,-0.501465048137296,0.0411255411255411,0.108435601096152,Old
Anaerotignum.propionicum,0.00576666666666667,43.25,32.3333333333333,54.1666666666667,-0.504816955684008,0.025974025974026,0.0804411106135244,Old
Uromyces.viciae.fabae,0.00267777777777778,20.0833333333333,15,25.1666666666667,-0.506224066390042,0.0367092579978252,0.102755849151766,Old
Eubacterium.plexicaudatum,2.23471111111111,16760.3333333333,12495.6666666667,21025,-0.508899982100595,0.00216450216450216,0.0384080496653663,Old
Lachnospiraceae.bacterium.NK4A144,0.00537777777777778,40.3333333333333,30,50.6666666666667,-0.512396694214876,0.025974025974026,0.0804411106135244,Old
Pseudoclostridium.thermosuccinogenes,0.00367777777777778,27.5833333333333,20.5,34.6666666666667,-0.513595166163142,0.0411255411255411,0.108435601096152,Old
Arabia.massiliensis,0.0124111111111111,93.0833333333333,68.8333333333333,117.333333333333,-0.521038495971352,0.0198051234581123,0.0708674132044229,Old
uncultured.Roseburia.sp.,0.0315555555555556,236.666666666667,174.833333333333,298.5,-0.522535211267606,0.00216450216450216,0.0384080496653663,Old
Clostridium.sp.Marseille.P2415,0.0343888888888889,257.916666666667,190,325.833333333333,-0.526655896607431,0.0449512427024494,0.112731126986771,Old
Blautia.sp.CAG.257,0.0441333333333333,331,243.666666666667,418.333333333333,-0.527693856998993,0.00432900432900433,0.0384080496653663,Old
Pedobacter.sp.,0.00562222222222222,42.1666666666667,31,53.3333333333333,-0.529644268774704,0.0101388948727646,0.0497255697343437,Old
Acetonema.longum,0.00205555555555556,15.4166666666667,11.3333333333333,19.5,-0.52972972972973,0.0297684423920641,0.0882793365986808,Old
uncultured.Blautia.sp.,0.0441888888888889,331.416666666667,243.5,419.333333333333,-0.530550666331405,0.0411255411255411,0.108435601096152,Old
Eubacterium.oxidoreducens,0.00932222222222222,69.9166666666667,51.3333333333333,88.5,-0.531585220500596,0.025974025974026,0.0804411106135244,Old
Oribacterium.asaccharolyticum,0.00672222222222222,50.4166666666667,37,63.8333333333333,-0.532231404958678,0.025974025974026,0.0804411106135244,Old
Christensenella.sp.Marseille.P3954,0.005,37.5,27.5,47.5,-0.533333333333333,0.0101388948727646,0.0497255697343437,Old
Butyrivibrio.sp.AC2005,0.00685555555555555,51.4166666666667,37.6666666666667,65.1666666666667,-0.53484602917342,0.025974025974026,0.0804411106135244,Old
Anaerotruncus.sp.G3.2012.,0.859133333333333,6443.5,4701.16666666667,8185.83333333333,-0.540803393600786,0.00216450216450216,0.0384080496653663,Old
Holdemania.filiformis,0.00507777777777778,38.0833333333333,27.6666666666667,48.5,-0.547045951859956,0.00477182171379712,0.0384080496653663,Old
Catabacter.hongkongensis,0.00434444444444444,32.5833333333333,23.6666666666667,41.5,-0.547314578005115,0.00499812476508246,0.0384080496653663,Old
Pseudomonas.putida,0.003,22.5,16.3333333333333,28.6666666666667,-0.548148148148148,0.0442006338476365,0.112731126986771,Old
Firmicutes.bacterium.CAG.534,0.0323444444444444,242.583333333333,175.666666666667,309.5,-0.551700446581931,0.00865800865800866,0.0460798460798461,Old
Lachnospiraceae.bacterium.AM48.27BH,0.0437444444444444,328.083333333333,237.333333333333,418.833333333333,-0.553213106426213,0.0449512427024494,0.112731126986771,Old
Anaeromassilibacillus.senegalensis,0.00873333333333333,65.5,47.3333333333333,83.6666666666667,-0.55470737913486,0.0303479417395604,0.0882793365986808,Old
Gordonibacter.urolithinfaciens,0.00625555555555556,46.9166666666667,33.8333333333333,60,-0.557726465364121,0.0122808186734451,0.0553634080389313,Old
Dendrosporobacter.quercicolus,0.00191111111111111,14.3333333333333,10.3333333333333,18.3333333333333,-0.558139534883721,0.0200223867508669,0.0708674132044229,Old
Blautia.schinkii,0.0624666666666667,468.5,337.666666666667,599.333333333333,-0.55852009960868,0.00216450216450216,0.0384080496653663,Old
Clostridium.sp.AF27.2AA,0.0244444444444444,183.333333333333,132,234.666666666667,-0.56,0.0200223867508669,0.0708674132044229,Old
Ruminiclostridium.sufflavum,0.00392222222222222,29.4166666666667,21.1666666666667,37.6666666666667,-0.560906515580736,0.0438263654660942,0.112731126986771,Old
Mordavella.sp.Marseille.P3756,0.0610111111111111,457.583333333333,329,586.166666666667,-0.562010562739027,0.025974025974026,0.0804411106135244,Old
Eggerthia.catenaformis,0.003,22.5,16.1666666666667,28.8333333333333,-0.562962962962963,0.0159365705333911,0.0606489812783315,Old
Propionispora.vibrioides,0.00133333333333333,10,7.16666666666667,12.8333333333333,-0.566666666666667,0.0442006338476365,0.112731126986771,Old
Lachnospiraceae.bacterium.V9D3004,0.0103888888888889,77.9166666666667,55.8333333333333,100,-0.566844919786096,0.025974025974026,0.0804411106135244,Old
Clostridium.sp.CAG.81,0.00418888888888889,31.4166666666667,22.5,40.3333333333333,-0.56763925729443,0.0200223867508669,0.0708674132044229,Old
Clostridium.methylpentosum,0.0498555555555556,373.916666666667,267.5,480.333333333333,-0.569199910853577,0.00865800865800866,0.0460798460798461,Old
Clostridiaceae.bacterium.JG1575,0.00174444444444444,13.0833333333333,9.33333333333333,16.8333333333333,-0.573248407643312,0.0496270704188541,0.123809201722037,Old
Parabacteroides.sp.AF14.59,0.00127777777777778,9.58333333333333,6.83333333333333,12.3333333333333,-0.573913043478261,0.0442006338476365,0.112731126986771,Old
Bacillus.subtilis,0.00262222222222222,19.6666666666667,14,25.3333333333333,-0.576271186440678,0.0124359172456282,0.0553634080389313,Old
Ruminococcaceae.bacterium.CPB6,0.00431111111111111,32.3333333333333,23,41.6666666666667,-0.577319587628866,0.0151515151515152,0.0606482653836414,Old
Ruminococcus.gnavus,0.126066666666667,945.5,671.833333333333,1219.16666666667,-0.578882425524414,0.00865800865800866,0.0460798460798461,Old
Clostridiales.bacterium.TF09.2AC,0.00542222222222222,40.6666666666667,28.8333333333333,52.5,-0.581967213114754,0.0193733848500302,0.0708674132044229,Old
Clostridiales.bacterium.41.12.two.minus,0.0145555555555556,109.166666666667,77.3333333333333,141,-0.583206106870229,0.00865800865800866,0.0460798460798461,Old
Clostridium.sp.Marseille.P3244,0.0346888888888889,260.166666666667,183.666666666667,336.666666666667,-0.588084561178732,0.0411255411255411,0.108435601096152,Old
Eubacterium.callanderi,0.00566666666666667,42.5,30,55,-0.588235294117647,0.0100067943516595,0.0497255697343437,Old
Blautia.sp.N6H1.15,0.0311111111111111,233.333333333333,164.666666666667,302,-0.588571428571429,0.00865800865800866,0.0460798460798461,Old
Lachnospiraceae.bacterium.XBD2001,0.00967777777777778,72.5833333333333,51.1666666666667,94,-0.590126291618829,0.00812704263106845,0.0460798460798461,Old
Coprococcus.comes,0.0233444444444444,175.083333333333,123.166666666667,227,-0.593050928129462,0.00432900432900433,0.0384080496653663,Old
bacterium,0.00328888888888889,24.6666666666667,17.3333333333333,32,-0.594594594594595,0.0129065704196534,0.0553634080389313,Old
Erysipelotrichaceae.bacterium.NK3D112,0.0031,23.25,16.3333333333333,30.1666666666667,-0.594982078853047,0.0159365705333911,0.0606489812783315,Old
Clostridium.pasteurianum,0.00301111111111111,22.5833333333333,15.8333333333333,29.3333333333333,-0.597785977859779,0.00492203567532315,0.0384080496653663,Old
Anaerocolumna.jejuensis,0.0172666666666667,129.5,90.6666666666667,168.333333333333,-0.5997425997426,0.00865800865800866,0.0460798460798461,Old
Clostridium.sp.AF15.17LB,0.0286111111111111,214.583333333333,150.166666666667,279,-0.600388349514563,0.00216450216450216,0.0384080496653663,Old
Duncaniella.sp.C9,3.15306666666667,23648,16538.1666666667,30757.8333333333,-0.601305254848895,0.025974025974026,0.0804411106135244,Old
Clostridiales.bacterium.36.14,0.0185666666666667,139.25,97.3333333333333,181.166666666667,-0.602034709754638,0.0411255411255411,0.108435601096152,Old
Roseburia.hominis,0.0541777777777778,406.333333333333,284,528.666666666667,-0.602132895816243,0.00432900432900433,0.0384080496653663,Old
Firmicutes.bacterium.CAG.791,0.00748888888888889,56.1666666666667,39.1666666666667,73.1666666666667,-0.605341246290801,0.00812704263106845,0.0460798460798461,Old
Clostridium.sp.OM02.18AC,0.00344444444444444,25.8333333333333,18,33.6666666666667,-0.606451612903226,0.0244696505769867,0.0804411106135244,Old
Ruminiclostridium.cellulolyticum,0.00248888888888889,18.6666666666667,13,24.3333333333333,-0.607142857142857,0.00629995107705632,0.0433287281476094,Old
uncultured.Lachnospiraceae.bacterium,0.142377777777778,1067.83333333333,743.5,1392.16666666667,-0.60746058997971,0.025974025974026,0.0804411106135244,Old
Anaerocolumna.xylanovorans,0.0161666666666667,121.25,84,158.5,-0.614432989690722,0.00865800865800866,0.0460798460798461,Old
Lachnospiraceae.bacterium.OF09.6,0.00596666666666667,44.75,31,58.5,-0.614525139664804,0.0161224153433004,0.0606489812783315,Old
Clostridiales.bacterium.Firm.17,0.0156555555555556,117.416666666667,81.3333333333333,153.5,-0.614620298083747,0.025974025974026,0.0804411106135244,Old
Anaerovibrio.lipolyticus,0.00273333333333333,20.5,14.1666666666667,26.8333333333333,-0.617886178861789,0.0200223867508669,0.0708674132044229,Old
Oribacterium.parvum,0.00561111111111111,42.0833333333333,29,55.1666666666667,-0.621782178217822,0.0101388948727646,0.0497255697343437,Old
Marvinbryantia.formatexigens,0.104266666666667,782,538.5,1025.5,-0.622762148337596,0.00216450216450216,0.0384080496653663,Old
Firmicutes.bacterium.CAG.882,0.0131222222222222,98.4166666666667,67.6666666666667,129.166666666667,-0.624894157493649,0.0151515151515152,0.0606482653836414,Old
Lachnospiraceae.bacterium.Zagget13,0.0435777777777778,326.833333333333,224.5,429.166666666667,-0.626211116777155,0.00629995107705632,0.0433287281476094,Old
uncultured.Firmicutes.bacterium,0.00265555555555556,19.9166666666667,13.6666666666667,26.1666666666667,-0.627615062761506,0.0157516428210676,0.0606489812783315,Old
Lachnospiraceae.bacterium.KH1T2,0.00233333333333333,17.5,12,23,-0.628571428571429,0.0280513337582966,0.0866876701304778,Old
Firmicutes.bacterium.CAG.65.45.313,0.00197777777777778,14.8333333333333,10.1666666666667,19.5,-0.629213483146067,0.0449512427024494,0.112731126986771,Old
Lachnospira.pectinoschiza,0.00557777777777778,41.8333333333333,28.6666666666667,55,-0.629482071713147,0.025974025974026,0.0804411106135244,Old
Clavaria.fumosa,0.00298888888888889,22.4166666666667,15.3333333333333,29.5,-0.631970260223048,0.0195887872912736,0.0708674132044229,Old
Bariatricus.massiliensis,0.0356,267,182.333333333333,351.666666666667,-0.634207240948814,0.0151515151515152,0.0606482653836414,Old
Butyrivibrio.hungatei,0.0113666666666667,85.25,58.1666666666667,112.333333333333,-0.635386119257087,0.025974025974026,0.0804411106135244,Old
Alistipes.sp.CAG.831,0.00303333333333333,22.75,15.5,30,-0.637362637362637,0.0363785803721312,0.102755849151766,Old
Blautia.sp.CAG.52,0.00254444444444444,19.0833333333333,13,25.1666666666667,-0.637554585152839,0.00499812476508246,0.0384080496653663,Old
Ruminococcus.sp.AF20.12LB,0.0016,12,8.16666666666667,15.8333333333333,-0.638888888888889,0.0367092579978252,0.102755849151766,Old
Ruminiclostridium.cellobioparum,0.00434444444444444,32.5833333333333,22.1666666666667,43,-0.639386189258312,0.0224866825075725,0.0788130799106871,Old
Shuttleworthia.satelles,0.0134555555555556,100.916666666667,68.1666666666667,133.666666666667,-0.649050371593724,0.0247217123384461,0.0804411106135244,Old
Ruminococcus.sp.Zagget7,0.00477777777777778,35.8333333333333,24.1666666666667,47.5,-0.651162790697674,0.0161224153433004,0.0606489812783315,Old
Ruminococcus.sp.UNK.MGS.30,0.00597777777777778,44.8333333333333,30.1666666666667,59.5,-0.654275092936803,0.00432900432900433,0.0384080496653663,Old
Ruminococcus.sp.CAG.379,0.00145555555555556,10.9166666666667,7.33333333333333,14.5,-0.656488549618321,0.0161224153433004,0.0606489812783315,Old
Clostridium.sp.AF32.12BH,0.00466666666666667,35,23.5,46.5,-0.657142857142857,0.00492203567532315,0.0384080496653663,Old
Eubacterium.sp.CAG.38,0.0164555555555556,123.416666666667,82.8333333333333,164,-0.657663740715733,0.00216450216450216,0.0384080496653663,Old
Ruminococcus.sp.CAG.403,0.00344444444444444,25.8333333333333,17.3333333333333,34.3333333333333,-0.658064516129032,0.00216450216450216,0.0384080496653663,Old
Bacteroides.uniformis,0.235,1762.5,1181.16666666667,2343.83333333333,-0.659669030732861,0.025974025974026,0.0804411106135244,Old
Lachnoclostridium.sp.Marseille.P6806,0.0201555555555556,151.166666666667,101,201.333333333333,-0.663726571113561,0.0161224153433004,0.0606489812783315,Old
Lachnospiraceae.bacterium.AB2028,0.00668888888888889,50.1666666666667,33.5,66.8333333333333,-0.664451827242525,0.0124359172456282,0.0553634080389313,Old
Clostridium.scindens,0.0160222222222222,120.166666666667,80,160.333333333333,-0.668515950069348,0.00477182171379712,0.0384080496653663,Old
Dorea.sp.5.2,2.09966666666667,15747.5,10445.8333333333,21049.1666666667,-0.673334391702387,0.00216450216450216,0.0384080496653663,Old
Acetitomaculum.ruminis,0.0109333333333333,82,54.3333333333333,109.666666666667,-0.67479674796748,0.0151515151515152,0.0606482653836414,Old
Firmicutes.bacterium.OM08.11AC,0.00416666666666667,31.25,20.6666666666667,41.8333333333333,-0.677333333333333,0.0198051234581123,0.0708674132044229,Old
Eubacterium.barkeri,0.00387777777777778,29.0833333333333,19.1666666666667,39,-0.681948424068768,0.0411255411255411,0.108435601096152,Old
Coriobacterium.glomerans,0.00168888888888889,12.6666666666667,8.33333333333333,17,-0.684210526315789,0.0161224153433004,0.0606489812783315,Old
Bacteroides.sp.CAG.443,0.00243333333333333,18.25,12,24.5,-0.684931506849315,0.0247217123384461,0.0804411106135244,Old
Herbinix.luporum,0.00774444444444445,58.0833333333333,38.1666666666667,78,-0.685796269727403,0.0411255411255411,0.108435601096152,Old
Enterorhabdus.mucosicola,0.243855555555556,1828.91666666667,1201,2456.83333333333,-0.686654212420832,0.025974025974026,0.0804411106135244,Old
Clostridium.sp.CAG.632,0.0136888888888889,102.666666666667,67.3333333333333,138,-0.688311688311688,0.0151515151515152,0.0606482653836414,Old
Clostridium.magnum,0.00196666666666667,14.75,9.66666666666667,19.8333333333333,-0.689265536723164,0.0244696505769867,0.0804411106135244,Old
Paraeggerthella.hongkongensis,0.00641111111111111,48.0833333333333,31.5,64.6666666666667,-0.689774696707106,0.0291924598728087,0.0882793365986808,Old
Butyrivibrio.sp.VCB2001,0.00432222222222222,32.4166666666667,21.1666666666667,43.6666666666667,-0.694087403598972,0.00812704263106845,0.0460798460798461,Old
Lachnospiraceae.bacterium.XBB2008,0.0109666666666667,82.25,53.6666666666667,110.833333333333,-0.695035460992908,0.00865800865800866,0.0460798460798461,Old
Phascolarctobacterium.succinatutens,0.00207777777777778,15.5833333333333,10.1666666666667,21,-0.695187165775401,0.0300577569306801,0.0882793365986808,Old
Clostridium.sp.BNL1100,0.00311111111111111,23.3333333333333,15.1666666666667,31.5,-0.7,0.00865800865800866,0.0460798460798461,Old
Ruminococcus.sp.OM05.10BH,0.0337222222222222,252.916666666667,164,341.833333333333,-0.703130148270181,0.00865800865800866,0.0460798460798461,Old
Proteiniclasticum.ruminis,0.00281111111111111,21.0833333333333,13.6666666666667,28.5,-0.703557312252964,0.0334399070883118,0.0970770636078869,Old
Hydrogenoanaerobacterium.saccharovorans,0.0036,27,17.5,36.5,-0.703703703703704,0.00865800865800866,0.0460798460798461,Old
Pseudobutyrivibrio.sp.YE44,0.00305555555555556,22.9166666666667,14.8333333333333,31,-0.705454545454545,0.0127487972683799,0.0553634080389313,Old
Clostridium.leptum.CAG.27,0.00261111111111111,19.5833333333333,12.6666666666667,26.5,-0.706382978723404,0.00620835573025265,0.0433287281476094,Old
Lachnospiraceae.bacterium.AC2014,0.0105222222222222,78.9166666666667,51,106.833333333333,-0.707497360084477,0.00216450216450216,0.0384080496653663,Old
Ruminococcus.sp.CAG.330,0.00595555555555556,44.6666666666667,28.8333333333333,60.5,-0.708955223880597,0.00801585051302992,0.0460798460798461,Old
Butyrivibrio.proteoclasticus,0.0193888888888889,145.416666666667,93.8333333333333,197,-0.70945558739255,0.00216450216450216,0.0384080496653663,Old
Ruminococcus.sp.AF18.22,0.00652222222222222,48.9166666666667,31.5,66.3333333333333,-0.712095400340715,0.0161224153433004,0.0606489812783315,Old
Johnsonella.ignava,0.0103,77.25,49.6666666666667,104.833333333333,-0.714131607335491,0.0411255411255411,0.108435601096152,Old
Lachnospiraceae.bacterium.XBB1006,0.0106222222222222,79.6666666666667,51.1666666666667,108.166666666667,-0.715481171548117,0.00216450216450216,0.0384080496653663,Old
Paenibacillus.mucilaginosus,0.00325555555555556,24.4166666666667,15.6666666666667,33.1666666666667,-0.716723549488055,0.0363785803721312,0.102755849151766,Old
Butyrivibrio.sp.NC2002,0.00523333333333333,39.25,25.1666666666667,53.3333333333333,-0.717622080679406,0.00216450216450216,0.0384080496653663,Old
Hungateiclostridium.thermocellum,0.00232222222222222,17.4166666666667,11.1666666666667,23.6666666666667,-0.717703349282297,0.00492203567532315,0.0384080496653663,Old
Roseburia.sp.CAG.471,0.0120444444444444,90.3333333333333,57.6666666666667,123,-0.723247232472325,0.00216450216450216,0.0384080496653663,Old
Lachnospiraceae.bacterium.G41,0.00663333333333333,49.75,31.6666666666667,67.8333333333333,-0.726968174204355,0.00432900432900433,0.0384080496653663,Old
Alistipes.sp.Marseille.P5061,0.0196666666666667,147.5,93.8333333333333,201.166666666667,-0.727683615819209,0.0151515151515152,0.0606482653836414,Old
Lachnospiraceae.bacterium.MA2020,0.0225,168.75,107.166666666667,230.333333333333,-0.729876543209877,0.00216450216450216,0.0384080496653663,Old
Geosporobacter.ferrireducens,0.00312222222222222,23.4166666666667,14.8333333333333,32,-0.733096085409253,0.025974025974026,0.0804411106135244,Old
Acetobacterium.sp.KB.1,0.00335555555555556,25.1666666666667,15.8333333333333,34.5,-0.741721854304636,0.0200223867508669,0.0708674132044229,Old
Blautia.sp.OM07.19,0.00307777777777778,23.0833333333333,14.5,31.6666666666667,-0.743682310469314,0.00499812476508246,0.0384080496653663,Old
Clostridium.botulinum,0.0112888888888889,84.6666666666667,53.1666666666667,116.166666666667,-0.744094488188976,0.0102718377307058,0.0500360366746583,Old
Roseburia.intestinalis,0.0261888888888889,196.416666666667,123.333333333333,269.5,-0.744166313109886,0.00216450216450216,0.0384080496653663,Old
Anaerocolumna.aminovalerica,0.00857777777777778,64.3333333333333,40.3333333333333,88.3333333333333,-0.746113989637306,0.00216450216450216,0.0384080496653663,Old
Clostridium.polysaccharolyticum,0.0112444444444444,84.3333333333333,52.8333333333333,115.833333333333,-0.74703557312253,0.00216450216450216,0.0384080496653663,Old
Butyrivibrio.sp.INlla14,0.00326666666666667,24.5,15.3333333333333,33.6666666666667,-0.748299319727891,0.00499812476508246,0.0384080496653663,Old
Clostridium.sp.CAG.411,0.0107888888888889,80.9166666666667,50.5,111.333333333333,-0.751802265705458,0.0294800070494213,0.0882793365986808,Old
Peptoniphilus.ivorii,0.00138888888888889,10.4166666666667,6.5,14.3333333333333,-0.752,0.0115189042202442,0.0551755512149699,Old
Clostridiales.bacterium.44.9,0.00453333333333333,34,21.1666666666667,46.8333333333333,-0.754901960784314,0.0300577569306801,0.0882793365986808,Old
Lachnospiraceae.bacterium.GAM79,0.00357777777777778,26.8333333333333,16.6666666666667,37,-0.757763975155279,0.0161224153433004,0.0606489812783315,Old
Butyrivibrio.sp.XBB1001,0.00211111111111111,15.8333333333333,9.83333333333333,21.8333333333333,-0.757894736842105,0.00216450216450216,0.0384080496653663,Old
Christensenella.sp.AF73.05CM02,0.00401111111111111,30.0833333333333,18.6666666666667,41.5,-0.759002770083102,0.0449512427024494,0.112731126986771,Old
Eubacterium.ruminantium,0.00657777777777778,49.3333333333333,30.5,68.1666666666667,-0.763513513513514,0.0125919114903797,0.0553634080389313,Old
Roseburia.sp.AM16.25,0.0160222222222222,120.166666666667,74.1666666666667,166.166666666667,-0.765603328710125,0.0200223867508669,0.0708674132044229,Old
Coprococcus.eutactus,0.00443333333333333,33.25,20.5,46,-0.766917293233083,0.0449512427024494,0.112731126986771,Old
Cronobacter.malonaticus,0.00328888888888889,24.6666666666667,15.1666666666667,34.1666666666667,-0.77027027027027,0.0129065704196534,0.0553634080389313,Old
Bacteroides.helcogenes,0.00883333333333333,66.25,40.6666666666667,91.8333333333333,-0.772327044025157,0.0303479417395604,0.0882793365986808,Old
Roseburia.sp.CAG.303,0.0346888888888889,260.166666666667,159.5,360.833333333333,-0.773862908392056,0.0151515151515152,0.0606482653836414,Old
Clostridium.sp.SY8519,0.0280888888888889,210.666666666667,128.833333333333,292.5,-0.776898734177215,0.00432900432900433,0.0384080496653663,Old
Anaerostipes.hadrus,0.00538888888888889,40.4166666666667,24.6666666666667,56.1666666666667,-0.779381443298969,0.00216450216450216,0.0384080496653663,Old
Catonella.morbi,0.0122111111111111,91.5833333333333,55.8333333333333,127.333333333333,-0.780709736123749,0.00216450216450216,0.0384080496653663,Old
Paenibacillus.pasadenensis,0.0019,14.25,8.66666666666667,19.8333333333333,-0.783625730994152,0.0159365705333911,0.0606489812783315,Old
Caldicoprobacter.faecalis,0.00135555555555556,10.1666666666667,6.16666666666667,14.1666666666667,-0.786885245901639,0.0411255411255411,0.108435601096152,Old
Alistipes.finegoldii,0.00928888888888889,69.6666666666667,42.1666666666667,97.1666666666667,-0.789473684210526,0.0303479417395604,0.0882793365986808,Old
Sphingobacteriaceae.bacterium,0.00132222222222222,9.91666666666667,6,13.8333333333333,-0.789915966386555,0.0442006338476365,0.112731126986771,Old
Roseburia.sp.TF10.5,0.0125333333333333,94,56.5,131.5,-0.797872340425532,0.00499812476508246,0.0384080496653663,Old
Butyrivibrio.sp.VCD2006,0.0064,48,28.8333333333333,67.1666666666667,-0.798611111111111,0.0129065704196534,0.0553634080389313,Old
Eubacterium.limosum,0.00925555555555556,69.4166666666667,41.6666666666667,97.1666666666667,-0.799519807923169,0.0151515151515152,0.0606482653836414,Old
Faecalicatena.orotica,0.00955555555555555,71.6666666666667,43,100.333333333333,-0.8,0.00499812476508246,0.0384080496653663,Old
uncultured.Faecalibacterium.sp.,0.00308888888888889,23.1666666666667,13.8333333333333,32.5,-0.805755395683453,0.0161224153433004,0.0606489812783315,Old
Clostridium.sp.CAG.590,0.00796666666666667,59.75,35.6666666666667,83.8333333333333,-0.806136680613668,0.00216450216450216,0.0384080496653663,Old
Firmicutes.bacterium.AM59.13,0.00361111111111111,27.0833333333333,16.1666666666667,38,-0.806153846153846,0.00499812476508246,0.0384080496653663,Old
Bacteroides.sp.OM08.11,0.00778888888888889,58.4166666666667,34.8333333333333,82,-0.807417974322397,0.00812704263106845,0.0460798460798461,Old
Bacilliculturomica.massiliensis,0.0127888888888889,95.9166666666667,57.1666666666667,134.666666666667,-0.807993049522155,0.0247217123384461,0.0804411106135244,Old
Blautia.producta,0.0431444444444444,323.583333333333,192.833333333333,454.333333333333,-0.808138037599794,0.00216450216450216,0.0384080496653663,Old
Alistipes.indistinctus,0.00556666666666667,41.75,24.8333333333333,58.6666666666667,-0.810379241516966,0.00865800865800866,0.0460798460798461,Old
Pseudobutyrivibrio.sp.49,0.00284444444444444,21.3333333333333,12.6666666666667,30,-0.8125,0.0244696505769867,0.0804411106135244,Old
Lachnospiraceae.bacterium.KHCPX20,0.0024,18,10.6666666666667,25.3333333333333,-0.814814814814815,0.0237189744079699,0.0804411106135244,Old
Butyrivibrio.sp.CAG.318,0.0102,76.5,45.3333333333333,107.666666666667,-0.814814814814815,0.00432900432900433,0.0384080496653663,Old
Clostridiales.bacterium.KLE1615,0.00588888888888889,44.1666666666667,26.1666666666667,62.1666666666667,-0.815094339622642,0.0129065704196534,0.0553634080389313,Old
Eggerthella.sp.YY7918,0.00357777777777778,26.8333333333333,15.8333333333333,37.8333333333333,-0.819875776397516,0.0122808186734451,0.0553634080389313,Old
Lachnotalea.glycerini,0.0146777777777778,110.083333333333,64.6666666666667,155.5,-0.825132475397426,0.00499812476508246,0.0384080496653663,Old
Lachnospiraceae.bacterium.G11,0.0107111111111111,80.3333333333333,47.1666666666667,113.5,-0.825726141078838,0.0247217123384461,0.0804411106135244,Old
Clostridium.cellulovorans,0.00231111111111111,17.3333333333333,10.1666666666667,24.5,-0.826923076923077,0.00469769748933007,0.0384080496653663,Old
Fusarium.oxysporum,0.00163333333333333,12.25,7.16666666666667,17.3333333333333,-0.829931972789115,0.00602733675058573,0.0433287281476094,Old
Brevibacillus.brevis,0.00163333333333333,12.25,7.16666666666667,17.3333333333333,-0.829931972789115,0.0442006338476365,0.112731126986771,Old
Eubacterium.ventriosum,0.0144,108,63.1666666666667,152.833333333333,-0.830246913580247,0.025974025974026,0.0804411106135244,Old
Acetobacterium.bakii,0.0019,14.25,8.33333333333333,20.1666666666667,-0.830409356725146,0.00492203567532315,0.0384080496653663,Old
Roseburia.sp.AM59.24XD,0.00832222222222222,62.4166666666667,36.3333333333333,88.5,-0.835781041388518,0.00499812476508246,0.0384080496653663,Old
Lachnospiraceae.bacterium.oral.taxon.082,0.00783333333333333,58.75,34.1666666666667,83.3333333333333,-0.836879432624113,0.0129065704196534,0.0553634080389313,Old
Alistipes.sp.Zagget8,0.0379444444444444,284.583333333333,165.5,403.666666666667,-0.836896046852123,0.025974025974026,0.0804411106135244,Old
Butyrivibrio.sp.Su6,0.00402222222222222,30.1666666666667,17.5,42.8333333333333,-0.839779005524862,0.00812704263106845,0.0460798460798461,Old
Bacteroides.sp.AF39.11AC,0.00307777777777778,23.0833333333333,13.3333333333333,32.8333333333333,-0.844765342960289,0.0244696505769867,0.0804411106135244,Old
Oribacterium.sp.NK2B42,0.00755555555555556,56.6666666666667,32.6666666666667,80.6666666666667,-0.847058823529412,0.00812704263106845,0.0460798460798461,Old
Clostridium.kluyveri,0.00358888888888889,26.9166666666667,15.5,38.3333333333333,-0.848297213622291,0.00768699880768741,0.0460798460798461,Old
Eubacterium.rectale.CAG.36,0.0169888888888889,127.416666666667,73.1666666666667,181.666666666667,-0.851536952256377,0.00432900432900433,0.0384080496653663,Old
Ruminococcaceae.bacterium.AB4001,0.00182222222222222,13.6666666666667,7.83333333333333,19.5,-0.853658536585366,0.00898067124189882,0.0475625842504138,Old
Clostridium.sp.ASF502,2.41735555555556,18130.1666666667,10363.6666666667,25896.6666666667,-0.856748880778813,0.00216450216450216,0.0384080496653663,Old
Lachnospiraceae.bacterium.C10,0.00354444444444444,26.5833333333333,15.1666666666667,38,-0.858934169278997,0.0357196496100077,0.102453366246669,Old
Butyrivibrio.sp.NC3005,0.00654444444444444,49.0833333333333,28,70.1666666666667,-0.859083191850594,0.00812704263106845,0.0460798460798461,Old
Butyrivibrio.sp.MC2013,0.00955555555555555,71.6666666666667,40.6666666666667,102.666666666667,-0.865116279069768,0.00812704263106845,0.0460798460798461,Old
Pseudobutyrivibrio.ruminis,0.0067,50.25,28.5,72,-0.865671641791045,0.00432900432900433,0.0384080496653663,Old
Traorella.massiliensis,0.00297777777777778,22.3333333333333,12.6666666666667,32,-0.865671641791045,0.00499812476508246,0.0384080496653663,Old
Lachnospiraceae.bacterium.AC3007,0.00851111111111111,63.8333333333333,36.1666666666667,91.5,-0.866840731070496,0.00216450216450216,0.0384080496653663,Old
Paenibacillus.ginsengihumi,0.00212222222222222,15.9166666666667,9,22.8333333333333,-0.869109947643979,0.0127487972683799,0.0553634080389313,Old
Clostridium.populeti,0.0130555555555556,97.9166666666667,55.1666666666667,140.666666666667,-0.873191489361702,0.00499812476508246,0.0384080496653663,Old
Blautia.sp.Marseille.P3201T,0.0138,103.5,58,149,-0.879227053140097,0.00216450216450216,0.0384080496653663,Old
Clostridiales.bacterium.41.21.two.genomes,0.00487777777777778,36.5833333333333,20.5,52.6666666666667,-0.879271070615034,0.00801585051302992,0.0460798460798461,Old
Dielma.fastidiosa,0.00563333333333333,42.25,23.6666666666667,60.8333333333333,-0.879684418145957,0.00499812476508246,0.0384080496653663,Old
Anaerobium.acetethylicum,0.0226222222222222,169.666666666667,95,244.333333333333,-0.880157170923379,0.00499812476508246,0.0384080496653663,Old
Lachnospiraceae.bacterium.AC2028,0.00678888888888889,50.9166666666667,28.5,73.3333333333333,-0.880523731587561,0.00492203567532315,0.0384080496653663,Old
Bacteroidales.bacterium.55.9,0.00814444444444444,61.0833333333333,34.1666666666667,88,-0.88130968622101,0.00812704263106845,0.0460798460798461,Old
Lachnoanaerobaculum.sp.OBRC5.5,0.00652222222222222,48.9166666666667,27.3333333333333,70.5,-0.882453151618399,0.0151515151515152,0.0606482653836414,Old
Alistipes.timonensis,0.0250888888888889,188.166666666667,104.666666666667,271.666666666667,-0.887511071744907,0.00865800865800866,0.0460798460798461,Old
Lachnospiraceae.bacterium.NE2001,0.00413333333333333,31,17.1666666666667,44.8333333333333,-0.89247311827957,0.0159365705333911,0.0606489812783315,Old
Roseburia.sp.CAG.50,0.00176666666666667,13.25,7.33333333333333,19.1666666666667,-0.893081761006289,0.0063922688707677,0.0433287281476094,Old
Clostridiales.bacterium.Firm.06,0.00208888888888889,15.6666666666667,8.66666666666667,22.6666666666667,-0.893617021276596,0.0363785803721312,0.102755849151766,Old
Paenibacillus.oryzae,0.00148888888888889,11.1666666666667,6.16666666666667,16.1666666666667,-0.895522388059702,0.0300577569306801,0.0882793365986808,Old
Clostridium.sp.AM27.31LB,0.00318888888888889,23.9166666666667,13.1666666666667,34.6666666666667,-0.898954703832753,0.025974025974026,0.0804411106135244,Old
Treponema.primitia,0.00202222222222222,15.1666666666667,8.33333333333333,22,-0.901098901098901,0.0124359172456282,0.0553634080389313,Old
Treponema.brennaborense,0.000811111111111111,6.08333333333333,3.33333333333333,8.83333333333333,-0.904109589041096,0.0419658138368526,0.110448488065123,Old
Butyrivibrio.sp.WCD3002,0.00631111111111111,47.3333333333333,25.8333333333333,68.8333333333333,-0.908450704225352,0.00484660121048849,0.0384080496653663,Old
Eubacterium.sp.CAG.252,0.00611111111111111,45.8333333333333,25,66.6666666666667,-0.909090909090909,0.025974025974026,0.0804411106135244,Old
Faecalimonas.umbilicata,0.00236666666666667,17.75,9.66666666666667,25.8333333333333,-0.910798122065728,0.00499812476508246,0.0384080496653663,Old
Solobacterium.moorei,0.00187777777777778,14.0833333333333,7.66666666666667,20.5,-0.911242603550296,0.0151515151515152,0.0606482653836414,Old
Holdemanella.biformis,0.00428888888888889,32.1666666666667,17.5,46.8333333333333,-0.911917098445596,0.00812704263106845,0.0460798460798461,Old
Butyrivibrio.sp.INlla16,0.0027,20.25,11,29.5,-0.91358024691358,0.0291924598728087,0.0882793365986808,Old
Alistipes.sp.CAG.268,0.0708444444444444,531.333333333333,288.333333333333,774.333333333333,-0.914680050188206,0.0151515151515152,0.0606482653836414,Old
Ruminococcus.sp.Zagget11,0.00312222222222222,23.4166666666667,12.6666666666667,34.1666666666667,-0.918149466192171,0.0151515151515152,0.0606482653836414,Old
Lachnoclostridium.phytofermentans,0.0097,72.75,39.3333333333333,106.166666666667,-0.918671248568156,0.00484660121048849,0.0384080496653663,Old
Desulfotomaculum.putei,0.0014,10.5,5.66666666666667,15.3333333333333,-0.920634920634921,0.0353914164297582,0.102123424517194,Old
Lachnospiraceae.bacterium.NLAE.zl.G231,0.00325555555555556,24.4166666666667,13.1666666666667,35.6666666666667,-0.921501706484642,0.0063922688707677,0.0433287281476094,Old
Peptoanaerobacter.stomatis,0.00235555555555556,17.6666666666667,9.5,25.8333333333333,-0.924528301886792,0.0129065704196534,0.0553634080389313,Old
Roseburia.sp.CAG.100,0.0041,30.75,16.5,45,-0.926829268292683,0.0244696505769867,0.0804411106135244,Old
Methylomusa.anaerophila,0.00153333333333333,11.5,6.16666666666667,16.8333333333333,-0.927536231884058,0.0291924598728087,0.0882793365986808,Old
Butyrivibrio.sp.MC2021,0.0076,57,30.5,83.5,-0.929824561403509,0.00216450216450216,0.0384080496653663,Old
Lachnospiraceae.bacterium.P6A3,0.00868888888888889,65.1666666666667,34.8333333333333,95.5,-0.930946291560102,0.0124359172456282,0.0553634080389313,Old
Roseburia.sp.CAG.182,0.0267888888888889,200.916666666667,107.166666666667,294.666666666667,-0.933222729158026,0.00216450216450216,0.0384080496653663,Old
Firmicutes.bacterium.CAG.227,0.00284444444444444,21.3333333333333,11.3333333333333,31.3333333333333,-0.9375,0.0161224153433004,0.0606489812783315,Old
Blautia.sp.AF19.10LB,0.00183333333333333,13.75,7.16666666666667,20.3333333333333,-0.957575757575757,0.0294800070494213,0.0882793365986808,Old
Roseburia.sp.40.7,0.0137333333333333,103,53.6666666666667,152.333333333333,-0.957928802588997,0.00492203567532315,0.0384080496653663,Old
Blautia.massiliensis,0.00243333333333333,18.25,9.5,27,-0.958904109589041,0.00492203567532315,0.0384080496653663,Old
Butyricicoccus.sp.AM28.25,0.0042,31.5,16.3333333333333,46.6666666666667,-0.962962962962963,0.00865800865800866,0.0460798460798461,Old
Streptococcus.oralis,0.0018,13.5,7,20,-0.962962962962963,0.00865800865800866,0.0460798460798461,Old
Blautia.sp.AF19.13LB,0.00377777777777778,28.3333333333333,14.6666666666667,42,-0.964705882352941,0.00216450216450216,0.0384080496653663,Old
Butyrivibrio.sp.FCS006,0.00266666666666667,20,10.3333333333333,29.6666666666667,-0.966666666666667,0.0124359172456282,0.0553634080389313,Old
Clostridium.sp.CAG.678,0.00602222222222222,45.1666666666667,23.3333333333333,67,-0.966789667896679,0.0247217123384461,0.0804411106135244,Old
Anaerolineaceae.bacterium,0.00417777777777778,31.3333333333333,16.1666666666667,46.5,-0.968085106382979,0.00432900432900433,0.0384080496653663,Old
Paenibacillus.sp.HW567,0.00272222222222222,20.4166666666667,10.5,30.3333333333333,-0.971428571428571,0.0124359172456282,0.0553634080389313,Old
Gardnerella.vaginalis,0.00116666666666667,8.75,4.5,13,-0.971428571428571,0.0234706114977624,0.0804411106135244,Old
Peptostreptococcaceae.bacterium.pGA.8,0.0016,12,6.16666666666667,17.8333333333333,-0.972222222222222,0.00629995107705632,0.0433287281476094,Old
Clostridium.sp.DL.VIII,0.00207777777777778,15.5833333333333,8,23.1666666666667,-0.973262032085562,0.0100067943516595,0.0497255697343437,Old
Clostridium.thermopalmarium,0.000911111111111111,6.83333333333333,3.5,10.1666666666667,-0.975609756097561,0.0185212445449125,0.0693099698204147,Old
Pseudobutyrivibrio.sp.ACV.2,0.00486666666666667,36.5,18.5,54.5,-0.986301369863014,0.00216450216450216,0.0384080496653663,Old
Clostridium.argentinense,0.00162222222222222,12.1666666666667,6.16666666666667,18.1666666666667,-0.986301369863014,0.0244696505769867,0.0804411106135244,Old
Butyrivibrio.sp.MB2005,0.00162222222222222,12.1666666666667,6.16666666666667,18.1666666666667,-0.986301369863014,0.0300577569306801,0.0882793365986808,Old
Clostridium.uliginosum,0.00114444444444444,8.58333333333333,4.33333333333333,12.8333333333333,-0.990291262135922,0.0375807106813646,0.103852848556002,Old
Ruminococcus.sp.CAG.382,0.00145555555555556,10.9166666666667,5.5,16.3333333333333,-0.99236641221374,0.0445755964572093,0.112731126986771,Old
Lachnospira.multipara,0.0054,40.5,20.3333333333333,60.6666666666667,-0.995884773662551,0.0129065704196534,0.0553634080389313,Old
Paenibacillus.sp.NFR01,0.00177777777777778,13.3333333333333,6.66666666666667,20,-1,0.037040730591938,0.102755849151766,Old
Xylaria.hypoxylon,0.000666666666666667,5,2.5,7.5,-1,0.0492112681019184,0.122985377847751,Old
Blautia.hydrogenotrophica,0.00542222222222222,40.6666666666667,20.3333333333333,61,-1,0.00812704263106845,0.0460798460798461,Old
Oribacterium.sp.FC2011,0.00392222222222222,29.4166666666667,14.6666666666667,44.1666666666667,-1.0028328611898,0.0247217123384461,0.0804411106135244,Old
Paenibacillus.sp.32O.W,0.00156666666666667,11.75,5.83333333333333,17.6666666666667,-1.00709219858156,0.0127487972683799,0.0553634080389313,Old
Hungateiclostridium.cellulolyticum,0.00435555555555556,32.6666666666667,16.1666666666667,49.1666666666667,-1.01020408163265,0.00499812476508246,0.0384080496653663,Old
Lachnospiraceae.bacterium.CAG.364,0.00253333333333333,19,9.33333333333333,28.6666666666667,-1.01754385964912,0.00216450216450216,0.0384080496653663,Old
Butyrivibrio.crossotus,0.00435555555555556,32.6666666666667,16,49.3333333333333,-1.02040816326531,0.00812704263106845,0.0460798460798461,Old
Hungateiclostridium.clariflavum,0.00318888888888889,23.9166666666667,11.6666666666667,36.1666666666667,-1.02439024390244,0.00492203567532315,0.0384080496653663,Old
Paenibacillaceae.bacterium,0.000911111111111111,6.83333333333333,3.33333333333333,10.3333333333333,-1.02439024390244,0.0144832770523174,0.0606482653836414,Old
Odoribacter.sp.AF15.53,0.00266666666666667,20,9.66666666666667,30.3333333333333,-1.03333333333333,0.0101388948727646,0.0497255697343437,Old
Alistipes.sp.Marseille.P2431,0.0257222222222222,192.916666666667,92.1666666666667,293.666666666667,-1.04449244060475,0.0151515151515152,0.0606482653836414,Old
Lachnospiraceae.bacterium.C6A11,0.00582222222222222,43.6666666666667,20.8333333333333,66.5,-1.04580152671756,0.00492203567532315,0.0384080496653663,Old
Lachnospiraceae.bacterium.M18.1,1.45011111111111,10875.8333333333,5107,16644.6666666667,-1.06085357443874,0.00216450216450216,0.0384080496653663,Old
Clostridium.sp.TF08.15,0.00127777777777778,9.58333333333333,4.5,14.6666666666667,-1.06086956521739,0.0291924598728087,0.0882793365986808,Old
Fontibacillus.phaseoli,0.00124444444444444,9.33333333333333,4.33333333333333,14.3333333333333,-1.07142857142857,0.0156633536428976,0.0606489812783315,Old
Pseudobutyrivibrio.xylanivorans,0.00163333333333333,12.25,5.66666666666667,18.8333333333333,-1.07482993197279,0.0191589227405341,0.0708674132044229,Old
Enterococcus.pallens,0.000866666666666667,6.5,3,10,-1.07692307692308,0.0122808186734451,0.0553634080389313,Old
Erysipelotrichaceae.bacterium.21.3,0.00212222222222222,15.9166666666667,7.33333333333333,24.5,-1.07853403141361,0.00216450216450216,0.0384080496653663,Old
Dyadobacter.fermentans,0.000677777777777778,5.08333333333333,2.33333333333333,7.83333333333333,-1.08196721311475,0.0107799890336626,0.0523339332478821,Old
Bacteroides.nordii,0.00292222222222222,21.9166666666667,10,33.8333333333333,-1.08745247148289,0.0129065704196534,0.0553634080389313,Old
Anaerobutyricum.hallii,0.0148555555555556,111.416666666667,50.8333333333333,172,-1.08750934928945,0.00865800865800866,0.0460798460798461,Old
Eubacterium.yurii,0.00118888888888889,8.91666666666667,4,13.8333333333333,-1.10280373831776,0.0195887872912736,0.0708674132044229,Old
Alistipes.finegoldii.CAG.68,0.00406666666666667,30.5,13.6666666666667,47.3333333333333,-1.10382513661202,0.00801585051302992,0.0460798460798461,Old
Bacteroides.fluxus,0.0144666666666667,108.5,48.1666666666667,168.833333333333,-1.11213517665131,0.00216450216450216,0.0384080496653663,Old
Eubacterium.sp.CAG.274,0.00423333333333333,31.75,14,49.5,-1.11811023622047,0.00801585051302992,0.0460798460798461,Old
Clostridium.mediterraneense,0.00131111111111111,9.83333333333333,4.33333333333333,15.3333333333333,-1.11864406779661,0.0379414710231243,0.104648548676065,Old
Alistipes.sp.58.9.plus,0.00878888888888889,65.9166666666667,29,102.833333333333,-1.12010113780025,0.00812704263106845,0.0460798460798461,Old
Vallitalea.sp.S15,0.00182222222222222,13.6666666666667,6,21.3333333333333,-1.1219512195122,0.00629995107705632,0.0433287281476094,Old
Eubacterium.sp.CAG.603,0.0027,20.25,8.83333333333333,31.6666666666667,-1.12757201646091,0.0297684423920641,0.0882793365986808,Old
Alistipes.sp.CHKCI003,0.0307777777777778,230.833333333333,99.3333333333333,362.333333333333,-1.13935018050542,0.00499812476508246,0.0384080496653663,Old
Vibrio.parahaemolyticus,0.00365555555555556,27.4166666666667,11.6666666666667,43.1666666666667,-1.14893617021277,0.0063922688707677,0.0433287281476094,Old
Eubacterium.sp.3.1.31,0.00208888888888889,15.6666666666667,6.66666666666667,24.6666666666667,-1.14893617021277,0.0127487972683799,0.0553634080389313,Old
Anaerospora.hongkongensis,0.00142222222222222,10.6666666666667,4.5,16.8333333333333,-1.15625,0.00469769748933007,0.0384080496653663,Old
Pseudobutyrivibrio.sp.MD2005,0.00448888888888889,33.6666666666667,14.1666666666667,53.1666666666667,-1.15841584158416,0.00492203567532315,0.0384080496653663,Old
Lachnobacterium.bovis,0.0108222222222222,81.1666666666667,33.8333333333333,128.5,-1.16632443531827,0.00216450216450216,0.0384080496653663,Old
Desulfallas.gibsoniae,0.00113333333333333,8.5,3.5,13.5,-1.17647058823529,0.0193733848500302,0.0708674132044229,Old
Firmicutes.bacterium.AM41.5BH,0.00708888888888889,53.1666666666667,21.8333333333333,84.5,-1.17868338557994,0.0124359172456282,0.0553634080389313,Old
Clostridium.amylolyticum,0.000866666666666667,6.5,2.66666666666667,10.3333333333333,-1.17948717948718,0.02224312059135,0.0781500349383128,Old
Clostridium.clostridioforme.CAG.132,0.0022,16.5,6.66666666666667,26.3333333333333,-1.19191919191919,0.0195887872912736,0.0708674132044229,Old
uncultured.Desulfobacterium.sp.,0.0011,8.25,3.33333333333333,13.1666666666667,-1.19191919191919,0.0337629775534037,0.0978173361779054,Old
Bacillus.sp.FJAT.29814,0.00115555555555556,8.66666666666667,3.5,13.8333333333333,-1.19230769230769,0.0357196496100077,0.102453366246669,Old
Clostridium.sp.AF02.29,0.0027,20.25,8.16666666666667,32.3333333333333,-1.19341563786008,0.00499812476508246,0.0384080496653663,Old
Roseburia.sp.CAG.197,0.00286666666666667,21.5,8.66666666666667,34.3333333333333,-1.1937984496124,0.0161224153433004,0.0606489812783315,Old
Eubacterium.sp.CAG.786,0.00635555555555556,47.6666666666667,19,76.3333333333333,-1.2027972027972,0.0294800070494213,0.0882793365986808,Old
Anaerotruncus.sp.CAG.528,0.00497777777777778,37.3333333333333,14.8333333333333,59.8333333333333,-1.20535714285714,0.0063922688707677,0.0433287281476094,Old
Subdoligranulum.sp.AM23.21AC,0.0141111111111111,105.833333333333,42,169.666666666667,-1.20629921259843,0.00432900432900433,0.0384080496653663,Old
Lachnospiraceae.bacterium.C7,0.00667777777777778,50.0833333333333,19.6666666666667,80.5,-1.21464226289517,0.00432900432900433,0.0384080496653663,Old
Eubacterium.sp.CAG.248,0.00745555555555556,55.9166666666667,21.6666666666667,90.1666666666667,-1.22503725782414,0.00629995107705632,0.0433287281476094,Old
Butyrivibrio.sp.XPD2002,0.00167777777777778,12.5833333333333,4.83333333333333,20.3333333333333,-1.2317880794702,0.00629995107705632,0.0433287281476094,Old
Erysipelotrichaceae.bacterium.6.1.45,0.0022,16.5,6.33333333333333,26.6666666666667,-1.23232323232323,0.0129065704196534,0.0553634080389313,Old
Butyrivibrio.sp.AE3006,0.00168888888888889,12.6666666666667,4.83333333333333,20.5,-1.23684210526316,0.0244696505769867,0.0804411106135244,Old
Pezicula.radicicola,0.00105555555555556,7.91666666666667,3,12.8333333333333,-1.24210526315789,0.0365038791302714,0.102755849151766,Old
Clostridiales.bacterium.GWC2.40.7,0.000822222222222222,6.16666666666667,2.33333333333333,10,-1.24324324324324,0.00664258090622756,0.0448140317476479,Old
Bacillus.foraminis,0.00153333333333333,11.5,4.33333333333333,18.6666666666667,-1.2463768115942,0.0113692653407269,0.0546409173733264,Old
Romboutsia.timonensis,0.00108888888888889,8.16666666666667,3,13.3333333333333,-1.26530612244898,0.045909671506056,0.114934142777356,Old
Clostridium.estertheticum,0.000611111111111111,4.58333333333333,1.66666666666667,7.5,-1.27272727272727,0.0375807106813646,0.103852848556002,Old
Firmicutes.bacterium.CAG.341,0.00405555555555556,30.4166666666667,10.8333333333333,50,-1.28767123287671,0.00469769748933007,0.0384080496653663,Old
Clostridium.nexile.CAG.348,0.000944444444444444,7.08333333333333,2.5,11.6666666666667,-1.29411764705882,0.02224312059135,0.0781500349383128,Old
Sporosarcina.ureae,0.00202222222222222,15.1666666666667,5.33333333333333,25,-1.2967032967033,0.0125919114903797,0.0553634080389313,Old
Ruminococcus.sp.Phil15,0.0102111111111111,76.5833333333333,26.8333333333333,126.333333333333,-1.29923830250272,0.00499812476508246,0.0384080496653663,Old
Roseburia.faecis,0.00331111111111111,24.8333333333333,8.66666666666667,41,-1.30201342281879,0.00499812476508246,0.0384080496653663,Old
Bacillus.pseudomycoides,0.0016,12,4.16666666666667,19.8333333333333,-1.30555555555556,0.0181009487394497,0.067914003495011,Old
Clostridium.sp.CAG.253,0.0309222222222222,231.916666666667,78,385.833333333333,-1.32734459216673,0.0411255411255411,0.108435601096152,Old
Butyricimonas.virosa,0.0140111111111111,105.083333333333,34.6666666666667,175.5,-1.34020618556701,0.00629995107705632,0.0433287281476094,Old
Paenibacillus.agaridevorans,0.00105555555555556,7.91666666666667,2.5,13.3333333333333,-1.36842105263158,0.00768699880768741,0.0460798460798461,Old
Melampsora.abietis.canadensis,0.000988888888888889,7.41666666666667,2.33333333333333,12.5,-1.37078651685393,0.0112205504555235,0.0541071510221051,Old
Clostridium.sp.CAG.1219,0.000644444444444444,4.83333333333333,1.5,8.16666666666667,-1.37931034482759,0.0198629514997217,0.0708674132044229,Old
Alistipes.sp.56.sp.Nov.56.25,0.00214444444444444,16.0833333333333,4.66666666666667,27.5,-1.41968911917098,0.0122808186734451,0.0553634080389313,Old
Butyrivibrio.sp.AE2005,0.00177777777777778,13.3333333333333,3.83333333333333,22.8333333333333,-1.425,0.00715477722031697,0.0460798460798461,Old
Chryseobacterium.shandongense,0.00132222222222222,9.91666666666667,2.83333333333333,17,-1.42857142857143,0.0055017251543242,0.0413925604542611,Old
Serpentinicella.alkaliphila,0.000944444444444444,7.08333333333333,2,12.1666666666667,-1.43529411764706,0.0112205504555235,0.0541071510221051,Old
Bacteroidales.bacterium.M13,0.904088888888889,6780.66666666667,1895.33333333333,11666,-1.440959590994,0.00216450216450216,0.0384080496653663,Old
Khelaifiella.massiliensis,0.00112222222222222,8.41666666666667,2.33333333333333,14.5,-1.44554455445545,0.0055017251543242,0.0413925604542611,Old
Caloramator.quimbayensis,0.00113333333333333,8.5,2.33333333333333,14.6666666666667,-1.45098039215686,0.02224312059135,0.0781500349383128,Old
Clostridium.collagenovorans,0.00123333333333333,9.25,2.5,16,-1.45945945945946,0.0249920625395021,0.0804411106135244,Old
Clostridium.sp.AF50.3,0.00164444444444444,12.3333333333333,3.16666666666667,21.5,-1.48648648648649,0.00469769748933007,0.0384080496653663,Old
Paraliobacillus.sp.X.1125,0.0016,12,3,21,-1.5,0.00541667670848473,0.0411839387835585,Old
Paenibacillus.donghaensis,0.00571111111111111,42.8333333333333,10.6666666666667,75,-1.50194552529183,0.00492203567532315,0.0384080496653663,Old
Candidatus.Saccharibacteria.bacterium,0.00286666666666667,21.5,5.16666666666667,37.8333333333333,-1.51937984496124,0.00469769748933007,0.0384080496653663,Old
Hathewaya.proteolytica,0.00142222222222222,10.6666666666667,2.5,18.8333333333333,-1.53125,0.00715477722031697,0.0460798460798461,Old
Erysipelotrichaceae.bacterium.SG0102,8e-04,6,1.33333333333333,10.6666666666667,-1.55555555555556,0.00419719261801031,0.0384080496653663,Old
Ruminococcus.sp.CAG.563,0.00163333333333333,12.25,2.66666666666667,21.8333333333333,-1.56462585034014,0.00541667670848473,0.0411839387835585,Old
Veillonella.magna,0.000511111111111111,3.83333333333333,0.833333333333333,6.83333333333333,-1.56521739130435,0.00950944690821089,0.0493800394454853,Old
Mycoplasma.sp.CAG.776,0.000922222222222222,6.91666666666667,1.5,12.3333333333333,-1.56626506024096,0.00777631985992589,0.0460798460798461,Old
Clostridium.sp.CAG.921,0.00104444444444444,7.83333333333333,1.66666666666667,14,-1.57446808510638,0.00777631985992589,0.0460798460798461,Old
Thermoanaerobacterium.thermosaccharolyticum,0.000944444444444444,7.08333333333333,1.5,12.6666666666667,-1.57647058823529,0.00777631985992589,0.0460798460798461,Old
Lactobacillus.johnsonii,1.01315555555556,7598.66666666667,1602.16666666667,13595.1666666667,-1.57830321108966,0.00216450216450216,0.0384080496653663,Old
Dethiosulfatibacter.aminovorans,0.00184444444444444,13.8333333333333,2.83333333333333,24.8333333333333,-1.59036144578313,0.00462422880149912,0.0384080496653663,Old
Clostridium.sp.CAG.343,0.000655555555555556,4.91666666666667,1,8.83333333333333,-1.59322033898305,0.0250917364260793,0.0804411106135244,Old
Faecalitalea.cylindroides,0.00142222222222222,10.6666666666667,2.16666666666667,19.1666666666667,-1.59375,0.00992433650383396,0.0497255697343437,Old
Clostridium.sp.CAG.245,0.000666666666666667,5,1,9,-1.6,0.00567904107858396,0.0425040730725269,Old
Paenibacillus.naphthalenovorans,0.00115555555555556,8.66666666666667,1.66666666666667,15.6666666666667,-1.61538461538462,0.00419719261801031,0.0384080496653663,Old
Eubacterium.sp.TM05.53,0.000833333333333333,6.25,1.16666666666667,11.3333333333333,-1.62666666666667,0.0060546601452741,0.0433287281476094,Old
Romboutsia.ilealis,0.000866666666666667,6.5,1.16666666666667,11.8333333333333,-1.64102564102564,0.00992433650383396,0.0497255697343437,Old
Enterococcus.mundtii,0.00213333333333333,16,2.83333333333333,29.1666666666667,-1.64583333333333,0.00974513240203468,0.0497255697343437,Old
Enterococcus.termitis,0.00106666666666667,8,1.33333333333333,14.6666666666667,-1.66666666666667,0.00992433650383396,0.0497255697343437,Old
Clostridiales.bacterium.oral.taxon.876,0.00217777777777778,16.3333333333333,2.66666666666667,30,-1.6734693877551,0.00433691328645908,0.0384080496653663,Old
Propionibacterium.sp.,0.00533333333333333,40,6.5,73.5,-1.675,0.00492203567532315,0.0384080496653663,Old
Bacillus.simplex,0.003,22.5,2.83333333333333,42.1666666666667,-1.74814814814815,0.00433691328645908,0.0384080496653663,Old
Clostridiales.bacterium.Firm.18,0.00107777777777778,8.08333333333333,1,15.1666666666667,-1.75257731958763,0.00360091506678742,0.0384080496653663,Old
Clostridium.dakarense,0.000855555555555556,6.41666666666667,0.666666666666667,12.1666666666667,-1.79220779220779,0.00615061114885908,0.0433287281476094,Old
Mitsuokella.sp.oral.taxon.131,0.000933333333333333,7,0.666666666666667,13.3333333333333,-1.80952380952381,0.00366454759003854,0.0384080496653663,Old
Firmicutes.bacterium.CAG.582,0.00121111111111111,9.08333333333333,0.833333333333333,17.3333333333333,-1.81651376146789,0.00360091506678742,0.0384080496653663,Old
Clostridium.aceticum,0.00118888888888889,8.91666666666667,0.666666666666667,17.1666666666667,-1.85046728971963,0.00360091506678742,0.0384080496653663,Old
Variovorax.paradoxus,0.000555555555555556,4.16666666666667,0.166666666666667,8.16666666666667,-1.92,0.00366454759003854,0.0384080496653663,Old
Turicibacter.sanguinis,0.0206555555555556,154.916666666667,5.33333333333333,304.5,-1.93114577729962,0.00492203567532315,0.0384080496653663,Old
Firmicutes.bacterium.AF36.3BH,0.000811111111111111,6.08333333333333,0.166666666666667,12,-1.94520547945206,0.00366454759003854,0.0384080496653663,Old
Mailhella.sp.,0.204411111111111,1533.08333333333,13,3053.16666666667,-1.98304071315975,0.00499812476508246,0.0384080496653663,Old
Azospirillum.sp.TSO35.2,0.000566666666666667,4.25,0,8.5,-2,0.00226813188829766,0.0384080496653663,Old
Bacteroides.sp.AR29,0.00111111111111111,8.33333333333333,0,16.6666666666667,-2,0.00272453179091941,0.0384080496653663,Old
Clostridiales.bacterium.Firm.05,0.001,7.5,0,15,-2,0.00272453179091941,0.0384080496653663,Old
Tepidibacter.formicigenes,0.000744444444444444,5.58333333333333,0,11.1666666666667,-2,0.00272453179091941,0.0384080496653663,Old
Thermoanaerobacterium.sp.RBIITD,0.000811111111111111,6.08333333333333,0,12.1666666666667,-2,0.00272453179091941,0.0384080496653663,Old
Anoxybacillus.tepidamans,0.000633333333333333,4.75,0,9.5,-2,0.00277843011009903,0.0384080496653663,Old
Bacteroides.sp.A1C1,0.00177777777777778,13.3333333333333,0,26.6666666666667,-2,0.00277843011009903,0.0384080496653663,Old
Bacteroides.sp.AF39.16AC,0.0017,12.75,0,25.5,-2,0.00277843011009903,0.0384080496653663,Old
Burkholderiales.bacterium.YL45,0.0203888888888889,152.916666666667,0,305.833333333333,-2,0.00277843011009903,0.0384080496653663,Old
Firmicutes.bacterium.CAG.41,0.00183333333333333,13.75,0,27.5,-2,0.00277843011009903,0.0384080496653663,Old
Lysobacter.enzymogenes,0.00113333333333333,8.5,0,17,-2,0.00277843011009903,0.0384080496653663,Old
Turicibacter.sp.H121,0.00285555555555556,21.4166666666667,0,42.8333333333333,-2,0.00277843011009903,0.0384080496653663,Old
Geobacteraceae.bacterium.GWC2.58.44,5e-04,3.75,0,7.5,-2,0.00900279952408667,0.0475625842504138,Old
Blautia.sp.OM06.15AC,0.000533333333333333,4,0,8,-2,0.00946507713844421,0.0493800394454853,Old
Lactobacillus.hominis,0.000466666666666667,3.5,0,7,-2,0.00946507713844421,0.0493800394454853,Old
Romboutsia.hominis,0.000477777777777778,3.58333333333333,0,7.16666666666667,-2,0.00946507713844421,0.0493800394454853,Old
Bacteroides.sp.D20,0.00162222222222222,12.1666666666667,0,24.3333333333333,-2,0.00962171958575914,0.0493800394454853,Old
Firmicutes.bacterium.AM55.24TS,0.000366666666666667,2.75,0,5.5,-2,0.00962171958575914,0.0493800394454853,Old
Lactobacillus.camelliae,0.000533333333333333,4,0,8,-2,0.00962171958575914,0.0493800394454853,Old
Bacillus.sp.FJAT.45385,0.000155555555555556,1.16666666666667,0,2.33333333333333,-2,0.0284406622664748,0.0869558120785623,Old
Deinococcus.aquatilis,0.000288888888888889,2.16666666666667,0,4.33333333333333,-2,0.0284406622664748,0.0869558120785623,Old
Fusobacterium.mortiferum,0.000333333333333333,2.5,0,5,-2,0.0284406622664748,0.0869558120785623,Old
Granulicatella.elegans,0.000433333333333333,3.25,0,6.5,-2,0.0284406622664748,0.0869558120785623,Old
Sulfurimonas.sp.,0.00163333333333333,12.25,0,24.5,-2,0.0284406622664748,0.0869558120785623,Old
