"rab.all","rab.win.DO","rab.win.DY","diff.btw","diff.win","effect","overlap","we.ep","we.eBH","wi.ep","wi.eBH","Pathway"
2.33799034309325,-5.19046597590714,3.04927222069955,7.74232801713566,9.15750719626287,0.757394169750087,0.24557755439186,0.0109470712703629,0.889147584175117,0.0199335181168529,0.997495893862467,"PYRIDOXSYN.PWY.pyridoxal.5..phosphate.biosynthesis.I"
-5.28930698376926,-6.52602627620273,-1.6314316287888,5.65974774952271,8.71789315077397,0.600577459817675,0.291363186166737,0.0360210592258504,0.914419695217346,0.0708606635482651,0.972111098185774,"PWY.7282.4.amino.2.methyl.5.phosphomethylpyrimidine.biosynthesis..yeast."
2.6761150780314,-5.06387359286485,3.30381600949594,7.89394828307155,9.68254699419716,0.720467950835105,0.24687503077562,0.0118385227888091,0.938584691300826,0.024138649740345,0.997495893862467,"PWY0.845.superpathway.of.pyridoxal.5..phosphate.biosynthesis.and.salvage"
-6.15387866617624,-6.75461401853252,-5.20394581874274,2.56883323903993,7.11387282869823,0.338924786916845,0.342351732757051,0.117168096591687,0.970182615870457,0.230518660142323,1,"PWY.6470.peptidoglycan.biosynthesis.V...beta..lactam.resistance."
-6.12150379695469,-6.79778920320395,-5.18776064185588,2.4761947820148,7.39699999563236,0.351057741009883,0.34375001565756,0.125537290144623,0.975302365488692,0.237915446899499,0.993079849856897,"P162.PWY.L.glutamate.degradation.V..via.hydroxyglutarate."
-6.39703596548918,-6.81271287293325,-5.87146396512908,1.76406475250131,6.54108557309879,0.244877537694808,0.375650376164325,0.231506061936882,0.987668860026936,0.374733549523634,0.993264269344447,"PWY.8131.5..deoxyadenosine.degradation.II"
-4.07594712373515,-5.78895840068859,3.09983901656878,5.80911255460805,9.30766224228948,0.527617082802367,0.283038525679526,0.0503971577141635,0.989833165063396,0.0564764617009049,0.99832540458766,"PWY.5723.Rubisco.shunt"
-6.37569994249338,-6.88491418226407,-5.81194861315273,1.76273531359883,6.10877690003378,0.277648328151042,0.397502611111309,0.28381189049828,0.990195227660025,0.370472817288217,1,"PWY.7616.methanol.oxidation.to.carbon.dioxide"
-6.30441210480536,-6.7593929571888,-5.82310495825561,1.86843059159284,6.77958689892599,0.25130223654899,0.390218532780324,0.256143376640877,0.993310476815166,0.389358506423117,1,"PYRIDNUCSAL.PWY.NAD.salvage.pathway.I"
-6.70351622506619,-6.75269944674859,-6.6344529339003,0.506838924034794,5.40609134888531,0.075806797758667,0.460416670268461,0.590865032445203,0.994035844746627,0.656126586131432,0.99403832699587,"PWY.6961.L.ascorbate.degradation.II..bacterial..aerobic."
-6.71925968439672,-6.83113884835805,-6.58873727330064,0.559938262138555,5.33061690907256,0.0941624736345238,0.459375003697822,0.4993630512518,0.995577133216827,0.630513063293206,1,"PWY.1269.CMP.3.deoxy.D.manno.octulosonate.biosynthesis"
-6.79853121554196,-6.84382439977144,-6.7511092115825,0.352051170043196,5.52252739319104,0.0553648653186349,0.469302812353782,0.564822884984005,0.996754199050795,0.697291716774357,1,"PWY.5899.superpathway.of.menaquinol.13.biosynthesis"
-6.74600305546718,-6.77312418770894,-6.70361872069985,0.343587950082274,5.59804871636993,0.0572671442338225,0.47034339498518,0.560730515486626,0.997162700056304,0.687430227952745,0.995769613045228,"GLYCOCAT.PWY.glycogen.degradation.I"
-6.7448073620658,-6.78310024368226,-6.69033013202255,0.396989809620586,5.56408648309343,0.0666475163109839,0.464099899197936,0.615648993292129,0.997396635960843,0.712697734730208,1,"PWY.7094.fatty.acid.salvage"
-5.5606763928381,-6.32634545702761,-3.68964024287201,2.56141492821345,8.97860548280014,0.313759448896346,0.365244550052658,0.210774099175947,0.997606126792876,0.285501093081742,0.996770731501073,"KETOGLUCONMET.PWY.ketogluconate.metabolism"
-6.72871041630873,-6.35361048415042,-7.0306287249045,-0.536169872775509,5.66116121252096,-0.0781984084162561,0.455775238153172,0.666000149267105,0.998078164740042,0.633835315688805,0.9971937037043,"RUMP.PWY.formaldehyde.oxidation.I"
-6.12091189421501,-5.33955216874946,-6.74966863527411,-1.43734999828566,6.81900409939931,-0.1988937121935,0.387500010714967,0.288978668928719,0.999012622495934,0.318191648468602,0.998998881544156,"PWY66.389.phytol.degradation"
-6.81009009878941,-6.81841530261126,-6.79597693951522,0.325721471541924,5.8793351091101,0.0514059407563062,0.469791669408184,0.526158470195352,0.999016912618744,0.706252087725113,1,"PWY.5840.superpathway.of.menaquinol.7.biosynthesis"
-5.95774838054794,-6.52851992898421,-5.1697614337796,1.86628943106321,7.43568575593392,0.254213375238618,0.387096784928663,0.257429185545738,0.999192465322338,0.339937281647343,1,"GLYCOCAT.PWY.glycogen.degradation.I..bacterial."
-6.56837330891994,-5.97872380137849,-7.04930968611773,-1.22357626742129,5.87968706846682,-0.182773008680908,0.408333341910337,0.503814783459346,0.999624295685071,0.475142287253998,1,"PWY66.391.fatty.acid..beta..oxidation.VI..mammalian.peroxisome."
10.4502045923072,10.6545259427815,10.2510562757713,-0.485550700449853,2.71717566842494,-0.177088756849554,0.369791679296965,0.229694419734545,1,0.222086114076189,1,"VALSYN.PWY.L.valine.biosynthesis"
10.3467854675995,10.6312810258168,10.191445252866,-0.333826566016958,2.7201542537042,-0.123137571034381,0.394380863253436,0.257480206329361,1,0.291207212212496,1,"ILEUSYN.PWY.L.isoleucine.biosynthesis.I..from.threonine."
10.4155309574133,10.9763959813711,10.0188104173104,-0.731596494311583,2.53686784884702,-0.230560490829396,0.348595228360539,0.179874737436122,1,0.157962309906251,1,"TRNA.CHARGING.PWY.tRNA.charging"
10.3526719285491,10.5661118019387,9.94935378535601,-0.519057339988823,2.59506659091552,-0.196706603909737,0.34375001565756,0.218011074254894,1,0.15481230274789,1,"PWY.6609.adenine.and.adenosine.salvage.III"
10.5182728080792,11.0381501865183,10.188756062842,-0.746398282766465,2.5398631990154,-0.222630044255882,0.38229167793462,0.223927133152213,1,0.29972441545007,1,"PWY.7221.guanosine.ribonucleotides.de.novo.biosynthesis"
10.5057854276125,10.8317576457566,10.0195771310442,-0.616746485006946,2.4684589170039,-0.237711695753316,0.364203967443647,0.171402229388955,1,0.195794076469123,1,"PWY.6122.5.aminoimidazole.ribonucleotide.biosynthesis.II"
10.5063799584128,10.8284003640912,10.0166039610952,-0.661470718593415,2.3803772491052,-0.234157707117629,0.36145834690237,0.170013308221856,1,0.195709729286377,1,"PWY.6277.superpathway.of.5.aminoimidazole.ribonucleotide.biosynthesis"
10.0412265533859,10.4452527621119,9.86099267327262,-0.371586713567632,3.09598504019457,-0.120182609268962,0.408949019944129,0.37383704381185,1,0.357382428080876,1,"PWY.7111.pyruvate.fermentation.to.isobutanol..engineered."
10.1952715176047,10.735951464512,9.85290643235326,-0.760349808056422,2.52585447531957,-0.2465768514632,0.355879306586749,0.157753580653956,1,0.16375182101266,1,"PEPTIDOGLYCANSYN.PWY.peptidoglycan.biosynthesis.I..meso.diaminopimelate.containing."
10.1876424372494,10.6917413879731,9.82367629376377,-0.71457696205835,2.54253056803699,-0.258126309891266,0.359001054404846,0.15226594751878,1,0.159815393359863,1,"PWY.6387.UDP.N.acetylmuramoyl.pentapeptide.biosynthesis.I..meso.diaminopimelate.containing."
10.3951381710208,10.8119906335804,9.97202928529231,-0.619188500432056,2.49039147930233,-0.224536834669524,0.373958345503703,0.194694342675915,1,0.246002630103687,1,"PWY.6121.5.aminoimidazole.ribonucleotide.biosynthesis.I"
10.1831685076859,10.8080472941522,9.83488705626029,-0.58962698365734,2.3483927875828,-0.210992606482066,0.38229167793462,0.188328580508325,1,0.233083653388276,1,"PWY.5097.L.lysine.biosynthesis.VI"
10.1525189586541,10.7936694561992,9.76047899053782,-0.665127138324634,2.3520285358178,-0.255927037281466,0.353798141376928,0.156435305993993,1,0.15746102260132,1,"PWY.2942.L.lysine.biosynthesis.III"
10.1329380670109,10.4640742717971,9.84946515882528,-0.498213250581722,2.70160130653611,-0.157027959056324,0.409375008472879,0.247546845188047,1,0.348119020371385,1,"ARGSYNBSUB.PWY.L.arginine.biosynthesis.II..acetyl.cycle."
10.0460746839546,10.5525932497502,9.48445403152788,-0.820948715908966,2.5628221460353,-0.267686411046418,0.340270567560009,0.151736969856021,1,0.141195277244862,1,"PWY.6386.UDP.N.acetylmuramoyl.pentapeptide.biosynthesis.II..lysine.containing."
10.2133191060695,10.6381481885162,9.87000023247933,-0.826909271304316,2.60440664319425,-0.248807830667529,0.383333344490035,0.185032520337245,1,0.260890987372754,1,"ANAGLYCOLYSIS.PWY.glycolysis.III..from.glucose."
10.144111297622,10.545625082112,9.61755727587771,-0.552070410992612,2.70826794001176,-0.158005817510827,0.415192515683597,0.323651476836673,1,0.432481421391072,1,"PWY0.1296.purine.ribonucleosides.degradation"
9.99129877419437,10.4321090984266,9.54914015188159,-0.715458861997732,2.35726887993434,-0.260062194451649,0.345833348737964,0.149563589056492,1,0.141101244481624,1,"PWY.6385.peptidoglycan.biosynthesis.III..mycobacteria."
9.86665530329776,10.0629510222466,9.62469067675935,-0.391392417727381,2.8128577596099,-0.139844025912412,0.402705524213262,0.277497868930591,1,0.33344759420408,1,"ARGSYN.PWY.L.arginine.biosynthesis.I..via.L.ornithine."
10.0480697559583,10.5647474040911,9.85110394270795,-0.545628624418828,2.7250363461741,-0.184154863837436,0.390625010386985,0.256365346312191,1,0.323115834857381,1,"PWY.5103.L.isoleucine.biosynthesis.III"
10.2461477401519,10.5955775496209,9.82487125368763,-1.05346942958159,2.66329645470756,-0.307065939584456,0.352757558772707,0.123817001855948,1,0.153404913785742,1,"PWY.6123.inosine.5..phosphate.biosynthesis.I"
9.96578177661751,10.3059906201861,9.45198924961628,-0.606494390502363,2.2875892634594,-0.221242726173787,0.362122802226861,0.178930412658417,1,0.195489582256626,1,"PANTO.PWY.phosphopantothenate.biosynthesis.I"
10.2133457549897,10.5006558095483,9.77742494436662,-1.00734840009154,2.68583390463189,-0.306549213131849,0.346514063157362,0.120154846809358,1,0.151009885196055,1,"PWY.6124.inosine.5..phosphate.biosynthesis.II"
9.8407945112651,10.1120150341675,9.37427793321978,-0.627223544473103,2.28636329470425,-0.220696928548948,0.369791679296965,0.182118742992882,1,0.194015635953454,1,"PWY.6163.chorismate.biosynthesis.from.3.dehydroquinate"
10.0074043183838,10.2964749657851,9.43615229143573,-0.56102431765926,2.46403378976399,-0.204159205926312,0.375650376164325,0.192444490136948,1,0.23883164431009,1,"ARO.PWY.chorismate.biosynthesis.I"
9.2904285001485,9.74130405894781,9.09777905005999,-0.491235915289841,2.94635996007774,-0.166463616929941,0.380853289233955,0.255497931033775,1,0.263282794315582,1,"GLYCOLYSIS.glycolysis.I..from.glucose.6.phosphate."
9.4824438729135,9.67126206064077,9.35959967787295,-0.297570245383911,17.2580647779416,-0.0184705548151738,0.467221647091207,0.872385690478069,1,0.709054446657501,1,"DTDPRHAMSYN.PWY.dTDP.L.rhamnose.biosynthesis.I"
9.43619044014588,9.61045563233723,9.28129675958029,-0.265078036019767,17.2051598181196,-0.0168658389739864,0.469791669408184,0.882971936661705,1,0.70838648855688,1,"PWY.7219.adenosine.ribonucleotides.de.novo.biosynthesis"
9.86470344700657,10.148105922685,9.46334483736444,-0.617714031956179,2.62031674165592,-0.194105883829917,0.380208344824797,0.236769804345833,1,0.28022750885701,1,"PWY.6527.stachyose.degradation"
9.375527740406,9.52359399958538,9.24933711229227,-0.232389586932089,17.077215844446,-0.0149364435319445,0.467221647091207,0.862020857250068,1,0.776560268627296,1,"PWY.5686.UMP.biosynthesis"
9.257139038947,9.75040363719619,9.03176198539927,-0.606395700498036,2.86431786420038,-0.182342762413478,0.390218532780324,0.241724795308621,1,0.26600734190064,1,"PWY.5484.glycolysis.II..from.fructose.6.phosphate."
9.87460549508278,10.1649307849752,9.35539333783742,-0.548637785275815,2.36984727549269,-0.209198097830903,0.365625013096421,0.18144302091929,1,0.212998898377387,1,"COMPLETE.ARO.PWY.superpathway.of.aromatic.amino.acid.biosynthesis"
8.99945428576124,9.20860967773323,8.8177544761599,-0.315538802478631,3.47166357929057,-0.0667760968646473,0.430208339769463,0.911834987726558,1,0.522307656457982,1,"PWY.7229.superpathway.of.adenosine.nucleotides.de.novo.biosynthesis.I"
9.46514642757352,9.65167177527,9.03331077091579,-0.670019191287585,2.60806456565905,-0.240512388297832,0.329166684155394,0.206679110902111,1,0.115824481688714,1,"PWY.5667.CDP.diacylglycerol.biosynthesis.I"
9.46425232279675,9.65177513257521,9.03570103141713,-0.597023320393314,2.5467584949897,-0.222905879787132,0.331945906793737,0.20782412459589,1,0.116361286497385,1,"PWY0.1319.CDP.diacylglycerol.biosynthesis.II"
9.39172529793082,9.51283126525211,9.20611519128979,-0.207333056985299,16.8381853666615,-0.0141851825338743,0.475546308143175,0.859454731351578,1,0.760198937522733,1,"PWY.1042.glycolysis.IV..plant.cytosol."
-4.30076229055598,-4.09442946563161,-4.66296731758903,-0.81634245597893,16.7423204354379,-0.0555900949260778,0.434963585574095,0.655465109891589,1,0.565670738448354,1,"PWY.5686.UMP.biosynthesis.I"
-4.51946596438571,-4.31389751274661,-4.73335419140721,-0.658834561582325,16.8711620333573,-0.0499992403065107,0.450572325003569,0.662498580869676,1,0.597380528704114,1,"PWY.7790.UMP.biosynthesis.II"
-4.32925899092168,-4.22598825770108,-4.433305260412,-0.65749825149557,16.8234810374616,-0.0408985738369827,0.455775238153172,0.687398652565849,1,0.620096563071622,1,"PWY.7791.UMP.biosynthesis.III"
9.27091051475319,9.42573643594892,9.16775384836654,-0.226902612156026,16.6547532986744,-0.0144774737798353,0.479166668553743,0.876009463950244,1,0.71821216782251,1,"PWY.3841.folate.transformations.II"
9.88351140790964,9.91648357094596,9.74547965207638,-0.74602922889436,2.42944032844949,-0.274802757377904,0.338189402365107,0.146370446465496,1,0.143471437063102,1,"PWY.5973.cis.vaccenate.biosynthesis"
9.75525807396555,9.96301344612055,9.1090223644714,-0.799572769426785,2.77333809840869,-0.254798173590557,0.353798141376928,0.142329250824675,1,0.137538915759671,1,"OANTIGEN.PWY.O.antigen.building.blocks.biosynthesis..E..coli."
8.8660086734986,8.94719275882733,8.82220388530854,0.0113598012992373,16.7212286767188,0.000864556862618301,0.498958333427524,0.841263110851274,1,0.923124910130573,1,"PWY.7400.L.arginine.biosynthesis.IV..archaebacteria."
-4.34130869798314,-4.14640004253847,-4.53983803945189,-0.741435452643613,16.2836872147042,-0.050161255240659,0.447916671427829,0.667372707654593,1,0.588777526860841,1,"PWY.3841.folate.transformations.II..plants."
9.89240930357493,10.0275722930052,9.31734767688442,-0.511017197258007,2.23748123733113,-0.199088209406942,0.39854319373116,0.248444479607963,1,0.291208252890682,1,"CALVIN.PWY.Calvin.Benson.Bassham.cycle"
9.38267658148416,9.79695683749598,8.96501294484607,-0.589312070377177,2.85902669090537,-0.179739959211542,0.405208342224178,0.311658255710826,1,0.32489722547761,1,"PWY.7199.pyrimidine.deoxyribonucleosides.salvage"
10.0667023661974,10.1450719888634,9.70491123299856,-0.607319324287041,2.88612424360048,-0.187399454877679,0.390218532780324,0.178221547503596,1,0.294613120093637,1,"GLYCOGENSYNTH.PWY.glycogen.biosynthesis.I..from.ADP.D.Glucose."
9.66517640807484,9.97995663956534,8.85953859023571,-0.940233951682274,3.050371199412,-0.279657868234224,0.347916681820391,0.142846353845625,1,0.159691255742431,1,"UDPNAGSYN.PWY.UDP.N.acetyl.D.glucosamine.biosynthesis.I"
8.77060422471046,9.05393791147436,8.52104857589745,-0.336125668660594,3.45782174375093,-0.0652533235121104,0.446409994486027,0.901974037854355,1,0.564385145304773,1,"PWY.6126.superpathway.of.adenosine.nucleotides.de.novo.biosynthesis.II"
9.71456818404803,9.7222311758372,9.65662999453401,-0.705715970042927,2.45787413235447,-0.270318372755333,0.351716976168951,0.142433318468893,1,0.137119765138653,1,"PWY.7663.gondoate.biosynthesis..anaerobic."
8.88233697120682,8.92708166797939,8.84237042042535,0.200170505473798,16.578694789261,0.0138261534476152,0.48595213446319,0.823223868952234,1,0.870952255576205,1,"PWY.6737.starch.degradation.V"
-4.27694918775132,-4.02756784814696,-4.48577955277253,-0.918071118992105,16.0096390965819,-0.0619397259677551,0.428125006636243,0.634901541071187,1,0.55374647320989,1,"DTDPRHAMSYN.PWY.dTDP..beta..L.rhamnose.biosynthesis"
9.13857958707793,9.24401736853855,8.97388156265903,-0.139701132488359,16.4566581766915,-0.0100886336425436,0.481250001697808,0.877986869143346,1,0.779568239564012,1,"PWY.6151.S.adenosyl.L.methionine.cycle.I"
8.51967308332014,9.01031451889312,8.42211797227588,-0.889834612908403,1.79459172671236,-0.223414714794165,0.298958355017743,0.0445167382485782,1,0.0532000641586394,1,"GLUCONEO.PWY.gluconeogenesis.I"
9.15568999071483,9.42225426557945,8.61902223538452,-0.78282788745752,2.70487976444489,-0.280242928165913,0.349635810962862,0.145384662959694,1,0.170764527488994,1,"PWY.5100.pyruvate.fermentation.to.acetate.and.lactate.II"
9.07126458479883,9.18624708590395,8.76412426968873,-0.821405867126423,2.30241185757856,-0.313364476558793,0.326742993833652,0.100530274895771,1,0.0879500569487053,1,"HSERMETANA.PWY.L.methionine.biosynthesis.III"
9.188052720848,9.31724030695596,8.81436644872077,-0.864184411049457,2.21748334410809,-0.325894823418669,0.346514063157362,0.147358595388779,1,0.163868463116473,1,"PWY.6703.preQ0.biosynthesis"
-4.36317738689589,-4.00435731380631,-4.63785425145898,-0.917205781020882,16.49191037865,-0.0595135682385906,0.437044750829468,0.657757603790074,1,0.573402062898359,1,"PWY.7953.UDP.N.acetylmuramoyl.pentapeptide.biosynthesis.III..meso.diaminopimelate.containing."
8.82798307013821,9.01017127542792,8.79796680534009,-0.134717111435302,16.3843690953694,-0.00795264594339875,0.490625000848008,0.828909210854167,1,0.900702346881588,1,"PWY.6700.queuosine.biosynthesis"
8.73663970676017,8.82975488049754,8.68395016018102,-0.200514414128442,16.444674956306,-0.0152095859958905,0.468262229722457,0.873265816985384,1,0.794371899083665,1,"COA.PWY.1.coenzyme.A.biosynthesis.II..mammalian."
9.04927863348173,9.26583646666743,8.63323648717223,-0.529733336211214,2.27013920182757,-0.200434810849973,0.3677083461959,0.266439327172631,1,0.21369145861047,1,"HISTSYN.PWY.L.histidine.biosynthesis"
-4.19772691867409,-3.94999264409912,-4.59977399898166,-0.651324342477798,16.1393060066731,-0.049305396284363,0.445369411856961,0.661917298055177,1,0.588127987859494,1,"PWY.1042.glycolysis.IV"
8.89898615434804,9.19231381596854,8.72810156271682,-0.151206418393649,16.3144115405018,-0.00985222850592368,0.477083335409876,0.838539001621712,1,0.841217329515608,1,"BRANCHED.CHAIN.AA.SYN.PWY.superpathway.of.branched.amino.acid.biosynthesis"
9.12433280563323,9.44609162313753,8.68304804303299,-0.583341497282018,2.2038459050874,-0.233739193387144,0.373958345503703,0.223802193433319,1,0.221176952096208,1,"PWY.724.superpathway.of.L.lysine..L.threonine.and.L.methionine.biosynthesis.II"
8.03227121603118,8.092946669779,7.99198535579749,-0.288274408210603,11.4593212505084,-0.0348675206917473,0.453694072892993,0.808137358907345,1,0.591895520466489,1,"PWY.841.superpathway.of.purine.nucleotides.de.novo.biosynthesis.I"
-4.41148876265232,-4.10910243416361,-4.71843403703773,-0.792877029503711,16.4869310912704,-0.054411578159982,0.450000004566789,0.658149544684201,1,0.594359683397548,1,"BRANCHED.CHAIN.AA.SYN.PWY.superpathway.of.branched.chain.amino.acid.biosynthesis"
-4.43673728254373,-4.18176826925427,-4.66989053786863,-0.6472921229597,16.0999570310511,-0.0519176157039981,0.451041671136452,0.669337896054791,1,0.605485886525927,1,"COA.PWY.coenzyme.A.biosynthesis.I..prokaryotic."
8.56847052930349,8.4982552527492,8.59077319327529,-0.0645401106856829,16.2878436506698,-0.00414720930394281,0.496875000282581,0.855006603264304,1,0.906429058125861,1,"PWY.5695.urate.biosynthesis.inosine.5..phosphate.degradation"
-4.36754018273696,-4.17319301532623,-4.64648321867698,-0.82215356575754,16.1809214355361,-0.0663419770648554,0.447450577115223,0.659948430168256,1,0.582445578587666,1,"PWY.6700.queuosine.biosynthesis.I..de.novo."
8.75652367508683,9.02475822059845,8.69712249727433,-0.317213291425953,16.2301454125177,-0.0227182894177452,0.465625003123032,0.886161801691748,1,0.725012002762226,1,"X1CMET2.PWY.N10.formyl.tetrahydrofolate.biosynthesis"
8.5574711462313,8.62753894761697,8.53573483536187,-0.280274139727257,16.2797345562072,-0.0224792592710455,0.467708336265454,0.875044896576902,1,0.81009960430376,1,"COA.PWY.coenzyme.A.biosynthesis.I"
8.48846757944125,8.41817714499994,8.51530326415248,-0.148843272738803,16.0499607916998,-0.00966699535496491,0.488033299727669,0.88126435542419,1,0.869954625396488,1,"PWY66.400.glycolysis.VI..metazoan."
8.52722930466836,8.49784753891751,8.54155655893463,-0.217720714120186,16.1852186120835,-0.0136680530954918,0.488033299727669,0.86540983095057,1,0.871519507591364,1,"PWY.4242.pantothenate.and.coenzyme.A.biosynthesis.III"
9.10008167028326,9.27533472220495,8.7762895913975,-0.717003111851339,2.3840110249085,-0.156318196291936,0.372916678951454,0.857562383254883,1,0.228128387909977,1,"ANAEROFRUCAT.PWY.homolactic.fermentation"
-4.39447150862493,-4.11804142074819,-4.68158226689391,-1.05937979027062,16.2879925377195,-0.0706318888310535,0.433333339470602,0.681529701682708,1,0.604485031605964,1,"PANTOSYN.PWY.superpathway.of.coenzyme.A.biosynthesis.I..bacteria."
8.40854005384192,8.45533849669096,8.38214374170238,0.0195156379191994,7.24961256174844,0.00274678848674858,0.49791666685505,0.649900459427082,1,0.893607431897545,1,"RIBOSYN2.PWY.flavin.biosynthesis.I..bacteria.and.plants."
8.36488670623126,8.28501533351152,8.39152877494425,0.128178796267306,16.0431061265318,0.00857108432945471,0.487500001130987,0.817863470946482,1,0.851088588193045,1,"GLUTORN.PWY.L.ornithine.biosynthesis"
8.4600928401162,8.44701057294692,8.46362799130122,-0.17423310555843,16.1192518222258,-0.0117955125459728,0.484375001414231,0.889156473094813,1,0.80357853916803,1,"PANTOSYN.PWY.pantothenate.and.coenzyme.A.biosynthesis.I"
7.62881262603532,7.56670575196961,7.65822121013746,-0.546422314605941,10.968979002603,-0.0560400205378963,0.446409994486027,0.799638152988983,1,0.623771521226969,1,"PWY.7228.superpathway.of.guanosine.nucleotides.de.novo.biosynthesis.I"
-4.38785499346419,-4.1470019878463,-4.66648982111254,-0.841485381178176,15.6896914436952,-0.0618845725197029,0.424557759307382,0.657011502052186,1,0.536963471126757,1,"COA.PWY.1.superpathway.of.coenzyme.A.biosynthesis.III..mammals."
8.08117710415505,8.68498152431845,7.85492395371561,-0.562076175348959,3.39373537109652,-0.107191997445127,0.430208339769463,0.930401596404095,1,0.517570071877158,1,"PWY.7220.adenosine.deoxyribonucleotides.de.novo.biosynthesis.II"
8.07988683936075,8.67914024385546,7.85623257405132,-0.520360967153318,3.4221573060563,-0.105888116512109,0.439125916085463,0.924202761103838,1,0.518858757499142,1,"PWY.7222.guanosine.deoxyribonucleotides.de.novo.biosynthesis.II"
-4.21205012712406,-3.91077071743975,-4.60497878020534,-0.879887265918608,15.8698375851431,-0.064499379894656,0.441207081342059,0.662653801924068,1,0.604175765725155,1,"X1CMET2.PWY.folate.transformations.III..E..coli."
8.91786735261233,9.68113181888614,8.62071597242445,-0.877355639405776,2.79040546325884,-0.254624587308066,0.34375001565756,0.14109368394452,1,0.153901192453226,1,"PWY.5188.tetrapyrrole.biosynthesis.I..from.glutamate."
-4.35891418429431,-4.02392789930425,-4.78329956208769,-0.745620106758627,15.2565468808276,-0.0572995542236971,0.426041673503749,0.628434720257764,1,0.488540392866585,1,"PWY.6151.S.adenosyl.L.methionine.salvage.I"
7.55200795915822,7.53955204711319,7.56497197714647,-0.509912130743474,10.8670082336112,-0.0558142973194963,0.445833338289379,0.785071064372465,1,0.637070921162475,1,"PWY.6125.superpathway.of.guanosine.nucleotides.de.novo.biosynthesis.II"
-4.29703643348451,-4.23770804695016,-4.39086022572624,-0.614284583955375,14.86335728244,-0.0454493757526524,0.461458336839195,0.710708568579716,1,0.675827538460579,1,"PWY.5695.inosine.5..phosphate.degradation"
-3.11544082713424,-4.21188545121425,-1.54483503258402,-0.240561547479541,15.778270215975,-0.0171872807158788,0.484375001414231,0.885934020086695,1,0.810242653493071,1,"NONMEVIPP.PWY.methylerythritol.phosphate.pathway.I"
-4.18374419231475,-4.04472038221534,-4.34039688307117,-0.676006511094889,15.4655036414707,-0.0522571050200378,0.441666672014092,0.686950110094126,1,0.583330681233836,1,"PWY.7851.coenzyme.A.biosynthesis.II..eukaryotic."
8.61081588525929,8.9898597833546,6.85136238001783,-1.28888571358385,5.36437060993663,-0.255757957570307,0.316337167960921,0.0778702814913192,1,0.0852318434269666,1,"PWY.2941.L.lysine.biosynthesis.II"
-4.36701435722636,-4.09907591738367,-4.6050301415972,-0.780241849057989,16.287152237199,-0.0594944466028039,0.425000006937782,0.653629618232779,1,0.516384175802591,1,"PWY66.429.fatty.acid.biosynthesis.initiation..mitochondria."
7.34749466494824,7.35553820777868,7.3423169287577,-0.349371033813435,10.6706330144799,-0.0397235330527462,0.458333337127281,0.790370258552091,1,0.637878199931793,1,"PWY.7208.superpathway.of.pyrimidine.nucleobases.salvage"
7.96434381134478,8.22258635603742,7.35881388354278,-0.622643284353472,4.32628375696335,-0.110636932973502,0.441666672014092,0.945593258390599,1,0.613324459499502,1,"LACTOSECAT.PWY.lactose.and.galactose.degradation.I"
8.37197470440094,8.52846009153234,7.93425288727769,-0.309771000183607,2.87172503629846,-0.0544792732467583,0.451041671136452,0.777189163509034,1,0.632551489857704,1,"PWY.3001.superpathway.of.L.isoleucine.biosynthesis.I"
8.1630644869229,8.40722991668953,8.10681597429316,-0.0750502039146417,15.8259745286825,-0.00543203779926331,0.490625000848008,0.859429129620836,1,0.875849180584439,1,"PWY66.422.D.galactose.degradation.V..Leloir.pathway."
-4.38682358813618,-4.21370400673259,-4.6495256190992,-0.651422101399143,15.094992923692,-0.055623698243871,0.437500005741106,0.662071018349882,1,0.56839137268935,1,"P41.PWY.pyruvate.fermentation.to.acetate.and..S..lactate.I"
-4.31617265753982,-4.134773767275,-4.52816418446029,-0.672271590791055,15.548447300453,-0.0499381113277834,0.443750005151459,0.68569085789274,1,0.643377585665995,1,"PWY.7977.L.methionine.biosynthesis.IV"
8.15946362275511,8.40669547668509,8.1056592273717,0.0382268854046108,15.8280364845528,0.00264726884375125,0.4942767955217,0.841538071502759,1,0.935685754503445,1,"PWY.6317.galactose.degradation.I..Leloir.pathway."
8.00376328950874,8.47491142244696,7.8868090459094,-0.498600723755983,15.5844433709927,-0.0340045075309904,0.454734655523028,0.906800283713074,1,0.605743166171999,1,"PYRIDNUCSYN.PWY.NAD.biosynthesis.I..from.aspartate."
9.00136563358172,9.16964423321246,8.6394683095522,-0.525372984182527,4.66374115907737,-0.118872780428353,0.401041675979512,0.335570307209627,1,0.365833118012717,1,"PWY.7234.inosine.5..phosphate.biosynthesis.III"
-4.32520314946795,-4.06092114319394,-4.57569516043387,-0.701154917120359,15.9821916400687,-0.0502847942959258,0.450000004566789,0.686522189136959,1,0.569260690893193,1,"PWY.8178.pentose.phosphate.pathway..non.oxidative.branch..II"
-4.32543176538214,-4.14075935822266,-4.64465401867844,-0.783164288643548,14.8548043171318,-0.0575250912964209,0.430801255065309,0.697744637238914,1,0.536526980972961,1,"PWY.5981.CDP.diacylglycerol.biosynthesis.III"
-4.29512396765038,-4.00101704383344,-4.55410401360554,-0.591784475523474,15.2889594064893,-0.0493410479118123,0.465625003123032,0.687291519492586,1,0.689995201884518,1,"PWY.7238.sucrose.biosynthesis.II"
-4.41829387019081,-4.09802519656039,-4.77562556555572,-0.650299057618007,15.4982999719265,-0.0528847009852852,0.433333339470602,0.661768046244838,1,0.544100694251562,1,"PWY.6317.D.galactose.degradation.I..Leloir.pathway."
8.05289071856837,8.43690477232565,7.61030566918758,-0.480167912805456,2.1971684517596,-0.161208433207908,0.407291675348038,0.405220443732203,1,0.336896551963291,1,"THRESYN.PWY.superpathway.of.L.threonine.biosynthesis"
-4.43177599514961,-4.11871374417116,-4.7361272540792,-0.591076983997745,15.2959985960809,-0.0414533562777472,0.443288246599232,0.657513921719235,1,0.579762522930793,1,"PWY.5941.glycogen.degradation.II"
-4.10650296776506,-3.80953756508324,-4.43537837240488,-0.980125256519834,14.8083578582712,-0.071084646011303,0.443288246599232,0.662100068857751,1,0.622319511777368,1,"PYRIDNUCSYN.PWY.NAD.de.novo.biosynthesis.I..from.aspartate."
-4.31186059175487,-4.11367484735756,-4.50343774328331,-0.864603772233433,15.6730247426816,-0.0664872685099665,0.427679507185527,0.669993338739439,1,0.552798865717238,1,"NONOXIPENT.PWY.pentose.phosphate.pathway..non.oxidative.branch..I"
6.85166676028094,6.64766380330775,6.92837866362708,-0.100750325627771,8.00951727093191,-0.0148358887953511,0.483870969198844,0.837977963977048,1,0.818414327345632,1,"HISDEG.PWY.L.histidine.degradation.I"
-3.52678496883693,-3.85054364818337,-3.0712916029853,-0.311687772438966,13.7560551311859,-0.0268670819412815,0.457856403413776,0.884858675410212,1,0.718403956488665,1,"DENOVOPURINE2.PWY.superpathway.of.purine.nucleotides.de.novo.biosynthesis.II"
7.12573747000176,7.5277471066411,6.76512161598854,-0.323601220443615,3.98757314060756,-0.0611033736586743,0.443750005151459,0.918869702317534,1,0.585614326479691,1,"ASPASN.PWY.superpathway.of.L.aspartate.and.L.asparagine.biosynthesis"
-3.51451208966925,-4.61778227808858,-1.73676847337876,0.595257832693032,13.0061140976349,0.049032343450194,0.454734655523028,0.705489959936545,1,0.645187566705928,1,"PWY.6270.isoprene.biosynthesis.I"
-3.68084681856496,-4.5931212704454,-1.72130112251631,0.738018996225148,13.1137415542398,0.0643634796948415,0.437044750829468,0.723832047752537,1,0.654750359806281,1,"PWY.7560.methylerythritol.phosphate.pathway.II"
6.36320971112835,6.2516719723831,6.39063675509345,-0.31578598959106,9.83828806651252,-0.0392315888843486,0.463541669980939,0.781014846908316,1,0.655103418862159,1,"PWY.7197.pyrimidine.deoxyribonucleotide.phosphorylation"
6.48379417447683,8.02203971970827,4.19201729512716,-3.75398354290623,6.76690778465103,-0.504589114755293,0.254166695982102,0.00870999404758489,1,0.0175115803249711,1,"PWY0.1241.ADP.L.glycero..beta..D.manno.heptose.biosynthesis"
5.96904784138539,6.81300421166483,5.39416682719321,-0.813849773514669,10.7272344514285,-0.0738347999833142,0.448491159744548,0.928896019769265,1,0.638231779456738,1,"PWY0.162.superpathway.of.pyrimidine.ribonucleotides.de.novo.biosynthesis"
6.80374756513673,8.0836664236473,6.37175559715885,-0.658674226061327,3.11983159957692,-0.15190105527072,0.374609793551463,0.507168816954037,1,0.194289929130777,1,"PWY0.1586.peptidoglycan.maturation..meso.diaminopimelate.containing."
-4.38828393731498,-4.19805682881578,-4.61634238987944,-0.559132383692032,15.1447482004321,-0.0497231568129472,0.441666672014092,0.657784516669397,1,0.613462441510943,1,"GLUTORN.PWY.L.ornithine.biosynthesis.I"
-3.59897640641218,-3.83973806727134,-3.29889751546646,-0.278626706689029,13.3916888083663,-0.0257863644001257,0.477083335409876,0.864891514464069,1,0.758704267987972,1,"PWY0.166.superpathway.of.pyrimidine.deoxyribonucleotides.de.novo.biosynthesis..E..coli."
6.73164500151982,6.52512896594845,6.8596037924866,0.381189266502173,10.8639029210176,0.0413915352348502,0.417273680931874,0.463889497739522,1,0.459864510645989,1,"PWY.6901.superpathway.of.glucose.and.xylose.degradation"
7.58229865687763,7.8649719163859,7.23836468284434,-0.526029587739405,2.6045216759455,-0.176591993453627,0.365244550052658,0.381124293513182,1,0.224098608663227,1,"RHAMCAT.PWY.L.rhamnose.degradation.I"
7.64864949408234,7.47438279174435,8.30134018475093,0.79625715466076,6.81322445901419,0.0892658201740351,0.417273680931874,0.3415629175812,1,0.435879908415828,1,"PWY66.399.gluconeogenesis.III"
-4.40129587760183,-4.23116825406156,-4.60279682420265,-0.682675949802185,15.4070125383769,-0.0549242578781832,0.426638924559293,0.629949526159472,1,0.463346212933348,1,"PWY.7237.myo...chiro..and.scyllo.inositol.degradation"
-3.54941902394468,-3.75209479307813,-3.21211500078825,-0.339353707964342,12.9253345627667,-0.0263137693756685,0.486458334558702,0.863431277053833,1,0.854261749102312,1,"PWY.7184.pyrimidine.deoxyribonucleotides.de.novo.biosynthesis.I"
-4.28795591330453,-4.13218734776017,-4.52617198845434,-0.979238163475579,15.2053765885086,-0.0799237563793813,0.446875004858539,0.691444533639567,1,0.62599826666384,1,"PWY.7357.thiamine.phosphate.formation.from.pyrithiamine.and.oxythiamine..yeast."
7.13340123245632,7.24163872898608,7.04360427718932,-0.248005094675595,15.1035546836163,-0.0159839209596158,0.478668056038686,0.886242568724302,1,0.797772396420843,1,"PWY.6168.flavin.biosynthesis.III..fungi."
7.16468425842641,7.67842361021133,7.03560345906083,-0.0375261220863408,3.53454230266673,-0.00988280484548715,0.493750000565228,0.819901020380231,1,0.862407852695876,1,"PWY.7315.dTDP.N.acetylthomosamine.biosynthesis"
-3.61927170683582,-3.80579344884323,-3.38570772791909,-0.225992276700289,13.2310035368743,-0.0145506767419455,0.481250001697808,0.893198773234113,1,0.808077698355997,1,"PWY.7187.pyrimidine.deoxyribonucleotides.de.novo.biosynthesis.II"
5.91229613236489,7.13650155205534,5.56177428385625,-1.318677343943,9.55283650380116,-0.151862618976111,0.34547348055652,0.468828766100313,1,0.169249503901633,1,"COLANSYN.PWY.colanic.acid.building.blocks.biosynthesis"
-4.3718837531207,-4.15626823424603,-4.6844031518775,-0.781001169632546,14.9656514986972,-0.0570188119922571,0.444791671720351,0.685394105939862,1,0.611708761410433,1,"PWY.6897.thiamine.diphosphate.salvage.II"
6.30110456094651,6.3890537680981,6.26677523677577,-0.106971352047768,6.48472866789482,-0.0118656256278263,0.483870969198844,0.752694889582688,1,0.896829186478492,1,"PENTOSE.P.PWY.pentose.phosphate.pathway"
6.85868347351913,7.10048697618351,6.60322680221006,-0.191090130655166,14.9724123594253,-0.0166267569997928,0.478668056038686,0.874181201482314,1,0.791442308573733,1,"PWY.5104.L.isoleucine.biosynthesis.IV"
-4.61629943148038,-4.69625363317337,-4.42323614917871,-0.199833551145539,12.9535398069196,-0.020342050581482,0.486992717095414,0.886035327195526,1,0.845132488772633,1,"PWY.6936.seleno.amino.acid.biosynthesis..plants."
-4.32869326500309,-3.97690898918754,-4.80972935560714,-0.829899010108571,13.3820659054888,-0.0600801856908072,0.471383977616648,0.73199521414066,1,0.73684649062187,1,"PWY.8187.L.arginine.degradation.XIII..reductive.Stickland.reaction."
7.93827333069438,8.02603556619213,7.63818572624926,-0.597084957796815,2.85560554493082,-0.209726480615123,0.416233098307628,0.190632972821054,1,0.340788672470666,1,"PWY.6608.guanosine.nucleotides.degradation.III"
5.72486644166237,6.30340846550448,5.41385686174523,-0.453798399550966,10.0499194626372,-0.0451939338336231,0.473465142879786,0.696276771690919,1,0.851706443386466,1,"PWY.6147.6.hydroxymethyl.dihydropterin.diphosphate.biosynthesis.I"
7.12303651289452,7.33273944217018,7.08573828950912,-0.172623950987068,14.5255758393706,-0.0127570153611566,0.478125001981784,0.861381107248244,1,0.81960309408447,1,"NONOXIPENT.PWY.pentose.phosphate.pathway..non.oxidative.branch."
7.21740570302719,7.34188147814415,6.64652033947719,-1.00132228288904,3.19027923335654,-0.296702980454115,0.352757558772707,0.183335448823263,1,0.172825854458503,1,"PWY.5659.GDP.mannose.biosynthesis"
7.23422834326596,7.25561489641764,7.22266330254555,-0.0629221493459386,14.2964531448033,-0.00490283355281104,0.489073882359951,0.834082372563477,1,0.866767100274016,1,"THISYNARA.PWY.superpathway.of.thiamin.diphosphate.biosynthesis.III..eukaryotes."
5.99339926611454,6.60566701517491,5.39631750979808,-0.954805479811652,10.0490884473134,-0.0942828837960336,0.414151933059785,0.70513354782335,1,0.357248972294288,1,"PWY.7383.anaerobic.energy.metabolism..invertebrates..cytosol."
7.06748091982428,7.1891228708523,6.96148776214354,-0.382648827367792,4.20134017128656,-0.0725287126545114,0.440166498713687,0.893844032247476,1,0.579631442736387,1,"SER.GLYSYN.PWY.superpathway.of.L.serine.and.glycine.biosynthesis.I"
6.62103772812491,7.10978852854983,5.60565168744158,-0.839743661512596,13.973507533079,-0.0661808566173835,0.436004168201702,0.669443549712469,1,0.479438389550314,1,"THISYN.PWY.superpathway.of.thiamin.diphosphate.biosynthesis.I"
6.10818548677956,7.15179940487428,6.04129717021994,-1.36610771965579,5.56973028953293,-0.197931953557716,0.355208347624151,0.104296271730321,1,0.166168368510575,1,"GLCMANNANAUT.PWY.superpathway.of.N.acetylglucosamine..N.acetylmannosamine.and.N.acetylneuraminate.degradation"
6.50145627083238,6.61214976646044,6.27965141529527,-0.330572140602525,13.6693595857075,-0.0247288282770073,0.455208337416271,0.890607783623172,1,0.7063668388589,1,"TRPSYN.PWY.L.tryptophan.biosynthesis"
6.90195959777851,7.04902101429968,6.58725253956195,-0.179687059948761,14.0847875908616,-0.0160868811790665,0.471875002551203,0.858296363940527,1,0.799822720468388,1,"PWY.4981.L.proline.biosynthesis.II..from.arginine."
2.90765832626085,4.31563041676249,2.18175203953528,-0.248796094522318,8.46613539597917,-0.0239076744350906,0.487500001130987,0.917825447610397,1,0.91809734808829,1,"PWY.5384.sucrose.degradation.IV..sucrose.phosphorylase."
-4.22076723080667,-4.08559213399592,-4.35002373568628,-0.875064543767154,14.2526483099543,-0.0695629380188117,0.428125006636243,0.610496159185533,1,0.49988853331665,1,"PWY.6823.molybdopterin.biosynthesis"
-3.72450519006819,-4.12358251428878,-3.21656301584516,-0.548507239943389,12.7701173710522,-0.044649139724965,0.441666672014092,0.888123433395254,1,0.66602179072711,1,"PWY.5154.L.arginine.biosynthesis.III..via.N.acetyl.L.citrulline."
6.78699291534958,6.02673948046056,6.94415669658591,0.745024915556826,13.8794572883576,0.0676635557727121,0.422916673806421,0.557495377846655,1,0.516089965624232,1,"PWY.7237.myo...chiro..and.scillo.inositol.degradation"
0.697516684682937,-4.05715785538359,2.02466456192532,1.85557902677193,11.3775497651646,0.173173570142287,0.441666672014092,0.473585171457601,1,0.586447776899068,1,"PWY.7328.superpathway.of.UDP.glucose.derived.O.antigen.building.blocks.biosynthesis"
6.46304049166772,6.46797961519824,6.456131088725,0.102759637822075,13.7155854187188,0.0101976940674315,0.487500001130987,0.837618535202513,1,0.890712499397335,1,"PWY.6897.thiamin.salvage.II"
6.64429438512001,7.14977106347353,5.2840953722431,-0.750837593705861,13.4480947542142,-0.0669717526573733,0.396462028491736,0.6292219319658,1,0.315311928783769,1,"PWY.6892.thiazole.biosynthesis.I..E..coli."
-4.39162486243691,-4.15441060765052,-4.6993073323928,-0.62080811155741,14.8786373757833,-0.0489882713954387,0.439125916085463,0.708506500417278,1,0.610441101834149,1,"PWY.5265.peptidoglycan.biosynthesis.II..staphylococci."
6.36600054241155,6.34968446072378,6.39683250438901,0.0682104391166334,14.1116228012651,0.00468485594834484,0.49011446499226,0.839123160368825,1,0.852655484183655,1,"PWY.7357.thiamin.formation.from.pyrithiamine.and.oxythiamine..yeast."
-3.54256711505032,-3.61093670938779,-3.48308395717107,-0.581876577022608,13.2617288729305,-0.045787574718027,0.477083335409876,0.851300703146063,1,0.784427699767622,1,"PWY66.409.superpathway.of.purine.nucleotide.salvage"
-4.59656769250486,-4.61052537352143,-4.58063776484694,-0.1353237858599,12.8212519741108,-0.0103025270834018,0.49011446499226,0.891529192804272,1,0.815046769108122,1,"PWY.5121.superpathway.of.geranylgeranyl.diphosphate.biosynthesis.II..via.MEP."
-2.02008137927309,-3.61286622615628,1.14117363683147,1.22571798967496,10.5614430117811,0.110934720612321,0.417273680931874,0.5043569615706,1,0.473425842371517,1,"PWY4FS.7.phosphatidylglycerol.biosynthesis.I..plastidic."
-2.08749942160048,-3.63356604168451,1.13327512703568,1.2322497001051,10.6552921064254,0.129744759042536,0.406250008785984,0.462332411033307,1,0.428599717803554,1,"PWY4FS.8.phosphatidylglycerol.biosynthesis.II..non.plastidic."
-3.46015958384834,-3.59330032888181,-3.19815397143792,-0.125638280998027,12.0801996808657,-0.0103918882797396,0.484911551830999,0.866518797665793,1,0.822785949932379,1,"PWY.6545.pyrimidine.deoxyribonucleotides.de.novo.biosynthesis.III"
7.01608939440228,7.2062866056791,6.09851130924981,-0.656715935689149,3.02203929360533,-0.207013872884228,0.412070767812833,0.213258272286358,1,0.400503468013654,1,"PWY.6606.guanosine.nucleotides.degradation.II"
-2.29138183437277,-3.94779852807399,5.66058370231596,0.687054744975646,13.3293050053633,0.0566394585838381,0.433333339470602,0.527200470632554,1,0.560827757009757,1,"HEXITOLDEGSUPER.PWY.superpathway.of.hexitol.degradation..bacteria."
5.22701803260264,5.30302267344595,5.18803655193059,-0.182601819678267,13.7371109687545,-0.0138910980007786,0.486458334558702,0.918400641696219,1,0.840497221620597,1,"PWY.6936.seleno.amino.acid.biosynthesis"
6.54662473337493,6.76325689251463,5.73891548387632,-0.734368449781481,2.88798874613184,-0.164206445427141,0.373569210938966,0.533005690560519,1,0.253474532177385,1,"P164.PWY.purine.nucleobases.degradation.I..anaerobic."
3.15215115656056,3.51615716549679,2.98834518094375,-0.182520560400125,11.940759673602,-0.0139589232440885,0.486458334558702,0.875059065132844,1,0.902301216444817,1,"PWY0.1297.superpathway.of.purine.deoxyribonucleosides.degradation"
-4.57005180995222,-4.60412812442068,-4.53407092651825,0.00715778111016174,13.2662361355078,0.000325361781924375,0.499479708683785,0.888743294527605,1,0.808864468507282,1,"PWY.6292.superpathway.of.L.cysteine.biosynthesis..mammalian."
6.15401461811528,6.79343725163888,5.81457215230021,-0.638594420347466,3.64788448392588,-0.0910989618257362,0.441207081342059,0.873463366332914,1,0.532505190778225,1,"PWY.7242.D.fructuronate.degradation"
3.77435995692046,3.79266346473979,3.74736141626131,-0.0885326919949261,9.51718315574417,-0.00824034162204468,0.496357960786511,0.860637491900288,1,0.88119642763695,1,"FASYN.ELONG.PWY.fatty.acid.elongation....saturated"
3.61868998418308,3.63380148023771,3.5781872818015,-0.388130504493732,9.50299466378522,-0.0362702751888835,0.48333333484205,0.865837142329854,1,0.889802648813539,1,"PWY.7664.oleate.biosynthesis.IV..anaerobic."
5.7423232935378,5.83937667397773,5.37449628035445,-0.213673475625499,4.00835775833967,-0.0315865987446668,0.475000002266226,0.760673578923764,1,0.821834286097946,1,"FERMENTATION.PWY.mixed.acid.fermentation"
4.9153515292697,3.97101495491973,5.20089194808302,0.241189102480809,13.103267395174,0.0191310418682503,0.486458334558702,0.879109321673023,1,0.922878769541542,1,"PWY.5913.TCA.cycle.VI..obligate.autotrophs."
-4.57821510149344,-4.26140870505845,-4.81083265517795,-0.665449870318957,14.5684150132589,-0.0532895703861279,0.427083340069904,0.690125033751875,1,0.592083670658221,1,"PWY.7282.4.amino.2.methyl.5.diphosphomethylpyrimidine.biosynthesis.II"
6.01772623484091,6.01772623484091,5.62542754695582,0.0771690959692934,5.77324153771485,0.00898822108294598,0.491155047624591,0.791454293405432,1,0.950439239863989,1,"PWY.621.sucrose.degradation.III..sucrose.invertase."
-3.51367809565985,-4.65352841524529,-1.68346764375024,0.949055850569591,12.3530812999654,0.0905917594281518,0.453125004276134,0.598928048594846,1,0.643715103513442,1,"POLYISOPRENSYN.PWY.polyisoprenoid.biosynthesis..E..coli."
3.39683777418794,3.40249196998741,3.37520249497418,-0.344602715836884,9.41720882363125,-0.0345433940002139,0.482291668269908,0.882938584720395,1,0.892534817857308,1,"PWY.6282.palmitoleate.biosynthesis.I..from..5Z..dodec.5.enoate."
-5.03604152806513,-5.36223265141298,-4.57441597070436,1.11151667827136,10.6692973309248,0.0958283316214948,0.428125006636243,0.632673578275342,1,0.579476240144642,1,"PWY.8004.Entner.Doudoroff.pathway.I"
-4.67521450283537,-4.70405190162947,-4.63005806704434,0.0521557808342177,13.2395494987448,0.00625652097562436,0.49583333371012,0.871877289335609,1,0.818553724543193,1,"PWY.6284.superpathway.of.unsaturated.fatty.acids.biosynthesis..E..coli."
-3.61154301170648,-4.5266046557097,-1.48641931021058,1.14268222046837,11.3827823604227,0.101541213714241,0.423958340372004,0.50413952984855,1,0.504724662952321,1,"PHOSLIPSYN.PWY.superpathway.of.phospholipid.biosynthesis.I..bacteria."
-4.66985985729803,-4.79158420616521,-4.61102405913439,-0.469431481300998,13.2618103963984,-0.0367186068237794,0.484375001414231,0.86562924407688,1,0.839236791032644,1,"PWY0.862..5Z..dodecenoate.biosynthesis.I"
-2.0866080377498,-2.43681764456444,-1.65110394964206,-0.113583580514571,12.304052026063,-0.0118058593118846,0.494791667137668,0.893482343354287,1,0.857809386803693,1,"PWY.6628.superpathway.of.L.phenylalanine.biosynthesis"
5.20091278479795,5.38007479292942,4.9774480542947,-0.802474028578207,9.10959660336001,-0.0945822631160325,0.372528628326838,0.697630469640065,1,0.254267138044547,1,"PWY.7323.superpathway.of.GDP.mannose.derived.O.antigen.building.blocks.biosynthesis"
5.9431256247968,6.09547081145587,5.89757753924556,-0.201646793355239,11.0365330024446,-0.0193039211029001,0.473465142879786,0.851897023168038,1,0.728609234599427,1,"METH.ACETATE.PWY.methanogenesis.from.acetate"
5.06413419857023,4.45535470942852,5.15994429902854,-0.384551971636642,5.56954625210685,-0.0559557635814465,0.457856403413776,0.583373122303395,1,0.617505072615994,1,"GALACTUROCAT.PWY.D.galacturonate.degradation.I"
-2.94052052114363,-2.54775800656018,-3.33190653280393,-0.790385981931016,12.5492263518851,-0.06179839536949,0.465140481828944,0.756558926070105,1,0.726972881021372,1,"PWY.6630.superpathway.of.L.tyrosine.biosynthesis"
-4.58322728802351,-4.61005597962146,-4.47357699578763,-0.109798592580703,13.1950499408284,-0.00935426303305262,0.49583333371012,0.88019239116892,1,0.832856007855497,1,"PWY.5367.petroselinate.biosynthesis"
-4.58855132684332,-4.60258687462854,-4.56119135446473,-0.170949388292582,13.1121691389154,-0.01580494551957,0.49011446499226,0.884719763399441,1,0.83139936378248,1,"PWY0.1477.ethanolamine.utilization"
-4.68728101697493,-4.65153247225078,-4.75700511178539,0.00915188325044536,13.3733127955102,0.000895427670062892,0.498439126051356,0.89116696003296,1,0.854632893951381,1,"PWY.7356.thiamine.diphosphate.salvage.IV..yeast."
-4.69404349862957,-4.69404349862957,-4.69280411684822,-0.191907572003896,12.5705017415397,-0.0211353403834592,0.488033299727669,0.886963920230545,1,0.831413143085362,1,"PWY.922.mevalonate.pathway.I..eukaryotes.and.bacteria."
-4.74154250695651,-4.796774990987,-4.70814871731757,-0.171118444760647,13.425083595064,-0.014296606700022,0.492195630256943,0.850693628718479,1,0.779085083517281,1,"PWY.6902.chitin.degradation.II..Vibrio."
-3.95458028993038,-4.44859823121503,-3.30968405873578,0.342403661942583,11.8854437052571,0.0319372811149495,0.466181064460035,0.695676887313324,1,0.700927038462567,1,"PWY0.1261.anhydromuropeptides.recycling"
3.35531313417893,3.36457376531575,3.3203810974411,-0.01253050548533,9.00631151753096,-0.00140005092224271,0.498439126051356,0.883968808940643,1,0.881544464252111,1,"PWY.5989.stearate.biosynthesis.II..bacteria.and.plants."
6.21809013491947,6.39629987706327,5.34751875772722,-0.536806177187362,3.9547450743424,-0.112637806090066,0.407291675348038,0.575366227792761,1,0.438102246398356,1,"PWY.4041..gamma..glutamyl.cycle"
5.26272827038758,5.28281357946971,5.25511636655122,0.00984181002447215,4.29113938276034,0.00188775155459237,0.496875000282581,0.499853491242663,1,0.936670755548813,1,"PWY.6549.L.glutamine.biosynthesis.III"
-4.64658191922217,-4.6272722007208,-4.6601437353315,-0.0582443315505596,12.0828573982659,-0.0029065382239042,0.49791666685505,0.873222963706486,1,0.831444259191562,1,"PWY.5910.superpathway.of.geranylgeranyldiphosphate.biosynthesis.I..via.mevalonate."
-4.6101864799598,-4.66964214302213,-4.58965178997634,-0.0813497161853318,12.490568555533,-0.00663262473041129,0.49791666685505,0.881682839186435,1,0.823490718754982,1,"PWY.6859.all.trans.farnesol.biosynthesis"
4.59247667423901,3.80381746959804,5.07608710150615,-0.236767612255802,12.5660522277968,-0.0205252860080015,0.479708638670627,0.906941458651199,1,0.900606521512871,1,"GALACT.GLUCUROCAT.PWY.superpathway.of.hexuronide.and.hexuronate.degradation"
5.11391470705078,4.80030732465605,5.1685282978806,-0.249445428038363,4.42397988444709,-0.041532390951923,0.477627473406795,0.630221617410262,1,0.762828218082651,1,"PWY.6507.4.deoxy.L.threo.hex.4.enopyranuronate.degradation"
-4.49025467071117,-5.0261543445502,-3.48849722995771,0.643333297328707,11.6731735536478,0.0599764169143228,0.441207081342059,0.499585919401256,1,0.554426372023008,1,"GLYCOLYSIS.E.D.superpathway.of.glycolysis.and.Entner.Doudoroff"
5.2349942221669,5.25820716825111,5.22694641106801,0.195552008448055,9.20905178253633,0.0274402351826021,0.468750002836782,0.342487324094349,1,0.831079245489942,1,"PWY.6353.purine.nucleotides.degradation.II..aerobic."
5.20694431055383,5.05754941335933,5.27277234945046,0.130853116142136,4.93778771015092,0.0175228410668981,0.476586890774957,0.341235412032871,1,0.861161324444472,1,"SALVADEHYPOX.PWY.adenosine.nucleotides.degradation.II"
5.36056459581267,5.00827254607878,5.45384647036019,0.353762959588584,5.28004959373006,0.0627168345133924,0.441666672014092,0.54059316619874,1,0.600537035071132,1,"PWY.241.C4.photosynthetic.carbon.assimilation.cycle..NADP.ME.type"
-4.38772001267324,-4.17278908114826,-4.66293082711465,-0.888789355904144,11.2731206006562,-0.0839258172796342,0.445369411856961,0.647079278559473,1,0.620870595741985,1,"PWY.I9.L.cysteine.biosynthesis.VI..from.L.methionine."
4.09679702419102,2.89270921414995,4.26347270455777,0.273361663103841,10.2471816403934,0.0248467741109876,0.487500001130987,0.890251640553639,1,0.851974828478226,1,"PWY.6590.superpathway.of.Clostridium.acetobutylicum.acidogenic.fermentation"
-4.67623409070288,-4.75657655065022,-4.52687954261951,0.140703299489444,12.7964489735671,0.0130500677699671,0.493236212889314,0.903374659000543,1,0.867520381352401,1,"PWY.7858..5Z..dodecenoate.biosynthesis.II"
4.75242537327905,4.27061408531105,4.91291866368251,0.625346595009726,5.42999922969318,0.0931923397261138,0.432291672903385,0.195666902375297,1,0.537088323524828,1,"PWY.6595.superpathway.of.guanosine.nucleotides.degradation..plants."
-4.38219087417157,-4.18082407395773,-4.5809726384478,-0.456745961047257,10.8979446982473,-0.0403101375784952,0.47450572551145,0.737040387268729,1,0.730915174778036,1,"THISYNARA.PWY.superpathway.of.thiamine.diphosphate.biosynthesis.III..eukaryotes."
3.54264380368539,3.53918373545692,4.04621232689038,0.371880862411266,9.1059228425738,0.0326770872761348,0.483870969198844,0.828214917599251,1,0.915980692854994,1,"PWY0.1298.superpathway.of.pyrimidine.deoxyribonucleosides.degradation"
4.77611366245332,4.05968848563458,5.09727167076176,-0.0864027313819182,12.4674989874152,-0.0071165565462654,0.492708333992804,0.906434130067517,1,0.907722375277872,1,"GLUCUROCAT.PWY.superpathway.of..beta..D.glucuronide.and.D.glucuronate.degradation"
3.90779593525632,3.90671318530583,3.91852173182737,-0.78724579045239,11.5147372181968,-0.068221920174045,0.448491159744548,0.803358119167351,1,0.688344532547676,1,"TCA.TCA.cycle.I..prokaryotic."
4.29926580246105,3.48964176077817,5.17020141222883,1.16937431182017,9.09975186786595,0.133110486675491,0.374609793551463,0.356395446201469,1,0.278078225474549,1,"PWY.7117.C4.photosynthetic.carbon.assimilation.cycle..PEPCK.type"
5.44749845161469,5.46909821305018,5.41125145170756,-0.304467185379287,12.8200563711874,-0.0257838648586794,0.465625003123032,0.856475113137608,1,0.786782674412735,1,"PWY.1269.CMP.3.deoxy.D.manno.octulosonate.biosynthesis.I"
1.45759000331187,-2.2934708242555,2.36893069802853,0.428668946771282,9.85251885872295,0.0531385974144622,0.479708638670627,0.730629931627442,1,0.846664823870314,1,"PWY.5030.L.histidine.degradation.III"
4.05663557043598,4.06703711968938,4.03526853247414,-0.513462162947226,9.30699605231641,-0.0578598394153507,0.451612907633261,0.648259963019547,1,0.648339360594928,1,"P461.PWY.hexitol.fermentation.to.lactate..formate..ethanol.and.acetate"
-4.02510006629146,-4.47501289089296,-3.24513303368438,-0.209320497468544,11.6532070479724,-0.0173932299521762,0.492195630256943,0.804058935130137,1,0.818917763307625,1,"ARGININE.SYN4.PWY.L.ornithine.de.novo..biosynthesis"
-2.10369186193557,-2.44566167143923,-1.70483364749173,-0.0568529188726687,11.4862034380785,-0.00484481571088902,0.492708333992804,0.875773753554688,1,0.883675844455265,1,"MET.SAM.PWY.superpathway.of.S.adenosyl.L.methionine.biosynthesis"
-4.10871508734554,-4.53020424491739,-3.37812273031809,0.615998029632822,10.7323609633167,0.0596111000879416,0.445369411856961,0.672309117676635,1,0.644805368764817,1,"PWY.5347.superpathway.of.L.methionine.biosynthesis..transsulfuration."
-3.76954611660059,-4.4640908280897,-2.23448858537578,0.184915202529299,11.4883349895721,0.0174727558064086,0.492195630256943,0.683842087543928,1,0.814160313663493,1,"PWY.7539.6.hydroxymethyl.dihydropterin.diphosphate.biosynthesis.III..Chlamydia."
-2.00299394633651,-2.55034193870036,-1.55687672837725,0.0659595782019791,11.4792009804608,0.00558982318782938,0.491666667420396,0.871744033909162,1,0.866747198869896,1,"METSYN.PWY.L.homoserine.and.L.methionine.biosynthesis"
3.77849640899198,2.53076907541224,3.93486631878231,0.437022883857701,9.65095997714267,0.039119534880158,0.478125001981784,0.882187183531643,1,0.840923996117849,1,"CENTFERM.PWY.pyruvate.fermentation.to.butanoate"
4.56563824549772,4.97681477986924,4.4042569010511,0.640459969519673,10.5936989809143,0.0598721633438286,0.453694072892993,0.750799302162973,1,0.767109884653906,1,"CITRULBIO.PWY.L.citrulline.biosynthesis"
-3.8909106286289,-4.35655570804562,-3.10154789463385,0.962591239088541,11.0973637477725,0.0901412976027081,0.437500005741106,0.662170843368741,1,0.639808136224299,1,"NAGLIPASYN.PWY.lipid.IVA.biosynthesis"
3.66298016502438,4.13908707489053,2.67555247361007,-1.9969448790512,7.51534762166752,-0.293223215231441,0.294484933864913,0.125194178541421,1,0.0608094813241204,1,"DAPLYSINESYN.PWY.L.lysine.biosynthesis.I"
-2.11846836247039,-4.39298020302715,3.17245108471794,2.58171180329513,9.29927410360668,0.312100068180304,0.357960471798372,0.180279012033176,1,0.219730413784585,1,"PWY.7198.pyrimidine.deoxyribonucleotides.de.novo.biosynthesis.IV"
-4.31718499326307,-4.33952913272597,-4.2556196267541,-0.491154217552975,8.99130335699189,-0.0609776342857373,0.469302812353782,0.71536852452896,1,0.692085962209023,1,"GLUDEG.I.PWY.GABA.shunt"
-5.66050373732788,-5.34510923712243,-6.009876128312,-0.774488929604748,11.5002058896459,-0.0682803605053981,0.45729167055684,0.693237864449383,1,0.675996052551723,1,"PWY.6285.superpathway.of.fatty.acids.biosynthesis..E..coli."
1.77274420620412,-3.63806760902781,4.47541068987164,1.90189451602851,9.93719658424236,0.232704436414763,0.363163384835046,0.189983592345425,1,0.237453661824253,1,"PWY.5345.superpathway.of.L.methionine.biosynthesis..by.sulfhydrylation."
2.26676213908959,2.29501287404797,2.22568191860584,-0.686391559149496,11.3451117749302,-0.0606570115750838,0.467221647091207,0.836354557540436,1,0.738359415020385,1,"PWY.5690.TCA.cycle.II..plants.and.fungi."
4.33713340667657,4.72534932309484,4.17442722133404,0.677022291923644,10.6584741052294,0.0648064613880102,0.444328829228029,0.745536599737211,1,0.751304385139107,1,"PWY.4984.urea.cycle"
-6.52875899381098,-6.70473246279642,-6.29540294858062,0.865577926549115,6.10532703478855,0.12750798862535,0.430208339769463,0.374002905571413,1,0.564634376214636,1,"PWY.7456..beta...1.4..mannan.degradation"
3.32152815080081,-2.47957332065182,3.4071117259482,0.381545580661717,11.0298931569811,0.0329864571580682,0.48541666798645,0.632553062089896,1,0.831142849243094,1,"PWY.5505.L.glutamate.and.L.glutamine.biosynthesis"
-4.73127031323924,-5.62679897177345,-3.34537527553642,1.78557737911156,10.6076811048063,0.184843929855397,0.379166678270398,0.293782777411248,1,0.316747683700012,1,"COBALSYN.PWY.adenosylcobalamin.salvage.from.cobinamide.I"
-4.030507987542,-4.33714651805422,-3.57816434511634,-0.134159336377532,10.8164649565108,-0.014501573000713,0.486992717095414,0.829706664386362,1,0.791380785579072,1,"PWY.7456.mannan.degradation"
-4.76187442517981,-4.78650847698468,-4.74098694152286,-0.0203029408140853,12.3134763498028,-0.00302860117280756,0.498958333427524,0.90876415547586,1,0.849584335627511,1,"PWY.7391.isoprene.biosynthesis.II..engineered."
-5.6541001966414,-5.25050539565109,-5.98768750969458,-0.648263586413139,11.6028566307928,-0.0575766896627179,0.460978151305436,0.702264642658798,1,0.669355960439834,1,"PWY.5971.palmitate.biosynthesis..type.II.fatty.acid.synthase."
3.419755201847,5.6696653580877,2.95787224936579,-1.76063199032325,9.20548787219404,-0.207707583247224,0.381250011379539,0.52239843048134,1,0.272822506008722,1,"FUCCAT.PWY.fucose.degradation"
-4.28757132095099,-5.09899873559441,-1.79139616046296,1.95821565666905,10.9524650763945,0.189137034143046,0.416666674417159,0.361675650781859,1,0.484199104720626,1,"PWY.6143.CMP.pseudaminate.biosynthesis"
-5.06036258661404,-5.35998582866672,-4.67284873070364,0.102047569659513,12.1181433431424,0.00955972143321783,0.4953173781541,0.758893044576775,1,0.788983326522056,1,"P161.PWY.acetylene.degradation..anaerobic."
3.19531429077112,-2.6791510022832,4.47078104403791,1.53286618416887,11.3441383921911,0.171356084804913,0.390625010386985,0.379578028162547,1,0.349468901010895,1,"PWY.5177.glutaryl.CoA.degradation"
3.30133448823156,3.82847779464395,2.9279324093335,-0.857057979935004,10.2004943731768,-0.0924484017666695,0.418750007546085,0.724171834156197,1,0.444505757738578,1,"P108.PWY.pyruvate.fermentation.to.propanoate.I"
-3.92924089402399,-4.54019587481007,-3.2147395257946,-0.445967070535765,10.5928163074488,-0.0502369312481215,0.471383977616648,0.850018084578699,1,0.808501375227863,1,"PWY.5941.glycogen.degradation.II..eukaryotic."
-2.03121280423084,-2.52661334132761,-1.46394042496157,0.114822170419443,10.5155179883253,0.0101813549340307,0.49011446499226,0.86980991915072,1,0.8658874107453,1,"HOMOSER.METSYN.PWY.L.methionine.biosynthesis.I"
-4.86528912133044,-4.95584136192513,-4.7311354894043,-0.0276272165424745,11.2174723615918,-0.00345592072972038,0.49791666685505,0.864388679500627,1,0.817297613858897,1,"GLUCUROCAT.PWY.superpathway.of..beta..D.glucuronosides.degradation"
-5.16540365748157,-5.52229900428256,-4.54605814864329,0.0722939343012472,10.7982046617568,0.00548837527863773,0.496875000282581,0.804489172427065,1,0.847028276216722,1,"PWY.5913.partial.TCA.cycle..obligate.autotrophs."
-6.38210007542142,-6.4035412057695,-6.33622072617266,0.206949820152217,6.67886609357702,0.0317644263042448,0.48595213446319,0.673776665825138,1,0.733168693515979,1,"PWY.1861.formaldehyde.assimilation.II..assimilatory.RuMP.Cycle."
-2.90557373141683,-4.56053788450065,1.26934164368694,1.55550030915178,9.22737229275245,0.185334321811816,0.401664941592339,0.350303768287351,1,0.39831393354161,1,"SULFATE.CYS.PWY.superpathway.of.sulfate.assimilation.and.cysteine.biosynthesis"
-3.97290932969877,-4.45104334057708,-3.37604731629297,0.633442679894937,10.0379110465845,0.0616434556168073,0.433333339470602,0.61692440353481,1,0.51103018355207,1,"TEICHOICACID.PWY.teichoic.acid..poly.glycerol..biosynthesis"
-4.57997176700908,-4.63296513140879,-4.46861429266206,0.0591977587286783,10.6023050291452,0.00454473265970498,0.496357960786511,0.860114030543115,1,0.853991560903151,1,"PWY.702.L.methionine.biosynthesis.II"
-4.10238258735052,-4.57793621516912,-3.46867456410516,0.368944045941489,9.56859933993469,0.0381952076322741,0.477627473406795,0.730447533749292,1,0.762652666403324,1,"P42.PWY.incomplete.reductive.TCA.cycle"
-5.12173193710705,-5.49581382364651,-4.54594218367308,0.173977855190746,10.2373952611023,0.0206367667110853,0.490625000848008,0.845141693377699,1,0.824934960732748,1,"PWY.6969.TCA.cycle.V..2.oxoglutarate.synthase."
-1.93801940603373,-4.13587526585305,1.13326278019654,0.774740035255114,9.79438055874581,0.0760144687924376,0.467708336265454,0.601589046689291,1,0.729761962429643,1,"PWY.6731.starch.degradation.III"
-4.75584423266865,-3.98506560143469,-5.39291236318629,-1.27678974373967,11.3200343944897,-0.112878929509864,0.430801255065309,0.504585911677787,1,0.513667535021813,1,"PWY.6305.superpathway.of.putrescine.biosynthesis"
-4.38345354222665,-4.49579887032812,-4.29577470212206,-0.71245014234949,9.03463533415613,-0.0673709723335285,0.463541669980939,0.776445809625304,1,0.758830438091442,1,"PWY.5022.4.aminobutanoate.degradation.V"
-4.80816257917738,-4.94294830213996,-4.55441814023764,-0.0859174739534838,10.9015850660877,-0.00776942011918428,0.4953173781541,0.872487291261415,1,0.846055746958822,1,"PWY.7761.NAD.salvage.pathway.II..PNC.IV.cycle."
-5.13079552615041,-4.8250750020346,-5.48833728603726,-0.771905781607443,11.1288032886874,-0.0681798180723592,0.458896986044232,0.669450241568439,1,0.716870071109581,1,"PWY1ZNC.1.assimilatory.sulfate.reduction.IV"
-3.47133888868943,-2.88800847400803,-3.9242462094171,-0.667359922719927,10.4500703656336,-0.0600771112381175,0.473465142879786,0.727034046644739,1,0.773828648127042,1,"PWY.5676.acetyl.CoA.fermentation.to.butanoate.II"
-3.49565633829676,-3.65431321588579,-3.30312843898036,-0.120007607897369,9.28025041167858,-0.0135819842985837,0.4942767955217,0.861092451454739,1,0.860923183227413,1,"BIOTIN.BIOSYNTHESIS.PWY.biotin.biosynthesis.I"
-4.74962329718181,-4.56819420931413,-4.92092791813119,-1.14034476376477,10.7427585707963,-0.103033677253633,0.443750005151459,0.64507961764694,1,0.624567515861938,1,"PWY.6305.putrescine.biosynthesis.IV"
-4.49503783116445,-5.29503512220931,-3.24674775625093,0.805810983708566,9.57731109946485,0.10163449982313,0.446875004858539,0.511808960643683,1,0.648571093897274,1,"PWY.6749.CMP.legionaminate.biosynthesis.I"
-4.51085315478637,-4.6295728236647,-4.40039748645085,-0.688857212452316,9.47563587826062,-0.0742531686793868,0.458896986044232,0.826472249039497,1,0.717953703980636,1,"PWY0.1479.tRNA.processing"
-4.88768671959011,-5.13011524758728,-4.45639985030484,0.417235122218752,9.28818112270558,0.0459070922586599,0.469791669408184,0.708696425114535,1,0.744666013055051,1,"ARG.POLYAMINE.SYN.superpathway.of.arginine.and.polyamine.biosynthesis"
-4.0308233058704,-4.54363147720547,-3.25812449604737,0.414797427930071,9.37719235909813,0.0561668486836774,0.458896986044232,0.701678762881079,1,0.678425436415003,1,"FAO.PWY.fatty.acid..beta..oxidation.I"
-2.05506814608192,-2.45603005311612,-1.59729803250821,0.434528083199734,8.84959405840866,0.04658385188571,0.456250003986502,0.825958876565378,1,0.679975185364765,1,"P562.PWY.myo.inositol.degradation.I"
-3.51018382233927,-3.64583138014618,-3.38724432733538,-0.233934238504363,8.87690383765825,-0.0250907508794457,0.483870969198844,0.865193072395656,1,0.871398476099636,1,"PWY.6519.8.amino.7.oxononanoate.biosynthesis.I"
-3.19394911610954,-4.74707959745617,1.38575232139046,1.0628132362296,10.35317847689,0.125549977026522,0.448958337997247,0.440551492908325,1,0.592127389513988,1,"PWY4LZ.257.superpathway.of.fermentation..Chlamydomonas.reinhardtii."
-5.49826141487813,-5.62115275910853,-5.33221242617543,0.57379630106791,8.97975796208229,0.0723203450723917,0.459375003697822,0.66203277044209,1,0.691846541525003,1,"P441.PWY.superpathway.of.N.acetylneuraminate.degradation"
-4.32437391176848,-4.26031488526542,-4.4218383229561,-0.372731663235312,9.36914487468561,-0.0413836906870104,0.478668056038686,0.848787413202896,1,0.811751659790465,1,"PWYG.321.mycolate.biosynthesis"
-4.06857680760415,-4.61424256275062,-3.39309030468816,0.452411786451049,9.59376491903508,0.0470473820876224,0.458333337127281,0.707318836442146,1,0.709362641680092,1,"PWY.5136.fatty.acid..beta..oxidation.II..peroxisome."
-5.99501262671163,-5.59324970525325,-6.32264947325901,-0.707052377415945,8.63651847288969,-0.0849444395084454,0.451612907633261,0.653478063756234,1,0.610526829005975,1,"PWY.6629.superpathway.of.L.tryptophan.biosynthesis"
-5.12454683761932,-5.49341697896919,-4.43112457141187,0.7836949846995,7.68445188945332,0.102208465328021,0.446875004858539,0.510269353698804,1,0.587803098106603,1,"GLUCOSE1PMETAB.PWY.glucose.and.glucose.1.phosphate.degradation"
-6.54055559258119,-6.86021629728874,-6.19256069679555,1.20783395430005,6.22943499710145,0.170928443916496,0.423958340372004,0.325951323650561,1,0.49817650914589,1,"PWY.6471.peptidoglycan.biosynthesis.IV..Enterococcus.faecium."
-5.0541641162338,-5.29909985342476,-4.7962918450995,0.325936040407903,10.7547242563332,0.0387383725438796,0.47450572551145,0.815138690591447,1,0.825433162265949,1,"PWY0.301.L.ascorbate.degradation.I..bacterial..anaerobic."
-6.56079116804282,-6.48041880782857,-6.63363893064539,0.0225478060597757,6.27783041498857,0.00377937119527381,0.49739854341893,0.790267348959387,1,0.771931281313303,1,"PWY.6969.TCA.cycle.V..2.oxoglutarate.erredoxin.oxidoreductase."
-5.18822105653634,-4.97631823098068,-5.42231595345304,-0.389577400092048,10.5854700112985,-0.0465856833604871,0.471875002551203,0.695261341791866,1,0.711808205627454,1,"SO4ASSIM.PWY.assimilatory.sulfate.reduction.I"
-4.4755882914272,-4.478958034349,-4.47118466818763,0.175379811211899,9.0612839416063,0.0209545252011966,0.493236212889314,0.850329733942715,1,0.876587465072683,1,"PWY0.862..5Z..dodec.5.enoate.biosynthesis"
-5.67637600044996,-6.07219040768501,-5.2298864105239,0.500297409920072,11.9634004984744,0.0430000355067035,0.465140481828944,0.835436773057923,1,0.772656036049313,1,"PWY.7316.dTDP.N.acetylviosamine.biosynthesis"
-4.91929972516521,-5.89385739660321,-3.29749646124506,2.25583164878249,8.80870706301404,0.254731513490521,0.393750010061731,0.341260659968544,1,0.359631011902792,1,"SO4ASSIM.PWY.sulfate.reduction.I..assimilatory."
-6.73253506090149,-6.48477736365955,-6.90624987262768,-0.515851425949167,5.67802854111241,-0.0870735971100461,0.463059316567013,0.603804477224528,1,0.640900719827176,1,"ARGININE.SYN4.PWY.L.ornithine.biosynthesis.II"
-5.97917676785882,-5.69758723146683,-6.24978185340062,-0.412537971717171,7.42468362257042,-0.0557271376816031,0.473958335694489,0.709534915903669,1,0.681899979770177,1,"GOLPDLCAT.PWY.superpathway.of.glycerol.degradation.to.1.3.propanediol"
-3.62611500865745,-2.77804987456977,-4.42200758966394,-0.776018459933359,10.085557223924,-0.081814570042488,0.467221647091207,0.571976679304736,1,0.699804868083036,1,"FUC.RHAMCAT.PWY.superpathway.of.fucose.and.rhamnose.degradation"
-6.39726218775377,-6.09581247450266,-6.6562722523718,-0.583932253112248,6.74469956654591,-0.07134113412593,0.464583336551943,0.69467948413424,1,0.655944419072422,1,"PWY.7332.superpathway.of.UDP.N.acetylglucosamine.derived.O.antigen.building.blocks.biosynthesis"
-3.57346305250214,-4.62819925614052,-1.63355460533752,0.541901280401567,9.06940378145827,0.0598762122552208,0.453694072892993,0.556909147786642,1,0.636598314323438,1,"POLYAMSYN.PWY.superpathway.of.polyamine.biosynthesis.I"
-5.21566070763842,-5.19934977160773,-5.23786883242112,0.0220434781427468,8.62422737900657,0.00323802920864255,0.49791666685505,0.856540221415318,1,0.833248071287519,1,"PWY.1861.formaldehyde.assimilation.II..RuMP.Cycle."
-3.93176310044938,-3.5113798791383,-4.47580846181348,-0.826423427159331,9.05910764503004,-0.086029162897415,0.448491159744548,0.681646187882761,1,0.641749841117342,1,"PWY.7388.octanoyl..acyl.carrier.protein..biosynthesis..mitochondria..yeast."
-4.52154231067322,-4.48270809248955,-4.55680733937094,0.281400447301111,9.05761082200425,0.0297243847480123,0.480208335125752,0.842085275980856,1,0.847002113664863,1,"FASYN.INITIAL.PWY.superpathway.of.fatty.acid.biosynthesis.initiation..E..coli."
-6.34449965965971,-6.35285383418846,-6.3349234701928,0.170391264622985,7.59928066332835,0.0206212032158204,0.486458334558702,0.840805931005834,1,0.796313541043154,1,"PWY0.1061.superpathway.of.L.alanine.biosynthesis"
-4.65058451222288,-4.48292954522999,-4.86941758414589,0.252986016031809,8.945931984594,0.0293592021296887,0.487500001130987,0.82682992376319,1,0.833472410560175,1,"PWY.5005.biotin.biosynthesis.II"
-6.48004984912413,-6.10568791147426,-6.87671625589144,-0.967800299408505,5.82670677345857,-0.151360899401301,0.420395428805878,0.551210855303399,1,0.523401584229025,1,"PWY.5136.fatty.acid..beta..oxidation.II..plant.peroxisome."
-6.3504813665387,-6.43034535390154,-6.23997432314522,0.278043315447738,6.63360746624784,0.0303533608824314,0.482830386566727,0.643705046897023,1,0.734571259729917,1,"PRPP.PWY.superpathway.of.histidine..purine..and.pyrimidine.biosynthesis"
-5.92893806090867,-5.57110447872992,-6.30648677180249,-0.775974182704145,7.70954514341961,-0.092128444841023,0.451612907633261,0.668107117077177,1,0.60948733137634,1,"ARGORNPROST.PWY.arginine..ornithine.and.proline.interconversion"
-5.91084384243908,-6.445040644216,-5.18445287707644,1.5612089169514,7.14413145457068,0.21328535670057,0.392299698016289,0.28828598859083,1,0.343896075770747,1,"PWY.821.superpathway.of.sulfur.amino.acid.biosynthesis..Saccharomyces.cerevisiae."
-5.53594963083997,-6.13624537534435,-4.44219532728314,1.89152615523939,8.40204721340683,0.247078470291426,0.392708343503186,0.301081192099837,1,0.383770008778485,1,"PWY.6607.guanosine.nucleotides.degradation.I"
-5.55277077057026,-5.82605578345117,-5.22559798159227,0.64698501648202,7.7159283387606,0.0752547899821652,0.460416670268461,0.716215085337991,1,0.702613282673803,1,"PPGPPMET.PWY.ppGpp.biosynthesis"
-6.86986328478045,-6.77578406729706,-6.97406596748735,0.125633557276166,5.61535617566148,0.0185438669966917,0.490625000848008,0.629572930917499,1,0.750262816083136,1,"COBALSYN.PWY.superpathway.of.adenosylcobalamin.salvage.from.cobinamide.I"
-5.89235688184571,-6.05002185657005,-5.67651978299254,0.497702023583928,7.50334284641966,0.0582111656445489,0.465140481828944,0.638117498356764,1,0.680206257071953,1,"PWY0.781.aspartate.superpathway"
-5.48872817763275,-6.10589979778253,-4.48965278888701,1.74722875222994,7.68443870706059,0.241074221322928,0.412070767812833,0.372840582054908,1,0.427376523161486,1,"HEME.BIOSYNTHESIS.II.heme.biosynthesis.I..aerobic."
-5.85777405967683,-5.94458466531963,-5.76464506197811,0.0965372621434684,7.2975396544015,0.0173371883226948,0.489073882359951,0.713086877990957,1,0.748810393133313,1,"P4.PWY.superpathway.of.L.lysine..L.threonine.and.L.methionine.biosynthesis.I"
-6.06278078353089,-6.28693191073478,-5.79060415198985,0.921260480219862,7.65528529097343,0.1127149462041,0.437500005741106,0.482009871162291,1,0.583064668406916,1,"PWY.6895.superpathway.of.thiamin.diphosphate.biosynthesis.II"
-5.37690101980825,-5.60883596526419,-5.10643341360502,0.454715352301063,7.83451253825754,0.0617161827455977,0.464099899197936,0.668565385768472,1,0.690344804507971,1,"GALACTARDEG.PWY.D.galactarate.degradation.I"
-5.45955191349212,-5.66198854900221,-5.2162502737576,0.461082443398588,7.67248441991403,0.0577108252709503,0.464099899197936,0.706354212682445,1,0.708065386228953,1,"GLUCARGALACTSUPER.PWY.superpathway.of.D.glucarate.and.D.galactarate.degradation"
-6.34665413661587,-6.47027084817896,-6.24424064126652,0.490780255813228,6.50852241742924,0.0722566206736925,0.457856403413776,0.632992195058474,1,0.695530526889049,1,"PWY.7115.C4.photosynthetic.carbon.assimilation.cycle..NAD.ME.type"
-6.33036764819923,-6.05224766049165,-6.65238409519703,-0.9079470737472,6.5665440095238,-0.123250608740114,0.430208339769463,0.559568132285178,1,0.611547310122486,1,"PWY.7211.superpathway.of.pyrimidine.deoxyribonucleotides.de.novo.biosynthesis"
-5.90169791628385,-6.00042984715541,-5.7555162536083,0.484275736196435,7.14277678484052,0.0711141404028175,0.466666669694203,0.628505475667456,1,0.67402069798954,1,"GLUCARDEG.PWY.D.glucarate.degradation.I"
-6.66117999563098,-6.14633343208624,-7.02452080762936,-1.052615152607,5.80364157725392,-0.15255582423444,0.422916673806421,0.499753056078407,1,0.482844228597068,0.995274306013585,"HEMESYN2.PWY.heme.b.biosynthesis.II..oxygen.independent."
-6.76192913495903,-6.56628081168139,-6.98177007479403,-0.415650025596877,5.60041958903063,-0.0603673409904269,0.472916669122814,0.624729576811514,1,0.671045394818154,1,"PWY.7345.superpathway.of.anaerobic.sucrose.degradation"
-5.84498218529018,-6.08149213137638,-5.52637333328528,1.07863460865668,7.8552096009052,0.13796179325162,0.4395833388773,0.536179649606654,1,0.610664361046407,1,"PWY.6588.pyruvate.fermentation.to.acetone"
-6.80297333567942,-6.80855573437604,-6.80021895069514,0.274684621008491,5.59533691480769,0.040543978860534,0.482291668269908,0.557209818689507,1,0.702404460668314,1,"PWY.5897.superpathway.of.menaquinol.11.biosynthesis"
-6.78724715317116,-6.86121942681216,-6.70969440682681,0.47383743379194,5.5031967368541,0.0756838642300801,0.460416670268461,0.543566357277871,1,0.70257499614569,1,"PWY.5898.superpathway.of.menaquinol.12.biosynthesis"
-6.60288079007329,-6.44737447319332,-6.77218710903362,-0.170299999611008,6.08921113827865,-0.0255110755124443,0.487500001130987,0.825650062328131,1,0.740988526275786,1,"PWY.6263.superpathway.of.menaquinol.8.biosynthesis.II"
-6.42903515789884,-6.56370255331375,-6.28931203974383,0.674127885892922,6.71264224592047,0.103253050008104,0.45265349026307,0.549618959390723,1,0.62335995127873,0.99832540458766,"PWY.7254.TCA.cycle.VII..acetate.producers."
-6.39096395799515,-6.11474139762012,-6.64974601568934,-0.752017429193247,6.79086051555081,-0.0934438478117064,0.448491159744548,0.563253549251308,1,0.575546561849032,1,"PWY.7210.pyrimidine.deoxyribonucleotides.biosynthesis.from.CTP"
-4.83848208481636,-5.63031689672718,-3.28354119773582,1.90767145456381,7.71168338705511,0.244387071519812,0.400624358971678,0.331568004554119,1,0.381934227970946,1,"HEMESYN2.PWY.heme.biosynthesis.II..anaerobic."
-5.91883280720986,-6.27758736315124,-5.57512032567406,0.974197174609336,8.39335344307081,0.105913336613384,0.447916671427829,0.520698388993722,1,0.592314124363631,1,"P161.PWY.acetylene.degradation"
-6.1278991891865,-5.9226026399962,-6.35098212191265,-0.463845218807212,7.55103386244978,-0.0492196679162311,0.471383977616648,0.77734725884045,1,0.673804665738014,1,"POLYAMINSYN3.PWY.superpathway.of.polyamine.biosynthesis.II"
-5.95594947326308,-5.64630335354857,-6.26692955525588,-0.765397220758308,7.60496523899089,-0.0900826960389042,0.448491159744548,0.686575319969919,1,0.636363604219812,1,"PWY.5189.tetrapyrrole.biosynthesis.II..from.glycine."
-5.58665247149673,-6.23249245668587,-4.56027978881888,2.06071524680188,7.41535922112621,0.291535487301565,0.364203967443647,0.276850320220943,1,0.268683025753427,0.998892120034269,"PWY.5083.NAD.NADH.phosphorylation.and.dephosphorylation"
-6.42082897915027,-6.5217559265685,-6.26332411537762,0.730316984013223,6.83008723797215,0.101800732921178,0.444328829228029,0.603569092768666,1,0.679987329279075,1,"PWY.7385.1.3.propanediol.biosynthesis..engineered."
-5.13475864437693,-5.16864573631512,-5.08826425424474,0.119860503388003,7.55248578411776,0.0164972973569188,0.488033299727669,0.790675181532709,1,0.81773087121404,1,"PWY.5675.nitrate.reduction.V..assimilatory."
-6.22951495442326,-6.13102365688558,-6.35290980559228,-0.332586062334535,7.33640741639422,-0.0453830403430516,0.477083335409876,0.793662395325784,1,0.721095244899355,1,"PWY.5918.superpathay.of.heme.biosynthesis.from.glutamate"
-5.47970766632477,-5.13010962456754,-5.84762177493594,-0.405199595106234,7.56557607120576,-0.0462735062782692,0.463059316567013,0.726699782805079,1,0.678853077372895,1,"GLYOXYLATE.BYPASS.glyoxylate.cycle"
-6.62386189200418,-6.13430622948116,-7.00404860079039,-1.17153737333155,6.24227125462525,-0.158451455574744,0.422476594056236,0.405841377588936,1,0.431901477541964,1,"GLYCOLYSIS.TCA.GLYOX.BYPASS.superpathway.of.glycolysis..pyruvate.dehydrogenase..TCA..and.glyoxylate.bypass"
-6.61863779482961,-6.13451142963703,-6.97043465731856,-1.05843139322263,6.25614450116123,-0.163851503116463,0.416666674417159,0.445131467997,1,0.496631330664231,1,"PWY66.398.TCA.cycle.III..animals."
-5.87882856594584,-6.35970620769507,-5.27131301833984,1.52375372963328,6.61916775140318,0.209667688132623,0.39854319373116,0.31600979351432,1,0.389748697757383,1,"PWY.2723.trehalose.degradation.V"
-6.33870135177853,-6.39064045315413,-6.28526856279874,0.4588877481212,6.64804796584165,0.057509294553627,0.464583336551943,0.649671457988078,1,0.716179501276859,1,"ALLANTOINDEG.PWY.superpathway.of.allantoin.degradation.in.yeast"
-6.41183564623726,-6.08710512052023,-6.67007839427443,-0.453252513887758,6.49413526184409,-0.0651921019869156,0.461458336839195,0.668731479698269,1,0.65347879348863,1,"PWY.6803.phosphatidylcholine.acyl.editing"
-6.5305430362935,-6.60959697776419,-6.43434094187069,0.270109407113404,6.27982124230048,0.0397136510853733,0.476041668838023,0.695283817216926,1,0.722454321792132,1,"PWY.7013.L.1.2.propanediol.degradation"
-6.75454154296471,-6.49673793599068,-6.9991325653792,-0.603977321754561,5.49431962715806,-0.100248310677817,0.454734655523028,0.638236169016243,1,0.64759113801213,1,"PWY.5497.purine.nucleobases.degradation.II..anaerobic."
-6.57426319564309,-6.4941469903165,-6.65089150068824,-0.0246008718049726,6.14912383506489,-0.00290405156768665,0.498439126051356,0.766700633162031,1,0.770181086967419,1,"CRNFORCAT.PWY.creatinine.degradation.I"
-6.13478470765286,-6.41197815541075,-5.81752170288159,1.04637630119631,6.87672428176406,0.150456223733758,0.429760672438538,0.453852782237466,1,0.551273018546446,1,"PWY.6891.thiazole.biosynthesis.II..Bacillus."
-6.60225178278367,-6.54919835856358,-6.64968770864012,-0.105194029171916,6.00886992764594,-0.012675405708385,0.493750000565228,0.779036617208504,1,0.798180542378242,1,"PWY.5656.mannosylglycerate.biosynthesis.I"
-6.5681779163232,-6.19873319889017,-6.93492272465457,-0.778033696073967,5.96826159461823,-0.119274851976865,0.442708338582705,0.570613295403577,1,0.553245476709446,1,"PWY.7688.dTDP..alpha..D.ravidosamine.and.dTDP.4.acetyl..alpha..D.ravidosamine.biosynthesis"
-6.70514238074335,-6.19393687238038,-7.2153170572805,-1.2364746198157,5.87014738343811,-0.195385205978637,0.405208342224178,0.430212492794552,1,0.459849587439336,1,"TCA.GLYOX.BYPASS.superpathway.of.glyoxylate.bypass.and.TCA"
-6.72866926538916,-6.80387969739198,-6.67691792318426,0.456882613550667,5.35888437408192,0.0796775250165787,0.454734655523028,0.532308753968048,1,0.629013020439121,1,"PWY.5173.superpathway.of.acetyl.CoA.biosynthesis"
-6.75148199886508,-6.74499993745811,-6.7716729894252,0.109229253387063,5.7229948677602,0.0164398431208537,0.491666667420396,0.603239896438318,1,0.718881194129873,1,"PWY.7312.dTDP.D..beta..fucofuranose.biosynthesis"
-6.38257370964843,-6.46078629829853,-6.29196528186106,0.517064661102415,6.39035411412963,0.0837827502077765,0.456250003986502,0.599810548023797,1,0.671060759339529,1,"PWY.6531.mannitol.cycle"
-6.58790807480245,-6.70957593926171,-6.47083391015725,0.428408432455807,5.51617779131696,0.0668427419084156,0.459375003697822,0.571605779993726,1,0.660567676157677,1,"PWY.4702.phytate.degradation.I"
-6.39052130080401,-6.20242121993749,-6.62434279126473,-0.384093755947465,6.82698134666676,-0.0600728687890558,0.471383977616648,0.679068904660115,1,0.654973303700899,1,"PWY.5088.L.glutamate.degradation.VIII..to.propanoate."
-6.76603930502471,-6.44594454496383,-7.04617330128348,-0.649230317701083,5.56422972853183,-0.105525824764356,0.452083337706235,0.641637751067575,1,0.621555739615794,1,"P105.PWY.TCA.cycle.IV..2.oxoglutarate.decarboxylase."
-6.77730162374702,-6.77730162374702,-6.7807042498194,0.413712377723924,5.43683236994641,0.0620307637022163,0.47034339498518,0.563724402839868,1,0.702737914219552,1,"PWY.5837.2.carboxy.1.4.naphthoquinol.biosynthesis"
-6.34465871312285,-6.44052996490679,-6.17426848359121,0.60828277901727,6.45534122073959,0.0809045302970429,0.459375003697822,0.555454674915579,1,0.644435960294346,1,"GALACTITOLCAT.PWY.galactitol.degradation"
-6.35099669842973,-6.34526172603935,-6.35477451589331,0.419566883206666,6.1396168331301,0.0676707506368051,0.47034339498518,0.703632979960922,1,0.745373396960471,1,"PWY.6953.dTDP.3.acetamido.3.6.dideoxy..alpha..D.galactose.biosynthesis"
-6.78164247053098,-6.54499850647604,-6.95969611539319,-0.424947875165376,5.65885829433357,-0.0614579760943277,0.464099899197936,0.63986270248765,1,0.674641880134993,1,"PWY.7396.butanol.and.isobutanol.biosynthesis..engineered."
-6.82823643060929,-6.53799189122909,-7.06980762230289,-0.593823461978467,5.49189191941042,-0.0949186190694146,0.458333337127281,0.612747642684558,1,0.605622830120735,1,"PWY66.430.myristate.biosynthesis..mitochondria."
-6.76109213265292,-6.7594036135584,-6.76513725047618,0.222732617434602,5.63656408079737,0.0301280566577778,0.484375001414231,0.594620404639134,1,0.698503325923675,1,"PWY3O.4107.NAD.salvage.pathway.V..PNC.V.cycle."
-6.81996424456485,-6.84589964451789,-6.78690203758553,0.352693808045243,5.38948505802846,0.0534848416992463,0.47450572551145,0.571561370918383,1,0.69401968772014,1,"PYRIDNUCSAL.PWY.NAD.salvage.pathway.I..PNC.VI.cycle."
-6.81241458108053,-6.49712954233188,-7.14957312154176,-0.712334557693854,5.61386670562702,-0.114507826258924,0.448491159744548,0.609785370981822,1,0.595068546280473,1,"PWY.561.superpathway.of.glyoxylate.cycle.and.fatty.acid.degradation"
-6.82988107793416,-6.57884860657433,-7.03979526682976,-0.470174200431174,5.73197697588669,-0.0625962020051787,0.463541669980939,0.62989237593379,1,0.663887131818383,1,"UDPNACETYLGALSYN.PWY.UDP.N.acetyl.D.glucosamine.biosynthesis.II"
-6.87620148712601,-6.9045277835624,-6.83255357665646,0.490445918412275,5.69718287395397,0.0756215061540415,0.460416670268461,0.601403473649853,1,0.673058066586152,1,"PROPFERM.PWY.L.alanine.fermentation.to.propanoate.and.acetate"
-6.73339622785828,-6.75586237200283,-6.7106866083114,0.270881364700545,5.28700492794989,0.0434489536957477,0.476586890774957,0.630983076053791,1,0.665145992654784,1,"NAD.BIOSYNTHESIS.II.NAD.salvage.pathway.II"
-6.7704891939435,-6.53178876478967,-7.09764878762283,-0.543791249714443,5.33769391730226,-0.0834040168844466,0.45729167055684,0.638241297921498,1,0.629910500797364,1,"PWY.7046.4.coumarate.degradation..anaerobic."
-6.75016181673713,-6.45482805156956,-6.96562184547101,-0.533655674193974,5.46572083697215,-0.087438981136399,0.458333337127281,0.681245687541784,1,0.660863711045165,1,"PROTOCATECHUATE.ORTHO.CLEAVAGE.PWY.protocatechuate.degradation.II..ortho.cleavage.pathway."
-6.69908945200458,-6.4445625747647,-6.9499365264427,-0.35286158438206,5.83462236501517,-0.0546201293311257,0.473465142879786,0.691651345109875,1,0.662714576929344,1,"P125.PWY.superpathway.of..R.R..butanediol.biosynthesis"
-6.56353959333374,-6.15554865135966,-6.86501059409522,-1.01121310554407,5.68018909199322,-0.162122814865682,0.422916673806421,0.52445250120571,1,0.512964651762304,0.994798713171087,"P621.PWY.nylon.6.oligomer.degradation"
-6.67716497305746,-6.75847887372672,-6.58602049837039,0.661760474685318,5.63813484731325,0.10993535695437,0.452083337706235,0.591541435204351,1,0.671146555423726,1,"PWY3DJ.35471.L.ascorbate.biosynthesis.IV"
-6.725700872159,-6.34710476383438,-6.9927473233156,-0.687822656301889,5.5792939429045,-0.104789732086619,0.454734655523028,0.609761438977598,1,0.595783746684033,1,"PWY.4722.creatinine.degradation.II"
